forecast_origin,target_timestamp,turbine_id,horizon,predicted_power,actual_power,error,baseline_power,wind_speed,temperature,lower_power,upper_power,in_evaluation_period,weather_source,weather_lead_hours,weather_availability_bound,history_latest_timestamp,history_age_hours,model_trained_until,history_cutoff,history_features_available
2025-12-31T19:00:00+00:00,2025-12-31T19:00:00+00:00,turbine_1,1,0.2249816388331528,0.015,0.2099816388331528,0.01,1.75,3.7,0.0,0.7357485280344312,True,open_meteo_previous_runs,72,2025-12-29T07:00:00+00:00,2025-12-31T18:00:00+00:00,0.0,2025-11-30T19:00:00+00:00,2025-12-31T19:00:00+00:00,25
2025-12-31T19:00:00+00:00,2025-12-31T20:00:00+00:00,turbine_1,2,0.2249816388331528,0.16,0.0649816388331528,0.01,2.11,3.7,0.0,0.7357485280344312,True,open_meteo_previous_runs,72,2025-12-29T08:00:00+00:00,2025-12-31T18:00:00+00:00,0.0,2025-11-30T19:00:00+00:00,2025-12-31T19:00:00+00:00,25
2025-12-31T19:00:00+00:00,2025-12-31T21:00:00+00:00,turbine_1,3,0.21911860584893322,0.6366666666666667,-0.4175480608177335,0.01,3.52,3.0,0.0,0.7298854950502116,True,open_meteo_previous_runs,72,2025-12-29T09:00:00+00:00,2025-12-31T18:00:00+00:00,0.0,2025-11-30T19:00:00+00:00,2025-12-31T19:00:00+00:00,25
2025-12-31T19:00:00+00:00,2025-12-31T22:00:00+00:00,turbine_1,4,0.22980012038567194,0.9883333333333332,-0.7585332129476612,0.01,2.2,2.2,0.0,0.7405670095869503,True,open_meteo_previous_runs,72,2025-12-29T10:00:00+00:00,2025-12-31T18:00:00+00:00,0.0,2025-11-30T19:00:00+00:00,2025-12-31T19:00:00+00:00,25
2025-12-31T19:00:00+00:00,2025-12-31T23:00:00+00:00,turbine_1,5,0.22393464557049422,0.99,-0.7660653544295057,0.01,2.98,2.6,0.0,0.7347015347717727,True,open_meteo_previous_runs,72,2025-12-29T11:00:00+00:00,2025-12-31T18:00:00+00:00,0.0,2025-11-30T19:00:00+00:00,2025-12-31T19:00:00+00:00,25
2025-12-31T19:00:00+00:00,2026-01-01T00:00:00+00:00,turbine_1,6,0.22457377862524935,0.9883333333333332,-0.7637595547080838,0.01,1.43,2.0,0.0,0.7353406678265277,True,open_meteo_previous_runs,72,2025-12-29T12:00:00+00:00,2025-12-31T18:00:00+00:00,0.0,2025-11-30T19:00:00+00:00,2025-12-31T19:00:00+00:00,25
2025-12-31T19:00:00+00:00,2026-01-01T01:00:00+00:00,turbine_1,7,0.19593670340824157,0.9566666666666668,-0.7607299632584252,0.01,0.98,1.6,0.0,0.70670359260952,True,open_meteo_previous_runs,72,2025-12-29T13:00:00+00:00,2025-12-31T18:00:00+00:00,0.0,2025-11-30T19:00:00+00:00,2025-12-31T19:00:00+00:00,25
2025-12-31T19:00:00+00:00,2026-01-01T02:00:00+00:00,turbine_1,8,0.19471891947635225,0.8266666666666667,-0.6319477471903144,0.01,0.5,1.6,0.0,0.7054858086776307,True,open_meteo_previous_runs,72,2025-12-29T14:00:00+00:00,2025-12-31T18:00:00+00:00,0.0,2025-11-30T19:00:00+00:00,2025-12-31T19:00:00+00:00,25
2025-12-31T19:00:00+00:00,2026-01-01T03:00:00+00:00,turbine_1,9,0.20577545800343156,0.5716666666666667,-0.3658912086632351,0.01,0.36,0.6,0.0,0.71654234720471,True,open_meteo_previous_runs,72,2025-12-29T15:00:00+00:00,2025-12-31T18:00:00+00:00,0.0,2025-11-30T19:00:00+00:00,2025-12-31T19:00:00+00:00,25
2025-12-31T19:00:00+00:00,2026-01-01T04:00:00+00:00,turbine_1,10,0.19875309138185246,0.4083333333333334,-0.20958024195148092,0.01,0.81,0.8,0.0,0.7095199805831309,True,open_meteo_previous_runs,72,2025-12-29T16:00:00+00:00,2025-12-31T18:00:00+00:00,0.0,2025-11-30T19:00:00+00:00,2025-12-31T19:00:00+00:00,25
2025-12-31T19:00:00+00:00,2026-01-01T05:00:00+00:00,turbine_1,11,0.20629285412853957,0.3366666666666666,-0.13037381253812705,0.01,1.12,1.2,0.0,0.717059743329818,True,open_meteo_previous_runs,72,2025-12-29T17:00:00+00:00,2025-12-31T18:00:00+00:00,0.0,2025-11-30T19:00:00+00:00,2025-12-31T19:00:00+00:00,25
2025-12-31T19:00:00+00:00,2026-01-01T06:00:00+00:00,turbine_1,12,0.3172122723823282,0.115,0.2022122723823282,0.01,5.37,2.0,0.0,0.8279791615836066,True,open_meteo_previous_runs,72,2025-12-29T18:00:00+00:00,2025-12-31T18:00:00+00:00,0.0,2025-11-30T19:00:00+00:00,2025-12-31T19:00:00+00:00,25
2025-12-31T19:00:00+00:00,2026-01-01T07:00:00+00:00,turbine_1,13,0.31494892971931776,0.045,0.2699489297193178,0.01,5.28,1.8,0.0,0.8257158189205962,True,open_meteo_previous_runs,72,2025-12-29T19:00:00+00:00,2025-12-31T18:00:00+00:00,0.0,2025-11-30T19:00:00+00:00,2025-12-31T19:00:00+00:00,25
2025-12-31T19:00:00+00:00,2026-01-01T08:00:00+00:00,turbine_1,14,0.3107676496973597,0.065,0.2457676496973597,0.01,4.44,2.0,0.0,0.8215345388986381,True,open_meteo_previous_runs,72,2025-12-29T20:00:00+00:00,2025-12-31T18:00:00+00:00,0.0,2025-11-30T19:00:00+00:00,2025-12-31T19:00:00+00:00,25
2025-12-31T19:00:00+00:00,2026-01-01T09:00:00+00:00,turbine_1,15,0.30494028838810644,0.0183333333333333,0.2866069550547731,0.01,3.98,2.2,0.0,0.8157071775893849,True,open_meteo_previous_runs,72,2025-12-29T21:00:00+00:00,2025-12-31T18:00:00+00:00,0.0,2025-11-30T19:00:00+00:00,2025-12-31T19:00:00+00:00,25
2025-12-31T19:00:00+00:00,2026-01-01T10:00:00+00:00,turbine_1,16,0.2836105458312789,0.01,0.2736105458312789,0.01,3.53,2.2,0.0,0.7943774350325574,True,open_meteo_previous_runs,72,2025-12-29T22:00:00+00:00,2025-12-31T18:00:00+00:00,0.0,2025-11-30T19:00:00+00:00,2025-12-31T19:00:00+00:00,25
2025-12-31T19:00:00+00:00,2026-01-01T11:00:00+00:00,turbine_1,17,0.2836105458312789,0.01,0.2736105458312789,0.01,1.84,2.0,0.0,0.7943774350325574,True,open_meteo_previous_runs,72,2025-12-29T23:00:00+00:00,2025-12-31T18:00:00+00:00,0.0,2025-11-30T19:00:00+00:00,2025-12-31T19:00:00+00:00,25
2025-12-31T19:00:00+00:00,2026-01-01T12:00:00+00:00,turbine_1,18,0.22996348564719576,0.0116666666666666,0.21829681898052916,0.01,1.3,2.3,0.0,0.7407303748484741,True,open_meteo_previous_runs,72,2025-12-30T00:00:00+00:00,2025-12-31T18:00:00+00:00,0.0,2025-11-30T19:00:00+00:00,2025-12-31T19:00:00+00:00,25
2025-12-31T19:00:00+00:00,2026-01-01T13:00:00+00:00,turbine_1,19,0.2404645794030491,0.0233333333333333,0.21713124606971582,0.01,1.1,2.4,0.0,0.7512314686043275,True,open_meteo_previous_runs,72,2025-12-30T01:00:00+00:00,2025-12-31T18:00:00+00:00,0.0,2025-11-30T19:00:00+00:00,2025-12-31T19:00:00+00:00,25
2025-12-31T19:00:00+00:00,2026-01-01T14:00:00+00:00,turbine_1,20,0.27304971558644875,0.02,0.25304971558644873,0.01,1.86,2.3,0.0,0.7838166047877272,True,open_meteo_previous_runs,72,2025-12-30T02:00:00+00:00,2025-12-31T18:00:00+00:00,0.0,2025-11-30T19:00:00+00:00,2025-12-31T19:00:00+00:00,25
2025-12-31T19:00:00+00:00,2026-01-01T15:00:00+00:00,turbine_1,21,0.28563706810648515,0.0733333333333333,0.21230373477315184,0.01,3.81,1.8,0.0,0.7964039573077636,True,open_meteo_previous_runs,72,2025-12-30T03:00:00+00:00,2025-12-31T18:00:00+00:00,0.0,2025-11-30T19:00:00+00:00,2025-12-31T19:00:00+00:00,25
2025-12-31T19:00:00+00:00,2026-01-01T16:00:00+00:00,turbine_1,22,0.30442056736597234,0.0766666666666666,0.22775390069930573,0.01,4.59,1.2,0.0,0.8151874565672508,True,open_meteo_previous_runs,72,2025-12-30T04:00:00+00:00,2025-12-31T18:00:00+00:00,0.0,2025-11-30T19:00:00+00:00,2025-12-31T19:00:00+00:00,25
2025-12-31T19:00:00+00:00,2026-01-01T17:00:00+00:00,turbine_1,23,0.29255733531843775,0.0433333333333333,0.24922400198510444,0.01,4.39,0.8,0.0,0.8033242245197162,True,open_meteo_previous_runs,72,2025-12-30T05:00:00+00:00,2025-12-31T18:00:00+00:00,0.0,2025-11-30T19:00:00+00:00,2025-12-31T19:00:00+00:00,25
2025-12-31T19:00:00+00:00,2026-01-01T18:00:00+00:00,turbine_1,24,0.32760982828154256,0.01,0.31760982828154255,0.01,5.83,0.4,0.0,0.8383767174828209,True,open_meteo_previous_runs,72,2025-12-30T06:00:00+00:00,2025-12-31T18:00:00+00:00,0.0,2025-11-30T19:00:00+00:00,2025-12-31T19:00:00+00:00,25
2025-12-31T19:00:00+00:00,2026-01-01T19:00:00+00:00,turbine_1,25,0.18095676340560213,0.0116666666666666,0.16929009673893552,0.01,6.23,-0.4,0.0,0.6624719570070119,True,open_meteo_previous_runs,72,2025-12-30T07:00:00+00:00,2025-12-31T18:00:00+00:00,0.0,2025-11-30T19:00:00+00:00,2025-12-31T19:00:00+00:00,25
2025-12-31T19:00:00+00:00,2026-01-01T20:00:00+00:00,turbine_1,26,0.18095676340560213,0.01,0.17095676340560212,0.01,5.95,-0.8,0.0,0.6624719570070119,True,open_meteo_previous_runs,72,2025-12-30T08:00:00+00:00,2025-12-31T18:00:00+00:00,0.0,2025-11-30T19:00:00+00:00,2025-12-31T19:00:00+00:00,25
2025-12-31T19:00:00+00:00,2026-01-01T21:00:00+00:00,turbine_1,27,0.14626581638589667,0.01,0.13626581638589666,0.01,5.77,-1.1,0.0,0.6277810099873063,True,open_meteo_previous_runs,72,2025-12-30T09:00:00+00:00,2025-12-31T18:00:00+00:00,0.0,2025-11-30T19:00:00+00:00,2025-12-31T19:00:00+00:00,25
2025-12-31T19:00:00+00:00,2026-01-01T22:00:00+00:00,turbine_1,28,0.14503462291403377,0.0116666666666666,0.13336795624736716,0.01,5.46,-1.3,0.0,0.6265498165154435,True,open_meteo_previous_runs,72,2025-12-30T10:00:00+00:00,2025-12-31T18:00:00+00:00,0.0,2025-11-30T19:00:00+00:00,2025-12-31T19:00:00+00:00,25
2025-12-31T19:00:00+00:00,2026-01-01T23:00:00+00:00,turbine_1,29,0.13916914809885605,0.01,0.12916914809885605,0.01,5.2,-1.4,0.0,0.6206843417002658,True,open_meteo_previous_runs,72,2025-12-30T11:00:00+00:00,2025-12-31T18:00:00+00:00,0.0,2025-11-30T19:00:00+00:00,2025-12-31T19:00:00+00:00,25
2025-12-31T19:00:00+00:00,2026-01-02T00:00:00+00:00,turbine_1,30,0.20042248220523004,0.01,0.19042248220523003,0.01,6.89,-1.0,0.0,0.6819376758066398,True,open_meteo_previous_runs,72,2025-12-30T12:00:00+00:00,2025-12-31T18:00:00+00:00,0.0,2025-11-30T19:00:00+00:00,2025-12-31T19:00:00+00:00,25
2025-12-31T19:00:00+00:00,2026-01-02T01:00:00+00:00,turbine_1,31,0.18573970162965062,0.01,0.1757397016296506,0.01,6.5,-0.9,0.0,0.6672548952310603,True,open_meteo_previous_runs,72,2025-12-30T13:00:00+00:00,2025-12-31T18:00:00+00:00,0.0,2025-11-30T19:00:00+00:00,2025-12-31T19:00:00+00:00,25
2025-12-31T19:00:00+00:00,2026-01-02T02:00:00+00:00,turbine_1,32,0.1885949048441554,0.01,0.17859490484415538,0.01,6.19,-1.1,0.0,0.6701100984455651,True,open_meteo_previous_runs,72,2025-12-30T14:00:00+00:00,2025-12-31T18:00:00+00:00,0.0,2025-11-30T19:00:00+00:00,2025-12-31T19:00:00+00:00,25
2025-12-31T19:00:00+00:00,2026-01-02T03:00:00+00:00,turbine_1,33,0.1885949048441554,0.01,0.17859490484415538,0.01,6.19,-0.8,0.0,0.6701100984455651,True,open_meteo_previous_runs,72,2025-12-30T15:00:00+00:00,2025-12-31T18:00:00+00:00,0.0,2025-11-30T19:00:00+00:00,2025-12-31T19:00:00+00:00,25
2025-12-31T19:00:00+00:00,2026-01-02T04:00:00+00:00,turbine_1,34,0.16404132398312332,0.075,0.08904132398312332,0.01,6.58,0.4,0.0,0.645556517584533,True,open_meteo_previous_runs,72,2025-12-30T16:00:00+00:00,2025-12-31T18:00:00+00:00,0.0,2025-11-30T19:00:00+00:00,2025-12-31T19:00:00+00:00,25
2025-12-31T19:00:00+00:00,2026-01-02T05:00:00+00:00,turbine_1,35,0.20232856720641862,0.2799999999999999,-0.0776714327935813,0.01,7.42,1.6,0.0,0.6838437608078283,True,open_meteo_previous_runs,72,2025-12-30T17:00:00+00:00,2025-12-31T18:00:00+00:00,0.0,2025-11-30T19:00:00+00:00,2025-12-31T19:00:00+00:00,25
2025-12-31T19:00:00+00:00,2026-01-02T06:00:00+00:00,turbine_1,36,0.32730106841541967,0.4049999999999999,-0.07769893158458024,0.01,8.9,2.1,0.0,0.8088162620168293,True,open_meteo_previous_runs,72,2025-12-30T18:00:00+00:00,2025-12-31T18:00:00+00:00,0.0,2025-11-30T19:00:00+00:00,2025-12-31T19:00:00+00:00,25
2025-12-31T19:00:00+00:00,2026-01-02T07:00:00+00:00,turbine_1,37,0.3440549051470698,0.6466666666666666,-0.3026117615195968,0.01,8.81,2.7,0.0,0.8255700987484795,True,open_meteo_previous_runs,72,2025-12-30T19:00:00+00:00,2025-12-31T18:00:00+00:00,0.0,2025-11-30T19:00:00+00:00,2025-12-31T19:00:00+00:00,25
2025-12-31T19:00:00+00:00,2026-01-02T08:00:00+00:00,turbine_1,38,0.2991863266106836,0.8433333333333334,-0.5441470067226497,0.01,8.27,3.0,0.0,0.7807015202120933,True,open_meteo_previous_runs,72,2025-12-30T20:00:00+00:00,2025-12-31T18:00:00+00:00,0.0,2025-11-30T19:00:00+00:00,2025-12-31T19:00:00+00:00,25
2025-12-31T19:00:00+00:00,2026-01-02T09:00:00+00:00,turbine_1,39,0.22877074522910368,0.71,-0.4812292547708963,0.01,7.92,3.0,0.0,0.7102859388305134,True,open_meteo_previous_runs,72,2025-12-30T21:00:00+00:00,2025-12-31T18:00:00+00:00,0.0,2025-11-30T19:00:00+00:00,2025-12-31T19:00:00+00:00,25
2025-12-31T19:00:00+00:00,2026-01-02T10:00:00+00:00,turbine_1,40,0.2347251633036122,0.5750000000000001,-0.34027483669638786,0.01,7.47,2.7,0.0,0.716240356905022,True,open_meteo_previous_runs,72,2025-12-30T22:00:00+00:00,2025-12-31T18:00:00+00:00,0.0,2025-11-30T19:00:00+00:00,2025-12-31T19:00:00+00:00,25
2025-12-31T19:00:00+00:00,2026-01-02T11:00:00+00:00,turbine_1,41,0.2361815001668385,0.4233333333333333,-0.18715183316649478,0.01,6.83,1.5,0.0,0.7176966937682482,True,open_meteo_previous_runs,72,2025-12-30T23:00:00+00:00,2025-12-31T18:00:00+00:00,0.0,2025-11-30T19:00:00+00:00,2025-12-31T19:00:00+00:00,25
2025-12-31T19:00:00+00:00,2026-01-02T12:00:00+00:00,turbine_1,42,0.218243075437883,0.3583333333333333,-0.1400902578954503,0.01,6.04,1.1,0.0,0.6997582690392927,True,open_meteo_previous_runs,72,2025-12-31T00:00:00+00:00,2025-12-31T18:00:00+00:00,0.0,2025-11-30T19:00:00+00:00,2025-12-31T19:00:00+00:00,25
2025-12-31T19:00:00+00:00,2026-01-02T13:00:00+00:00,turbine_1,43,0.19925534932170647,0.425,-0.22574465067829352,0.01,5.72,0.6,0.0,0.6807705429231161,True,open_meteo_previous_runs,72,2025-12-31T01:00:00+00:00,2025-12-31T18:00:00+00:00,0.0,2025-11-30T19:00:00+00:00,2025-12-31T19:00:00+00:00,25
2025-12-31T19:00:00+00:00,2026-01-02T14:00:00+00:00,turbine_1,44,0.23157359274452674,0.445,-0.21342640725547327,0.01,6.13,0.4,0.0,0.7130887863459364,True,open_meteo_previous_runs,72,2025-12-31T02:00:00+00:00,2025-12-31T18:00:00+00:00,0.0,2025-11-30T19:00:00+00:00,2025-12-31T19:00:00+00:00,25
2025-12-31T19:00:00+00:00,2026-01-02T15:00:00+00:00,turbine_1,45,0.2594277799078694,0.6083333333333333,-0.34890555342546387,0.01,6.75,0.3,0.0,0.7409429735092792,True,open_meteo_previous_runs,72,2025-12-31T03:00:00+00:00,2025-12-31T18:00:00+00:00,0.0,2025-11-30T19:00:00+00:00,2025-12-31T19:00:00+00:00,25
2025-12-31T19:00:00+00:00,2026-01-02T16:00:00+00:00,turbine_1,46,0.247123575479509,0.875,-0.627876424520491,0.01,7.56,0.0,0.0,0.7286387690809187,True,open_meteo_previous_runs,72,2025-12-31T04:00:00+00:00,2025-12-31T18:00:00+00:00,0.0,2025-11-30T19:00:00+00:00,2025-12-31T19:00:00+00:00,25
2025-12-31T19:00:00+00:00,2026-01-02T17:00:00+00:00,turbine_1,47,0.27248588968198306,0.605,-0.3325141103180169,0.01,8.18,-0.1,0.0,0.7540010832833928,True,open_meteo_previous_runs,72,2025-12-31T05:00:00+00:00,2025-12-31T18:00:00+00:00,0.0,2025-11-30T19:00:00+00:00,2025-12-31T19:00:00+00:00,25
2025-12-31T19:00:00+00:00,2026-01-02T18:00:00+00:00,turbine_1,48,0.33926318038506703,0.3166666666666666,0.022596513718400435,0.01,8.99,-0.0,0.0,0.8207783739864767,True,open_meteo_previous_runs,72,2025-12-31T06:00:00+00:00,2025-12-31T18:00:00+00:00,0.0,2025-11-30T19:00:00+00:00,2025-12-31T19:00:00+00:00,25
2026-01-01T19:00:00+00:00,2026-01-01T19:00:00+00:00,turbine_1,1,0.22282199822065724,0.0116666666666666,0.21115533155399063,0.01,6.23,-0.4,0.0,0.7335888874219356,True,open_meteo_previous_runs,72,2025-12-30T07:00:00+00:00,2025-12-31T18:00:00+00:00,24.0,2025-11-30T19:00:00+00:00,2025-12-31T19:00:00+00:00,0
2026-01-01T19:00:00+00:00,2026-01-01T20:00:00+00:00,turbine_1,2,0.22282199822065724,0.01,0.21282199822065723,0.01,5.95,-0.8,0.0,0.7335888874219356,True,open_meteo_previous_runs,72,2025-12-30T08:00:00+00:00,2025-12-31T18:00:00+00:00,24.0,2025-11-30T19:00:00+00:00,2025-12-31T19:00:00+00:00,0
2026-01-01T19:00:00+00:00,2026-01-01T21:00:00+00:00,turbine_1,3,0.1881310512009521,0.01,0.1781310512009521,0.01,5.77,-1.1,0.0,0.6988979404022305,True,open_meteo_previous_runs,72,2025-12-30T09:00:00+00:00,2025-12-31T18:00:00+00:00,24.0,2025-11-30T19:00:00+00:00,2025-12-31T19:00:00+00:00,0
2026-01-01T19:00:00+00:00,2026-01-01T22:00:00+00:00,turbine_1,4,0.17020900349166462,0.0116666666666666,0.15854233682499802,0.01,5.46,-1.3,0.0,0.680975892692943,True,open_meteo_previous_runs,72,2025-12-30T10:00:00+00:00,2025-12-31T18:00:00+00:00,24.0,2025-11-30T19:00:00+00:00,2025-12-31T19:00:00+00:00,0
2026-01-01T19:00:00+00:00,2026-01-01T23:00:00+00:00,turbine_1,5,0.17905814404954376,0.01,0.16905814404954375,0.01,5.2,-1.4,0.0,0.6898250332508222,True,open_meteo_previous_runs,72,2025-12-30T11:00:00+00:00,2025-12-31T18:00:00+00:00,24.0,2025-11-30T19:00:00+00:00,2025-12-31T19:00:00+00:00,0
2026-01-01T19:00:00+00:00,2026-01-02T00:00:00+00:00,turbine_1,6,0.2602690675689764,0.01,0.2502690675689764,0.01,6.89,-1.0,0.0,0.7710359567702548,True,open_meteo_previous_runs,72,2025-12-30T12:00:00+00:00,2025-12-31T18:00:00+00:00,24.0,2025-11-30T19:00:00+00:00,2025-12-31T19:00:00+00:00,0
2026-01-01T19:00:00+00:00,2026-01-02T01:00:00+00:00,turbine_1,7,0.22988592703695399,0.01,0.21988592703695398,0.01,6.5,-0.9,0.0,0.7406528162382324,True,open_meteo_previous_runs,72,2025-12-30T13:00:00+00:00,2025-12-31T18:00:00+00:00,24.0,2025-11-30T19:00:00+00:00,2025-12-31T19:00:00+00:00,0
2026-01-01T19:00:00+00:00,2026-01-02T02:00:00+00:00,turbine_1,8,0.23063685516932478,0.01,0.22063685516932477,0.01,6.19,-1.1,0.0,0.7414037443706032,True,open_meteo_previous_runs,72,2025-12-30T14:00:00+00:00,2025-12-31T18:00:00+00:00,24.0,2025-11-30T19:00:00+00:00,2025-12-31T19:00:00+00:00,0
2026-01-01T19:00:00+00:00,2026-01-02T03:00:00+00:00,turbine_1,9,0.23063685516932478,0.01,0.22063685516932477,0.01,6.19,-0.8,0.0,0.7414037443706032,True,open_meteo_previous_runs,72,2025-12-30T15:00:00+00:00,2025-12-31T18:00:00+00:00,24.0,2025-11-30T19:00:00+00:00,2025-12-31T19:00:00+00:00,0
2026-01-01T19:00:00+00:00,2026-01-02T04:00:00+00:00,turbine_1,10,0.2060832743082927,0.075,0.1310832743082927,0.01,6.58,0.4,0.0,0.7168501635095712,True,open_meteo_previous_runs,72,2025-12-30T16:00:00+00:00,2025-12-31T18:00:00+00:00,24.0,2025-11-30T19:00:00+00:00,2025-12-31T19:00:00+00:00,0
2026-01-01T19:00:00+00:00,2026-01-02T05:00:00+00:00,turbine_1,11,0.24264841066913848,0.2799999999999999,-0.03735158933086144,0.01,7.42,1.6,0.0,0.7534152998704169,True,open_meteo_previous_runs,72,2025-12-30T17:00:00+00:00,2025-12-31T18:00:00+00:00,24.0,2025-11-30T19:00:00+00:00,2025-12-31T19:00:00+00:00,0
2026-01-01T19:00:00+00:00,2026-01-02T06:00:00+00:00,turbine_1,12,0.3728153362117142,0.4049999999999999,-0.03218466378828572,0.01,8.9,2.1,0.0,0.8835822254129926,True,open_meteo_previous_runs,72,2025-12-30T18:00:00+00:00,2025-12-31T18:00:00+00:00,24.0,2025-11-30T19:00:00+00:00,2025-12-31T19:00:00+00:00,0
2026-01-01T19:00:00+00:00,2026-01-02T07:00:00+00:00,turbine_1,13,0.3767571914510118,0.6466666666666666,-0.26990947521565484,0.01,8.81,2.7,0.0,0.8875240806522902,True,open_meteo_previous_runs,72,2025-12-30T19:00:00+00:00,2025-12-31T18:00:00+00:00,24.0,2025-11-30T19:00:00+00:00,2025-12-31T19:00:00+00:00,0
2026-01-01T19:00:00+00:00,2026-01-02T08:00:00+00:00,turbine_1,14,0.3334330719506803,0.8433333333333334,-0.5099002613826531,0.01,8.27,3.0,0.0,0.8441999611519587,True,open_meteo_previous_runs,72,2025-12-30T20:00:00+00:00,2025-12-31T18:00:00+00:00,24.0,2025-11-30T19:00:00+00:00,2025-12-31T19:00:00+00:00,0
2026-01-01T19:00:00+00:00,2026-01-02T09:00:00+00:00,turbine_1,15,0.26078395126899667,0.71,-0.4492160487310033,0.01,7.92,3.0,0.0,0.7715508404702751,True,open_meteo_previous_runs,72,2025-12-30T21:00:00+00:00,2025-12-31T18:00:00+00:00,24.0,2025-11-30T19:00:00+00:00,2025-12-31T19:00:00+00:00,0
2026-01-01T19:00:00+00:00,2026-01-02T10:00:00+00:00,turbine_1,16,0.2633462930942534,0.5750000000000001,-0.3116537069057467,0.01,7.47,2.7,0.0,0.7741131822955318,True,open_meteo_previous_runs,72,2025-12-30T22:00:00+00:00,2025-12-31T18:00:00+00:00,24.0,2025-11-30T19:00:00+00:00,2025-12-31T19:00:00+00:00,0
2026-01-01T19:00:00+00:00,2026-01-02T11:00:00+00:00,turbine_1,17,0.26480262995747966,0.4233333333333333,-0.15853070337585362,0.01,6.83,1.5,0.0,0.7755695191587582,True,open_meteo_previous_runs,72,2025-12-30T23:00:00+00:00,2025-12-31T18:00:00+00:00,24.0,2025-11-30T19:00:00+00:00,2025-12-31T19:00:00+00:00,0
2026-01-01T19:00:00+00:00,2026-01-02T12:00:00+00:00,turbine_1,18,0.24521843007322622,0.3583333333333333,-0.11311490326010706,0.01,6.04,1.1,0.0,0.7559853192745046,True,open_meteo_previous_runs,72,2025-12-31T00:00:00+00:00,2025-12-31T18:00:00+00:00,24.0,2025-11-30T19:00:00+00:00,2025-12-31T19:00:00+00:00,0
2026-01-01T19:00:00+00:00,2026-01-02T13:00:00+00:00,turbine_1,19,0.22833497903918376,0.425,-0.19666502096081623,0.01,5.72,0.6,0.0,0.7391018682404622,True,open_meteo_previous_runs,72,2025-12-31T01:00:00+00:00,2025-12-31T18:00:00+00:00,24.0,2025-11-30T19:00:00+00:00,2025-12-31T19:00:00+00:00,0
2026-01-01T19:00:00+00:00,2026-01-02T14:00:00+00:00,turbine_1,20,0.27005802797394185,0.445,-0.17494197202605816,0.01,6.13,0.4,0.0,0.7808249171752203,True,open_meteo_previous_runs,72,2025-12-31T02:00:00+00:00,2025-12-31T18:00:00+00:00,24.0,2025-11-30T19:00:00+00:00,2025-12-31T19:00:00+00:00,0
2026-01-01T19:00:00+00:00,2026-01-02T15:00:00+00:00,turbine_1,21,0.29619010827483483,0.6083333333333333,-0.31214322505849845,0.01,6.75,0.3,0.0,0.8069569974761133,True,open_meteo_previous_runs,72,2025-12-31T03:00:00+00:00,2025-12-31T18:00:00+00:00,24.0,2025-11-30T19:00:00+00:00,2025-12-31T19:00:00+00:00,0
2026-01-01T19:00:00+00:00,2026-01-02T16:00:00+00:00,turbine_1,22,0.28725378586422196,0.875,-0.5877462141357781,0.01,7.56,0.0,0.0,0.7980206750655003,True,open_meteo_previous_runs,72,2025-12-31T04:00:00+00:00,2025-12-31T18:00:00+00:00,24.0,2025-11-30T19:00:00+00:00,2025-12-31T19:00:00+00:00,0
2026-01-01T19:00:00+00:00,2026-01-02T17:00:00+00:00,turbine_1,23,0.3086187378465803,0.605,-0.2963812621534197,0.01,8.18,-0.1,0.0,0.8193856270478588,True,open_meteo_previous_runs,72,2025-12-31T05:00:00+00:00,2025-12-31T18:00:00+00:00,24.0,2025-11-30T19:00:00+00:00,2025-12-31T19:00:00+00:00,0
2026-01-01T19:00:00+00:00,2026-01-02T18:00:00+00:00,turbine_1,24,0.37523303276847103,0.3166666666666666,0.058566366101804435,0.01,8.99,-0.0,0.0,0.8859999219697494,True,open_meteo_previous_runs,72,2025-12-31T06:00:00+00:00,2025-12-31T18:00:00+00:00,24.0,2025-11-30T19:00:00+00:00,2025-12-31T19:00:00+00:00,0
2026-01-01T19:00:00+00:00,2026-01-02T19:00:00+00:00,turbine_1,25,0.3860393303976911,0.2616666666666666,0.12437266373102451,0.01,9.22,-0.1,0.0,0.8675545239991008,True,open_meteo_previous_runs,72,2025-12-31T07:00:00+00:00,2025-12-31T18:00:00+00:00,24.0,2025-11-30T19:00:00+00:00,2025-12-31T19:00:00+00:00,0
2026-01-01T19:00:00+00:00,2026-01-02T20:00:00+00:00,turbine_1,26,0.38144179508369197,0.2216666666666666,0.15977512841702537,0.01,9.39,-0.4,0.0,0.8629569886851016,True,open_meteo_previous_runs,72,2025-12-31T08:00:00+00:00,2025-12-31T18:00:00+00:00,24.0,2025-11-30T19:00:00+00:00,2025-12-31T19:00:00+00:00,0
2026-01-01T19:00:00+00:00,2026-01-02T21:00:00+00:00,turbine_1,27,0.37439367560311443,0.3616666666666666,0.012727008936447848,0.01,9.63,-0.5,0.0,0.8559088692045241,True,open_meteo_previous_runs,72,2025-12-31T09:00:00+00:00,2025-12-31T18:00:00+00:00,24.0,2025-11-30T19:00:00+00:00,2025-12-31T19:00:00+00:00,0
2026-01-01T19:00:00+00:00,2026-01-02T22:00:00+00:00,turbine_1,28,0.42973969086971453,0.1783333333333333,0.25140635753638124,0.01,9.89,-0.5,0.0,0.9112548844711242,True,open_meteo_previous_runs,72,2025-12-31T10:00:00+00:00,2025-12-31T18:00:00+00:00,24.0,2025-11-30T19:00:00+00:00,2025-12-31T19:00:00+00:00,0
2026-01-01T19:00:00+00:00,2026-01-02T23:00:00+00:00,turbine_1,29,0.4180947192174544,0.21,0.2080947192174544,0.01,10.29,-0.5,0.0,0.8996099128188642,True,open_meteo_previous_runs,72,2025-12-31T11:00:00+00:00,2025-12-31T18:00:00+00:00,24.0,2025-11-30T19:00:00+00:00,2025-12-31T19:00:00+00:00,0
2026-01-01T19:00:00+00:00,2026-01-03T00:00:00+00:00,turbine_1,30,0.4265071967999133,0.255,0.17150719679991328,0.01,9.96,-0.7,0.0,0.9080223904013229,True,open_meteo_previous_runs,72,2025-12-31T12:00:00+00:00,2025-12-31T18:00:00+00:00,24.0,2025-11-30T19:00:00+00:00,2025-12-31T19:00:00+00:00,0
2026-01-01T19:00:00+00:00,2026-01-03T01:00:00+00:00,turbine_1,31,0.3834916478535547,0.16,0.22349164785355471,0.01,9.67,-1.1,0.0,0.8650068414549644,True,open_meteo_previous_runs,72,2025-12-31T13:00:00+00:00,2025-12-31T18:00:00+00:00,24.0,2025-11-30T19:00:00+00:00,2025-12-31T19:00:00+00:00,0
2026-01-01T19:00:00+00:00,2026-01-03T02:00:00+00:00,turbine_1,32,0.36018393168933743,0.26,0.10018393168933742,0.01,9.26,-1.3,0.0,0.8416991252907471,True,open_meteo_previous_runs,72,2025-12-31T14:00:00+00:00,2025-12-31T18:00:00+00:00,24.0,2025-11-30T19:00:00+00:00,2025-12-31T19:00:00+00:00,0
2026-01-01T19:00:00+00:00,2026-01-03T03:00:00+00:00,turbine_1,33,0.32905541872897287,0.2283333333333333,0.10072208539563957,0.01,8.86,-0.9,0.0,0.8105706123303826,True,open_meteo_previous_runs,72,2025-12-31T15:00:00+00:00,2025-12-31T18:00:00+00:00,24.0,2025-11-30T19:00:00+00:00,2025-12-31T19:00:00+00:00,0
2026-01-01T19:00:00+00:00,2026-01-03T04:00:00+00:00,turbine_1,34,0.3305442770777615,0.165,0.1655442770777615,0.01,8.81,0.8,0.0,0.8120594706791713,True,open_meteo_previous_runs,72,2025-12-31T16:00:00+00:00,2025-12-31T18:00:00+00:00,24.0,2025-11-30T19:00:00+00:00,2025-12-31T19:00:00+00:00,0
2026-01-01T19:00:00+00:00,2026-01-03T05:00:00+00:00,turbine_1,35,0.34548204714135916,0.1516666666666666,0.19381538047469257,0.01,8.94,2.6,0.0,0.8269972407427688,True,open_meteo_previous_runs,72,2025-12-31T17:00:00+00:00,2025-12-31T18:00:00+00:00,24.0,2025-11-30T19:00:00+00:00,2025-12-31T19:00:00+00:00,0
2026-01-01T19:00:00+00:00,2026-01-03T06:00:00+00:00,turbine_1,36,0.36289930177043206,0.0733333333333333,0.28956596843709875,0.01,8.99,3.8,0.0,0.8444144953718418,True,open_meteo_previous_runs,72,2025-12-31T18:00:00+00:00,2025-12-31T18:00:00+00:00,24.0,2025-11-30T19:00:00+00:00,2025-12-31T19:00:00+00:00,0
2026-01-01T19:00:00+00:00,2026-01-03T07:00:00+00:00,turbine_1,37,0.36684115700972963,0.1333333333333333,0.23350782367639633,0.01,8.59,4.7,0.0,0.8483563506111393,True,open_meteo_previous_runs,72,2025-12-31T19:00:00+00:00,2025-12-31T18:00:00+00:00,24.0,2025-11-30T19:00:00+00:00,2025-12-31T19:00:00+00:00,0
2026-01-01T19:00:00+00:00,2026-01-03T08:00:00+00:00,turbine_1,38,0.3670929558302533,0.1766666666666666,0.1904262891635867,0.01,8.59,5.3,0.0,0.8486081494316631,True,open_meteo_previous_runs,72,2025-12-31T20:00:00+00:00,2025-12-31T18:00:00+00:00,24.0,2025-11-30T19:00:00+00:00,2025-12-31T19:00:00+00:00,0
2026-01-01T19:00:00+00:00,2026-01-03T09:00:00+00:00,turbine_1,39,0.3670929558302533,0.1716666666666666,0.1954262891635867,0.01,8.6,5.5,0.0,0.8486081494316631,True,open_meteo_previous_runs,72,2025-12-31T21:00:00+00:00,2025-12-31T18:00:00+00:00,24.0,2025-11-30T19:00:00+00:00,2025-12-31T19:00:00+00:00,0
2026-01-01T19:00:00+00:00,2026-01-03T10:00:00+00:00,turbine_1,40,0.36965529765551003,0.1966666666666666,0.17298863098884343,0.01,8.71,4.5,0.0,0.8511704912569198,True,open_meteo_previous_runs,72,2025-12-31T22:00:00+00:00,2025-12-31T18:00:00+00:00,24.0,2025-11-30T19:00:00+00:00,2025-12-31T19:00:00+00:00,0
2026-01-01T19:00:00+00:00,2026-01-03T11:00:00+00:00,turbine_1,41,0.3711116345187363,0.2433333333333333,0.127778301185403,0.01,9.0,3.1,0.0,0.852626828120146,True,open_meteo_previous_runs,72,2025-12-31T23:00:00+00:00,2025-12-31T18:00:00+00:00,24.0,2025-11-30T19:00:00+00:00,2025-12-31T19:00:00+00:00,0
2026-01-01T19:00:00+00:00,2026-01-03T12:00:00+00:00,turbine_1,42,0.3697352796585894,0.255,0.11473527965858937,0.01,8.47,2.4,0.0,0.851250473259999,True,open_meteo_previous_runs,72,2026-01-01T00:00:00+00:00,2025-12-31T18:00:00+00:00,24.0,2025-11-30T19:00:00+00:00,2025-12-31T19:00:00+00:00,0
2026-01-01T19:00:00+00:00,2026-01-03T13:00:00+00:00,turbine_1,43,0.38074931507919935,0.5216666666666666,-0.14091735158746727,0.01,8.78,2.0,0.0,0.8622645086806091,True,open_meteo_previous_runs,72,2026-01-01T01:00:00+00:00,2025-12-31T18:00:00+00:00,24.0,2025-11-30T19:00:00+00:00,2025-12-31T19:00:00+00:00,0
2026-01-01T19:00:00+00:00,2026-01-03T14:00:00+00:00,turbine_1,44,0.4337188350061425,0.215,0.2187188350061425,0.01,9.31,1.7,0.0,0.9152340286075522,True,open_meteo_previous_runs,72,2026-01-01T02:00:00+00:00,2025-12-31T18:00:00+00:00,24.0,2025-11-30T19:00:00+00:00,2025-12-31T19:00:00+00:00,0
2026-01-01T19:00:00+00:00,2026-01-03T15:00:00+00:00,turbine_1,45,0.433176546526667,0.5683333333333334,-0.13515678680666637,0.01,9.11,1.4,0.0,0.9146917401280767,True,open_meteo_previous_runs,72,2026-01-01T03:00:00+00:00,2025-12-31T18:00:00+00:00,24.0,2025-11-30T19:00:00+00:00,2025-12-31T19:00:00+00:00,0
2026-01-01T19:00:00+00:00,2026-01-03T16:00:00+00:00,turbine_1,46,0.41825189618209824,0.2983333333333333,0.11991856284876495,0.01,9.35,0.9,0.0,0.899767089783508,True,open_meteo_previous_runs,72,2026-01-01T04:00:00+00:00,2025-12-31T18:00:00+00:00,24.0,2025-11-30T19:00:00+00:00,2025-12-31T19:00:00+00:00,0
2026-01-01T19:00:00+00:00,2026-01-03T17:00:00+00:00,turbine_1,47,0.4173587922429968,0.19,0.22735879224299682,0.01,9.44,1.1,0.0,0.8988739858444066,True,open_meteo_previous_runs,72,2026-01-01T05:00:00+00:00,2025-12-31T18:00:00+00:00,24.0,2025-11-30T19:00:00+00:00,2025-12-31T19:00:00+00:00,0
2026-01-01T19:00:00+00:00,2026-01-03T18:00:00+00:00,turbine_1,48,0.4173587922429968,0.3083333333333333,0.10902545890966353,0.01,9.57,1.0,0.0,0.8988739858444066,True,open_meteo_previous_runs,72,2026-01-01T06:00:00+00:00,2025-12-31T18:00:00+00:00,24.0,2025-11-30T19:00:00+00:00,2025-12-31T19:00:00+00:00,0
2026-01-02T19:00:00+00:00,2026-01-02T19:00:00+00:00,turbine_1,1,0.37066899953704213,0.2616666666666666,0.10900233287037553,0.01,9.22,-0.1,0.0,0.8814358887383206,True,open_meteo_previous_runs,72,2025-12-31T07:00:00+00:00,2025-12-31T18:00:00+00:00,48.0,2025-11-30T19:00:00+00:00,2025-12-31T19:00:00+00:00,0
2026-01-02T19:00:00+00:00,2026-01-02T20:00:00+00:00,turbine_1,2,0.3637889878827857,0.2216666666666666,0.1421223212161191,0.01,9.39,-0.4,0.0,0.8745558770840641,True,open_meteo_previous_runs,72,2025-12-31T08:00:00+00:00,2025-12-31T18:00:00+00:00,48.0,2025-11-30T19:00:00+00:00,2025-12-31T19:00:00+00:00,0
2026-01-02T19:00:00+00:00,2026-01-02T21:00:00+00:00,turbine_1,3,0.35674086840220814,0.3616666666666666,-0.004925798264458436,0.01,9.63,-0.5,0.0,0.8675077576034866,True,open_meteo_previous_runs,72,2025-12-31T09:00:00+00:00,2025-12-31T18:00:00+00:00,48.0,2025-11-30T19:00:00+00:00,2025-12-31T19:00:00+00:00,0
2026-01-02T19:00:00+00:00,2026-01-02T22:00:00+00:00,turbine_1,4,0.41208688366880825,0.1783333333333333,0.23375355033547496,0.01,9.89,-0.5,0.0,0.9228537728700867,True,open_meteo_previous_runs,72,2025-12-31T10:00:00+00:00,2025-12-31T18:00:00+00:00,48.0,2025-11-30T19:00:00+00:00,2025-12-31T19:00:00+00:00,0
2026-01-02T19:00:00+00:00,2026-01-02T23:00:00+00:00,turbine_1,5,0.41515652738960496,0.21,0.20515652738960496,0.01,10.29,-0.5,0.0,0.9259234165908834,True,open_meteo_previous_runs,72,2025-12-31T11:00:00+00:00,2025-12-31T18:00:00+00:00,48.0,2025-11-30T19:00:00+00:00,2025-12-31T19:00:00+00:00,0
2026-01-02T19:00:00+00:00,2026-01-03T00:00:00+00:00,turbine_1,6,0.42356900497206385,0.255,0.16856900497206384,0.01,9.96,-0.7,0.0,0.9343358941733423,True,open_meteo_previous_runs,72,2025-12-31T12:00:00+00:00,2025-12-31T18:00:00+00:00,48.0,2025-11-30T19:00:00+00:00,2025-12-31T19:00:00+00:00,0
2026-01-02T19:00:00+00:00,2026-01-03T01:00:00+00:00,turbine_1,7,0.3805534560257053,0.16,0.22055345602570528,0.01,9.67,-1.1,0.0,0.8913203452269838,True,open_meteo_previous_runs,72,2025-12-31T13:00:00+00:00,2025-12-31T18:00:00+00:00,48.0,2025-11-30T19:00:00+00:00,2025-12-31T19:00:00+00:00,0
2026-01-02T19:00:00+00:00,2026-01-03T02:00:00+00:00,turbine_1,8,0.3595282162017453,0.26,0.09952821620174529,0.01,9.26,-1.3,0.0,0.8702951054030237,True,open_meteo_previous_runs,72,2025-12-31T14:00:00+00:00,2025-12-31T18:00:00+00:00,48.0,2025-11-30T19:00:00+00:00,2025-12-31T19:00:00+00:00,0
2026-01-02T19:00:00+00:00,2026-01-03T03:00:00+00:00,turbine_1,9,0.32839970324138074,0.2283333333333333,0.10006636990804743,0.01,8.86,-0.9,0.0,0.8391665924426592,True,open_meteo_previous_runs,72,2025-12-31T15:00:00+00:00,2025-12-31T18:00:00+00:00,48.0,2025-11-30T19:00:00+00:00,2025-12-31T19:00:00+00:00,0
2026-01-02T19:00:00+00:00,2026-01-03T04:00:00+00:00,turbine_1,10,0.3305442770777615,0.165,0.1655442770777615,0.01,8.81,0.8,0.0,0.84131116627904,True,open_meteo_previous_runs,72,2025-12-31T16:00:00+00:00,2025-12-31T18:00:00+00:00,48.0,2025-11-30T19:00:00+00:00,2025-12-31T19:00:00+00:00,0
2026-01-02T19:00:00+00:00,2026-01-03T05:00:00+00:00,turbine_1,11,0.34548204714135916,0.1516666666666666,0.19381538047469257,0.01,8.94,2.6,0.0,0.8562489363426375,True,open_meteo_previous_runs,72,2025-12-31T17:00:00+00:00,2025-12-31T18:00:00+00:00,48.0,2025-11-30T19:00:00+00:00,2025-12-31T19:00:00+00:00,0
2026-01-02T19:00:00+00:00,2026-01-03T06:00:00+00:00,turbine_1,12,0.36289930177043206,0.0733333333333333,0.28956596843709875,0.01,8.99,3.8,0.0,0.8736661909717105,True,open_meteo_previous_runs,72,2025-12-31T18:00:00+00:00,2025-12-31T18:00:00+00:00,48.0,2025-11-30T19:00:00+00:00,2025-12-31T19:00:00+00:00,0
2026-01-02T19:00:00+00:00,2026-01-03T07:00:00+00:00,turbine_1,13,0.36684115700972963,0.1333333333333333,0.23350782367639633,0.01,8.59,4.7,0.0,0.8776080462110081,True,open_meteo_previous_runs,72,2025-12-31T19:00:00+00:00,2025-12-31T18:00:00+00:00,48.0,2025-11-30T19:00:00+00:00,2025-12-31T19:00:00+00:00,0
2026-01-02T19:00:00+00:00,2026-01-03T08:00:00+00:00,turbine_1,14,0.3670929558302533,0.1766666666666666,0.1904262891635867,0.01,8.59,5.3,0.0,0.8778598450315318,True,open_meteo_previous_runs,72,2025-12-31T20:00:00+00:00,2025-12-31T18:00:00+00:00,48.0,2025-11-30T19:00:00+00:00,2025-12-31T19:00:00+00:00,0
2026-01-02T19:00:00+00:00,2026-01-03T09:00:00+00:00,turbine_1,15,0.3670929558302533,0.1716666666666666,0.1954262891635867,0.01,8.6,5.5,0.0,0.8778598450315318,True,open_meteo_previous_runs,72,2025-12-31T21:00:00+00:00,2025-12-31T18:00:00+00:00,48.0,2025-11-30T19:00:00+00:00,2025-12-31T19:00:00+00:00,0
2026-01-02T19:00:00+00:00,2026-01-03T10:00:00+00:00,turbine_1,16,0.36965529765551003,0.1966666666666666,0.17298863098884343,0.01,8.71,4.5,0.0,0.8804221868567885,True,open_meteo_previous_runs,72,2025-12-31T22:00:00+00:00,2025-12-31T18:00:00+00:00,48.0,2025-11-30T19:00:00+00:00,2025-12-31T19:00:00+00:00,0
2026-01-02T19:00:00+00:00,2026-01-03T11:00:00+00:00,turbine_1,17,0.3711116345187363,0.2433333333333333,0.127778301185403,0.01,9.0,3.1,0.0,0.8818785237200147,True,open_meteo_previous_runs,72,2025-12-31T23:00:00+00:00,2025-12-31T18:00:00+00:00,48.0,2025-11-30T19:00:00+00:00,2025-12-31T19:00:00+00:00,0
2026-01-02T19:00:00+00:00,2026-01-03T12:00:00+00:00,turbine_1,18,0.3697352796585894,0.255,0.11473527965858937,0.01,8.47,2.4,0.0,0.8805021688598678,True,open_meteo_previous_runs,72,2026-01-01T00:00:00+00:00,2025-12-31T18:00:00+00:00,48.0,2025-11-30T19:00:00+00:00,2025-12-31T19:00:00+00:00,0
2026-01-02T19:00:00+00:00,2026-01-03T13:00:00+00:00,turbine_1,19,0.38074931507919935,0.5216666666666666,-0.14091735158746727,0.01,8.78,2.0,0.0,0.8915162042804778,True,open_meteo_previous_runs,72,2026-01-01T01:00:00+00:00,2025-12-31T18:00:00+00:00,48.0,2025-11-30T19:00:00+00:00,2025-12-31T19:00:00+00:00,0
2026-01-02T19:00:00+00:00,2026-01-03T14:00:00+00:00,turbine_1,20,0.4337188350061425,0.215,0.2187188350061425,0.01,9.31,1.7,0.0,0.9444857242074209,True,open_meteo_previous_runs,72,2026-01-01T02:00:00+00:00,2025-12-31T18:00:00+00:00,48.0,2025-11-30T19:00:00+00:00,2025-12-31T19:00:00+00:00,0
2026-01-02T19:00:00+00:00,2026-01-03T15:00:00+00:00,turbine_1,21,0.433176546526667,0.5683333333333334,-0.13515678680666637,0.01,9.11,1.4,0.0,0.9439434357279455,True,open_meteo_previous_runs,72,2026-01-01T03:00:00+00:00,2025-12-31T18:00:00+00:00,48.0,2025-11-30T19:00:00+00:00,2025-12-31T19:00:00+00:00,0
2026-01-02T19:00:00+00:00,2026-01-03T16:00:00+00:00,turbine_1,22,0.41825189618209824,0.2983333333333333,0.11991856284876495,0.01,9.35,0.9,0.0,0.9290187853833767,True,open_meteo_previous_runs,72,2026-01-01T04:00:00+00:00,2025-12-31T18:00:00+00:00,48.0,2025-11-30T19:00:00+00:00,2025-12-31T19:00:00+00:00,0
2026-01-02T19:00:00+00:00,2026-01-03T17:00:00+00:00,turbine_1,23,0.4173587922429968,0.19,0.22735879224299682,0.01,9.44,1.1,0.0,0.9281256814442753,True,open_meteo_previous_runs,72,2026-01-01T05:00:00+00:00,2025-12-31T18:00:00+00:00,48.0,2025-11-30T19:00:00+00:00,2025-12-31T19:00:00+00:00,0
2026-01-02T19:00:00+00:00,2026-01-03T18:00:00+00:00,turbine_1,24,0.4173587922429968,0.3083333333333333,0.10902545890966353,0.01,9.57,1.0,0.0,0.9281256814442753,True,open_meteo_previous_runs,72,2026-01-01T06:00:00+00:00,2025-12-31T18:00:00+00:00,48.0,2025-11-30T19:00:00+00:00,2025-12-31T19:00:00+00:00,0
2026-01-02T19:00:00+00:00,2026-01-03T19:00:00+00:00,turbine_1,25,0.4422099190356619,0.2316666666666666,0.21054325236899532,0.01,9.62,0.9,0.0,0.9237251126370716,True,open_meteo_previous_runs,72,2026-01-01T07:00:00+00:00,2025-12-31T18:00:00+00:00,48.0,2025-11-30T19:00:00+00:00,2025-12-31T19:00:00+00:00,0
2026-01-02T19:00:00+00:00,2026-01-03T20:00:00+00:00,turbine_1,26,0.45172700864309734,0.2866666666666667,0.16506034197643066,0.01,9.66,0.7,0.0,0.933242202244507,True,open_meteo_previous_runs,72,2026-01-01T08:00:00+00:00,2025-12-31T18:00:00+00:00,48.0,2025-11-30T19:00:00+00:00,2025-12-31T19:00:00+00:00,0
2026-01-02T19:00:00+00:00,2026-01-03T21:00:00+00:00,turbine_1,27,0.48537002000011975,0.28,0.20537002000011972,0.01,10.15,0.6,0.003854826398710043,0.9668852136015295,True,open_meteo_previous_runs,72,2026-01-01T09:00:00+00:00,2025-12-31T18:00:00+00:00,48.0,2025-11-30T19:00:00+00:00,2025-12-31T19:00:00+00:00,0
2026-01-02T19:00:00+00:00,2026-01-03T22:00:00+00:00,turbine_1,28,0.4807226902514208,0.19,0.2907226902514208,0.01,10.38,0.4,0.0,0.9622378838528305,True,open_meteo_previous_runs,72,2026-01-01T10:00:00+00:00,2025-12-31T18:00:00+00:00,48.0,2025-11-30T19:00:00+00:00,2025-12-31T19:00:00+00:00,0
2026-01-02T19:00:00+00:00,2026-01-03T23:00:00+00:00,turbine_1,29,0.6426462327355141,0.2733333333333334,0.36931289940218076,0.01,10.6,0.1,0.16113103913410443,1.0,True,open_meteo_previous_runs,72,2026-01-01T11:00:00+00:00,2025-12-31T18:00:00+00:00,48.0,2025-11-30T19:00:00+00:00,2025-12-31T19:00:00+00:00,0
2026-01-02T19:00:00+00:00,2026-01-04T00:00:00+00:00,turbine_1,30,0.7883835614780642,0.2666666666666666,0.5217168948113976,0.01,11.01,0.2,0.3068683678766545,1.0,True,open_meteo_previous_runs,72,2026-01-01T12:00:00+00:00,2025-12-31T18:00:00+00:00,48.0,2025-11-30T19:00:00+00:00,2025-12-31T19:00:00+00:00,0
2026-01-02T19:00:00+00:00,2026-01-04T01:00:00+00:00,turbine_1,31,0.7108234116530345,0.3916666666666666,0.3191567449863679,0.01,10.8,-0.3,0.22930821805162482,1.0,True,open_meteo_previous_runs,72,2026-01-01T13:00:00+00:00,2025-12-31T18:00:00+00:00,48.0,2025-11-30T19:00:00+00:00,2025-12-31T19:00:00+00:00,0
2026-01-02T19:00:00+00:00,2026-01-04T02:00:00+00:00,turbine_1,32,0.4747897003860926,0.3083333333333333,0.1664563670527593,0.01,10.26,-0.5,0.0,0.9563048939875023,True,open_meteo_previous_runs,72,2026-01-01T14:00:00+00:00,2025-12-31T18:00:00+00:00,48.0,2025-11-30T19:00:00+00:00,2025-12-31T19:00:00+00:00,0
2026-01-02T19:00:00+00:00,2026-01-04T03:00:00+00:00,turbine_1,33,0.5006549258957591,0.5016666666666666,-0.0010117407709074877,0.01,10.25,-0.2,0.0191397322943494,0.9821701194971688,True,open_meteo_previous_runs,72,2026-01-01T15:00:00+00:00,2025-12-31T18:00:00+00:00,48.0,2025-11-30T19:00:00+00:00,2025-12-31T19:00:00+00:00,0
2026-01-02T19:00:00+00:00,2026-01-04T04:00:00+00:00,turbine_1,34,0.4906197314624932,0.0716666666666666,0.4189530647958266,0.01,10.47,1.6,0.009104537861083506,0.9721349250639029,True,open_meteo_previous_runs,72,2026-01-01T16:00:00+00:00,2025-12-31T18:00:00+00:00,48.0,2025-11-30T19:00:00+00:00,2025-12-31T19:00:00+00:00,0
2026-01-02T19:00:00+00:00,2026-01-04T05:00:00+00:00,turbine_1,35,0.4992358838458825,0.0716666666666666,0.4275692171792159,0.01,10.47,3.7,0.017720690244472814,0.9807510774472923,True,open_meteo_previous_runs,72,2026-01-01T17:00:00+00:00,2025-12-31T18:00:00+00:00,48.0,2025-11-30T19:00:00+00:00,2025-12-31T19:00:00+00:00,0
2026-01-02T19:00:00+00:00,2026-01-04T06:00:00+00:00,turbine_1,36,0.35763940055846455,0.0733333333333333,0.28430606722513124,0.01,8.15,4.4,0.0,0.8391545941598743,True,open_meteo_previous_runs,72,2026-01-01T18:00:00+00:00,2025-12-31T18:00:00+00:00,48.0,2025-11-30T19:00:00+00:00,2025-12-31T19:00:00+00:00,0
2026-01-02T19:00:00+00:00,2026-01-04T07:00:00+00:00,turbine_1,37,0.3324378104282469,0.01,0.3224378104282469,0.01,7.5,5.5,0.0,0.8139530040296565,True,open_meteo_previous_runs,72,2026-01-01T19:00:00+00:00,2025-12-31T18:00:00+00:00,48.0,2025-11-30T19:00:00+00:00,2025-12-31T19:00:00+00:00,0
2026-01-02T19:00:00+00:00,2026-01-04T08:00:00+00:00,turbine_1,38,0.316752558277761,0.01,0.306752558277761,0.01,6.52,6.2,0.0,0.7982677518791708,True,open_meteo_previous_runs,72,2026-01-01T20:00:00+00:00,2025-12-31T18:00:00+00:00,48.0,2025-11-30T19:00:00+00:00,2025-12-31T19:00:00+00:00,0
2026-01-02T19:00:00+00:00,2026-01-04T09:00:00+00:00,turbine_1,39,0.2684007401968373,0.01,0.2584007401968373,0.01,5.38,6.3,0.0,0.7499159337982471,True,open_meteo_previous_runs,72,2026-01-01T21:00:00+00:00,2025-12-31T18:00:00+00:00,48.0,2025-11-30T19:00:00+00:00,2025-12-31T19:00:00+00:00,0
2026-01-02T19:00:00+00:00,2026-01-04T10:00:00+00:00,turbine_1,40,0.2506428040489756,0.0333333333333333,0.2173094707156423,0.01,4.35,5.6,0.0,0.7321579976503854,True,open_meteo_previous_runs,72,2026-01-01T22:00:00+00:00,2025-12-31T18:00:00+00:00,48.0,2025-11-30T19:00:00+00:00,2025-12-31T19:00:00+00:00,0
2026-01-02T19:00:00+00:00,2026-01-04T11:00:00+00:00,turbine_1,41,0.24627177960294863,0.2533333333333333,-0.007061553730384668,0.01,3.86,3.1,0.0,0.7277869732043584,True,open_meteo_previous_runs,72,2026-01-01T23:00:00+00:00,2025-12-31T18:00:00+00:00,48.0,2025-11-30T19:00:00+00:00,2025-12-31T19:00:00+00:00,0
2026-01-02T19:00:00+00:00,2026-01-04T12:00:00+00:00,turbine_1,42,0.17428018073365178,0.6166666666666666,-0.4423864859330148,0.01,0.92,2.7,0.0,0.6557953743350615,True,open_meteo_previous_runs,72,2026-01-02T00:00:00+00:00,2025-12-31T18:00:00+00:00,48.0,2025-11-30T19:00:00+00:00,2025-12-31T19:00:00+00:00,0
2026-01-02T19:00:00+00:00,2026-01-04T13:00:00+00:00,turbine_1,43,0.22338488646428864,0.6016666666666667,-0.378281780202378,0.01,1.53,2.7,0.0,0.7049000800656984,True,open_meteo_previous_runs,72,2026-01-02T01:00:00+00:00,2025-12-31T18:00:00+00:00,48.0,2025-11-30T19:00:00+00:00,2025-12-31T19:00:00+00:00,0
2026-01-02T19:00:00+00:00,2026-01-04T14:00:00+00:00,turbine_1,44,0.2910492519340696,0.6366666666666667,-0.3456174147325971,0.01,3.8,2.5,0.0,0.7725644455354793,True,open_meteo_previous_runs,72,2026-01-02T02:00:00+00:00,2025-12-31T18:00:00+00:00,48.0,2025-11-30T19:00:00+00:00,2025-12-31T19:00:00+00:00,0
2026-01-02T19:00:00+00:00,2026-01-04T15:00:00+00:00,turbine_1,45,0.3246857314035608,0.475,-0.1503142685964392,0.01,5.15,2.1,0.0,0.8062009250049704,True,open_meteo_previous_runs,72,2026-01-02T03:00:00+00:00,2025-12-31T18:00:00+00:00,48.0,2025-11-30T19:00:00+00:00,2025-12-31T19:00:00+00:00,0
2026-01-02T19:00:00+00:00,2026-01-04T16:00:00+00:00,turbine_1,46,0.3620255290204174,0.3233333333333333,0.0386921956870841,0.01,5.92,1.9,0.0,0.8435407226218271,True,open_meteo_previous_runs,72,2026-01-02T04:00:00+00:00,2025-12-31T18:00:00+00:00,48.0,2025-11-30T19:00:00+00:00,2025-12-31T19:00:00+00:00,0
2026-01-02T19:00:00+00:00,2026-01-04T17:00:00+00:00,turbine_1,47,0.35496919798249127,0.4683333333333333,-0.11336413535084205,0.01,6.13,2.3,0.0,0.836484391583901,True,open_meteo_previous_runs,72,2026-01-02T05:00:00+00:00,2025-12-31T18:00:00+00:00,48.0,2025-11-30T19:00:00+00:00,2025-12-31T19:00:00+00:00,0
2026-01-02T19:00:00+00:00,2026-01-04T18:00:00+00:00,turbine_1,48,0.38110127828338425,0.7666666666666666,-0.38556538838328236,0.01,7.47,1.5,0.0,0.862616471884794,True,open_meteo_previous_runs,72,2026-01-02T06:00:00+00:00,2025-12-31T18:00:00+00:00,48.0,2025-11-30T19:00:00+00:00,2025-12-31T19:00:00+00:00,0
2026-01-03T19:00:00+00:00,2026-01-03T19:00:00+00:00,turbine_1,1,0.42455711183475564,0.2316666666666666,0.19289044516808904,0.01,9.62,0.9,0.0,0.9353240010360341,True,open_meteo_previous_runs,72,2026-01-01T07:00:00+00:00,2025-12-31T18:00:00+00:00,72.0,2025-11-30T19:00:00+00:00,2025-12-31T19:00:00+00:00,0
2026-01-03T19:00:00+00:00,2026-01-03T20:00:00+00:00,turbine_1,2,0.43407420144219105,0.2866666666666667,0.14740753477552437,0.01,9.66,0.7,0.0,0.9448410906434694,True,open_meteo_previous_runs,72,2026-01-01T08:00:00+00:00,2025-12-31T18:00:00+00:00,72.0,2025-11-30T19:00:00+00:00,2025-12-31T19:00:00+00:00,0
2026-01-03T19:00:00+00:00,2026-01-03T21:00:00+00:00,turbine_1,3,0.4677172127992134,0.28,0.18771721279921338,0.01,10.15,0.6,0.0,0.9784841020004919,True,open_meteo_previous_runs,72,2026-01-01T09:00:00+00:00,2025-12-31T18:00:00+00:00,72.0,2025-11-30T19:00:00+00:00,2025-12-31T19:00:00+00:00,0
2026-01-03T19:00:00+00:00,2026-01-03T22:00:00+00:00,turbine_1,4,0.4630698830505145,0.19,0.2730698830505145,0.01,10.38,0.4,0.0,0.9738367722517929,True,open_meteo_previous_runs,72,2026-01-01T10:00:00+00:00,2025-12-31T18:00:00+00:00,72.0,2025-11-30T19:00:00+00:00,2025-12-31T19:00:00+00:00,0
2026-01-03T19:00:00+00:00,2026-01-03T23:00:00+00:00,turbine_1,5,0.6397080409076648,0.2733333333333334,0.3663747075743314,0.01,10.6,0.1,0.12894115170638631,1.0,True,open_meteo_previous_runs,72,2026-01-01T11:00:00+00:00,2025-12-31T18:00:00+00:00,72.0,2025-11-30T19:00:00+00:00,2025-12-31T19:00:00+00:00,0
2026-01-03T19:00:00+00:00,2026-01-04T00:00:00+00:00,turbine_1,6,0.7854453696502148,0.2666666666666666,0.5187787029835482,0.01,11.01,0.2,0.2746784804489364,1.0,True,open_meteo_previous_runs,72,2026-01-01T12:00:00+00:00,2025-12-31T18:00:00+00:00,72.0,2025-11-30T19:00:00+00:00,2025-12-31T19:00:00+00:00,0
2026-01-03T19:00:00+00:00,2026-01-04T01:00:00+00:00,turbine_1,7,0.7078852198251852,0.3916666666666666,0.31621855315851854,0.01,10.8,-0.3,0.1971183306239067,1.0,True,open_meteo_previous_runs,72,2026-01-01T13:00:00+00:00,2025-12-31T18:00:00+00:00,72.0,2025-11-30T19:00:00+00:00,2025-12-31T19:00:00+00:00,0
2026-01-03T19:00:00+00:00,2026-01-04T02:00:00+00:00,turbine_1,8,0.47185150855824315,0.3083333333333333,0.16351817522490986,0.01,10.26,-0.5,0.0,0.9826183977595215,True,open_meteo_previous_runs,72,2026-01-01T14:00:00+00:00,2025-12-31T18:00:00+00:00,72.0,2025-11-30T19:00:00+00:00,2025-12-31T19:00:00+00:00,0
2026-01-03T19:00:00+00:00,2026-01-04T03:00:00+00:00,turbine_1,9,0.4977167340679098,0.5016666666666666,-0.003949932598756811,0.01,10.25,-0.2,0.0,1.0,True,open_meteo_previous_runs,72,2026-01-01T15:00:00+00:00,2025-12-31T18:00:00+00:00,72.0,2025-11-30T19:00:00+00:00,2025-12-31T19:00:00+00:00,0
2026-01-03T19:00:00+00:00,2026-01-04T04:00:00+00:00,turbine_1,10,0.4906197314624932,0.0716666666666666,0.4189530647958266,0.01,10.47,1.6,0.0,1.0,True,open_meteo_previous_runs,72,2026-01-01T16:00:00+00:00,2025-12-31T18:00:00+00:00,72.0,2025-11-30T19:00:00+00:00,2025-12-31T19:00:00+00:00,0
2026-01-03T19:00:00+00:00,2026-01-04T05:00:00+00:00,turbine_1,11,0.4992358838458825,0.0716666666666666,0.4275692171792159,0.01,10.47,3.7,0.0,1.0,True,open_meteo_previous_runs,72,2026-01-01T17:00:00+00:00,2025-12-31T18:00:00+00:00,72.0,2025-11-30T19:00:00+00:00,2025-12-31T19:00:00+00:00,0
2026-01-03T19:00:00+00:00,2026-01-04T06:00:00+00:00,turbine_1,12,0.35763940055846455,0.0733333333333333,0.28430606722513124,0.01,8.15,4.4,0.0,0.868406289759743,True,open_meteo_previous_runs,72,2026-01-01T18:00:00+00:00,2025-12-31T18:00:00+00:00,72.0,2025-11-30T19:00:00+00:00,2025-12-31T19:00:00+00:00,0
2026-01-03T19:00:00+00:00,2026-01-04T07:00:00+00:00,turbine_1,13,0.3324378104282469,0.01,0.3224378104282469,0.01,7.5,5.5,0.0,0.8432046996295253,True,open_meteo_previous_runs,72,2026-01-01T19:00:00+00:00,2025-12-31T18:00:00+00:00,72.0,2025-11-30T19:00:00+00:00,2025-12-31T19:00:00+00:00,0
2026-01-03T19:00:00+00:00,2026-01-04T08:00:00+00:00,turbine_1,14,0.316752558277761,0.01,0.306752558277761,0.01,6.52,6.2,0.0,0.8275194474790395,True,open_meteo_previous_runs,72,2026-01-01T20:00:00+00:00,2025-12-31T18:00:00+00:00,72.0,2025-11-30T19:00:00+00:00,2025-12-31T19:00:00+00:00,0
2026-01-03T19:00:00+00:00,2026-01-04T09:00:00+00:00,turbine_1,15,0.2684007401968373,0.01,0.2584007401968373,0.01,5.38,6.3,0.0,0.7791676293981158,True,open_meteo_previous_runs,72,2026-01-01T21:00:00+00:00,2025-12-31T18:00:00+00:00,72.0,2025-11-30T19:00:00+00:00,2025-12-31T19:00:00+00:00,0
2026-01-03T19:00:00+00:00,2026-01-04T10:00:00+00:00,turbine_1,16,0.2506428040489756,0.0333333333333333,0.2173094707156423,0.01,4.35,5.6,0.0,0.7614096932502541,True,open_meteo_previous_runs,72,2026-01-01T22:00:00+00:00,2025-12-31T18:00:00+00:00,72.0,2025-11-30T19:00:00+00:00,2025-12-31T19:00:00+00:00,0
2026-01-03T19:00:00+00:00,2026-01-04T11:00:00+00:00,turbine_1,17,0.24627177960294863,0.2533333333333333,-0.007061553730384668,0.01,3.86,3.1,0.0,0.7570386688042271,True,open_meteo_previous_runs,72,2026-01-01T23:00:00+00:00,2025-12-31T18:00:00+00:00,72.0,2025-11-30T19:00:00+00:00,2025-12-31T19:00:00+00:00,0
2026-01-03T19:00:00+00:00,2026-01-04T12:00:00+00:00,turbine_1,18,0.17428018073365178,0.6166666666666666,-0.4423864859330148,0.01,0.92,2.7,0.0,0.6850470699349303,True,open_meteo_previous_runs,72,2026-01-02T00:00:00+00:00,2025-12-31T18:00:00+00:00,72.0,2025-11-30T19:00:00+00:00,2025-12-31T19:00:00+00:00,0
2026-01-03T19:00:00+00:00,2026-01-04T13:00:00+00:00,turbine_1,19,0.22338488646428864,0.6016666666666667,-0.378281780202378,0.01,1.53,2.7,0.0,0.7341517756655671,True,open_meteo_previous_runs,72,2026-01-02T01:00:00+00:00,2025-12-31T18:00:00+00:00,72.0,2025-11-30T19:00:00+00:00,2025-12-31T19:00:00+00:00,0
2026-01-03T19:00:00+00:00,2026-01-04T14:00:00+00:00,turbine_1,20,0.2910492519340696,0.6366666666666667,-0.3456174147325971,0.01,3.8,2.5,0.0,0.801816141135348,True,open_meteo_previous_runs,72,2026-01-02T02:00:00+00:00,2025-12-31T18:00:00+00:00,72.0,2025-11-30T19:00:00+00:00,2025-12-31T19:00:00+00:00,0
2026-01-03T19:00:00+00:00,2026-01-04T15:00:00+00:00,turbine_1,21,0.3246857314035608,0.475,-0.1503142685964392,0.01,5.15,2.1,0.0,0.8354526206048392,True,open_meteo_previous_runs,72,2026-01-02T03:00:00+00:00,2025-12-31T18:00:00+00:00,72.0,2025-11-30T19:00:00+00:00,2025-12-31T19:00:00+00:00,0
2026-01-03T19:00:00+00:00,2026-01-04T16:00:00+00:00,turbine_1,22,0.3620255290204174,0.3233333333333333,0.0386921956870841,0.01,5.92,1.9,0.0,0.8727924182216958,True,open_meteo_previous_runs,72,2026-01-02T04:00:00+00:00,2025-12-31T18:00:00+00:00,72.0,2025-11-30T19:00:00+00:00,2025-12-31T19:00:00+00:00,0
2026-01-03T19:00:00+00:00,2026-01-04T17:00:00+00:00,turbine_1,23,0.35496919798249127,0.4683333333333333,-0.11336413535084205,0.01,6.13,2.3,0.0,0.8657360871837697,True,open_meteo_previous_runs,72,2026-01-02T05:00:00+00:00,2025-12-31T18:00:00+00:00,72.0,2025-11-30T19:00:00+00:00,2025-12-31T19:00:00+00:00,0
2026-01-03T19:00:00+00:00,2026-01-04T18:00:00+00:00,turbine_1,24,0.38110127828338425,0.7666666666666666,-0.38556538838328236,0.01,7.47,1.5,0.0,0.8918681674846627,True,open_meteo_previous_runs,72,2026-01-02T06:00:00+00:00,2025-12-31T18:00:00+00:00,72.0,2025-11-30T19:00:00+00:00,2025-12-31T19:00:00+00:00,0
2026-01-03T19:00:00+00:00,2026-01-04T19:00:00+00:00,turbine_1,25,0.2854605939161408,0.2866666666666667,-0.0012060727505258662,0.01,7.96,1.0,0.0,0.7669757875175505,True,open_meteo_previous_runs,72,2026-01-02T07:00:00+00:00,2025-12-31T18:00:00+00:00,72.0,2025-11-30T19:00:00+00:00,2025-12-31T19:00:00+00:00,0
2026-01-03T19:00:00+00:00,2026-01-04T20:00:00+00:00,turbine_1,26,0.28526476284998914,0.3266666666666666,-0.041401903816677466,0.01,8.19,0.7,0.0,0.7667799564513988,True,open_meteo_previous_runs,72,2026-01-02T08:00:00+00:00,2025-12-31T18:00:00+00:00,72.0,2025-11-30T19:00:00+00:00,2025-12-31T19:00:00+00:00,0
2026-01-03T19:00:00+00:00,2026-01-04T21:00:00+00:00,turbine_1,27,0.2564839536518472,0.3416666666666666,-0.08518271301481944,0.01,7.57,0.5,0.0,0.7379991472532569,True,open_meteo_previous_runs,72,2026-01-02T09:00:00+00:00,2025-12-31T18:00:00+00:00,72.0,2025-11-30T19:00:00+00:00,2025-12-31T19:00:00+00:00,0
2026-01-03T19:00:00+00:00,2026-01-04T22:00:00+00:00,turbine_1,28,0.25183662390314826,0.2783333333333334,-0.026496709430185117,0.01,6.8,0.7,0.0,0.7333518175045579,True,open_meteo_previous_runs,72,2026-01-02T10:00:00+00:00,2025-12-31T18:00:00+00:00,72.0,2025-11-30T19:00:00+00:00,2025-12-31T19:00:00+00:00,0
2026-01-03T19:00:00+00:00,2026-01-04T23:00:00+00:00,turbine_1,29,0.2392654784642575,0.17,0.06926547846425749,0.01,5.95,0.7,0.0,0.7207806720656672,True,open_meteo_previous_runs,72,2026-01-02T11:00:00+00:00,2025-12-31T18:00:00+00:00,72.0,2025-11-30T19:00:00+00:00,2025-12-31T19:00:00+00:00,0
2026-01-03T19:00:00+00:00,2026-01-05T00:00:00+00:00,turbine_1,30,0.2333419392834333,0.1233333333333333,0.11000860595010001,0.01,6.4,0.6,0.0,0.714857132884843,True,open_meteo_previous_runs,72,2026-01-02T12:00:00+00:00,2025-12-31T18:00:00+00:00,72.0,2025-11-30T19:00:00+00:00,2025-12-31T19:00:00+00:00,0
2026-01-03T19:00:00+00:00,2026-01-05T01:00:00+00:00,turbine_1,31,0.19690064782891353,0.045,0.15190064782891355,0.01,5.69,0.3,0.0,0.6784158414303232,True,open_meteo_previous_runs,72,2026-01-02T13:00:00+00:00,2025-12-31T18:00:00+00:00,72.0,2025-11-30T19:00:00+00:00,2025-12-31T19:00:00+00:00,0
2026-01-03T19:00:00+00:00,2026-01-05T02:00:00+00:00,turbine_1,32,0.17868536037447358,0.01,0.16868536037447357,0.01,4.97,0.6,0.0,0.6602005539758833,True,open_meteo_previous_runs,72,2026-01-02T14:00:00+00:00,2025-12-31T18:00:00+00:00,72.0,2025-11-30T19:00:00+00:00,2025-12-31T19:00:00+00:00,0
2026-01-03T19:00:00+00:00,2026-01-05T03:00:00+00:00,turbine_1,33,0.16887285567175758,0.01,0.15887285567175757,0.01,4.39,0.8,0.0,0.6503880492731673,True,open_meteo_previous_runs,72,2026-01-02T15:00:00+00:00,2025-12-31T18:00:00+00:00,72.0,2025-11-30T19:00:00+00:00,2025-12-31T19:00:00+00:00,0
2026-01-03T19:00:00+00:00,2026-01-05T04:00:00+00:00,turbine_1,34,0.13892416214692593,0.01,0.12892416214692592,0.01,3.58,1.4,0.0,0.6204393557483356,True,open_meteo_previous_runs,72,2026-01-02T16:00:00+00:00,2025-12-31T18:00:00+00:00,72.0,2025-11-30T19:00:00+00:00,2025-12-31T19:00:00+00:00,0
2026-01-03T19:00:00+00:00,2026-01-05T05:00:00+00:00,turbine_1,35,0.12678480091309516,0.01,0.11678480091309516,0.01,2.34,1.8,0.0,0.6082999945145049,True,open_meteo_previous_runs,72,2026-01-02T17:00:00+00:00,2025-12-31T18:00:00+00:00,72.0,2025-11-30T19:00:00+00:00,2025-12-31T19:00:00+00:00,0
2026-01-03T19:00:00+00:00,2026-01-05T06:00:00+00:00,turbine_1,36,0.1346482943323222,0.01,0.1246482943323222,0.01,0.2,1.7,0.0,0.6161634879337319,True,open_meteo_previous_runs,72,2026-01-02T18:00:00+00:00,2025-12-31T18:00:00+00:00,72.0,2025-11-30T19:00:00+00:00,2025-12-31T19:00:00+00:00,0
2026-01-03T19:00:00+00:00,2026-01-05T07:00:00+00:00,turbine_1,37,0.1389395274444047,0.0183333333333333,0.12060619411107139,0.01,0.71,1.8,0.0,0.6204547210458145,True,open_meteo_previous_runs,72,2026-01-02T19:00:00+00:00,2025-12-31T18:00:00+00:00,72.0,2025-11-30T19:00:00+00:00,2025-12-31T19:00:00+00:00,0
2026-01-03T19:00:00+00:00,2026-01-05T08:00:00+00:00,turbine_1,38,0.14120287010741522,0.0316666666666666,0.10953620344074863,0.01,1.36,2.0,0.0,0.622718063708825,True,open_meteo_previous_runs,72,2026-01-02T20:00:00+00:00,2025-12-31T18:00:00+00:00,72.0,2025-11-30T19:00:00+00:00,2025-12-31T19:00:00+00:00,0
2026-01-03T19:00:00+00:00,2026-01-05T09:00:00+00:00,turbine_1,39,0.13964124726210506,0.01,0.12964124726210505,0.01,2.83,1.9,0.0,0.6211564408635147,True,open_meteo_previous_runs,72,2026-01-02T21:00:00+00:00,2025-12-31T18:00:00+00:00,72.0,2025-11-30T19:00:00+00:00,2025-12-31T19:00:00+00:00,0
2026-01-03T19:00:00+00:00,2026-01-05T10:00:00+00:00,turbine_1,40,0.1594880788626192,0.01,0.1494880788626192,0.01,3.81,1.7,0.0,0.6410032724640289,True,open_meteo_previous_runs,72,2026-01-02T22:00:00+00:00,2025-12-31T18:00:00+00:00,72.0,2025-11-30T19:00:00+00:00,2025-12-31T19:00:00+00:00,0
2026-01-03T19:00:00+00:00,2026-01-05T11:00:00+00:00,turbine_1,41,0.17849129318858775,0.02,0.15849129318858776,0.01,4.55,1.7,0.0,0.6600064867899975,True,open_meteo_previous_runs,72,2026-01-02T23:00:00+00:00,2025-12-31T18:00:00+00:00,72.0,2025-11-30T19:00:00+00:00,2025-12-31T19:00:00+00:00,0
2026-01-03T19:00:00+00:00,2026-01-05T12:00:00+00:00,turbine_1,42,0.14786169052944753,0.0366666666666666,0.11119502386278093,0.01,2.61,2.2,0.0,0.6293768841308572,True,open_meteo_previous_runs,72,2026-01-03T00:00:00+00:00,2025-12-31T18:00:00+00:00,72.0,2025-11-30T19:00:00+00:00,2025-12-31T19:00:00+00:00,0
2026-01-03T19:00:00+00:00,2026-01-05T13:00:00+00:00,turbine_1,43,0.16306421298863752,0.0683333333333333,0.09473087965530422,0.01,3.02,1.8,0.0,0.6445794065900472,True,open_meteo_previous_runs,72,2026-01-03T01:00:00+00:00,2025-12-31T18:00:00+00:00,72.0,2025-11-30T19:00:00+00:00,2025-12-31T19:00:00+00:00,0
2026-01-03T19:00:00+00:00,2026-01-05T14:00:00+00:00,turbine_1,44,0.23514357967147811,0.0833333333333333,0.15181024633814483,0.01,3.81,1.4,0.0,0.7166587732728879,True,open_meteo_previous_runs,72,2026-01-03T02:00:00+00:00,2025-12-31T18:00:00+00:00,72.0,2025-11-30T19:00:00+00:00,2025-12-31T19:00:00+00:00,0
2026-01-03T19:00:00+00:00,2026-01-05T15:00:00+00:00,turbine_1,45,0.28756191849819257,0.1316666666666666,0.15589525183152597,0.01,5.66,1.1,0.0,0.7690771120996023,True,open_meteo_previous_runs,72,2026-01-03T03:00:00+00:00,2025-12-31T18:00:00+00:00,72.0,2025-11-30T19:00:00+00:00,2025-12-31T19:00:00+00:00,0
2026-01-03T19:00:00+00:00,2026-01-05T16:00:00+00:00,turbine_1,46,0.3305776491272095,0.1883333333333333,0.1422443157938762,0.01,7.34,0.9,0.0,0.8120928427286191,True,open_meteo_previous_runs,72,2026-01-03T04:00:00+00:00,2025-12-31T18:00:00+00:00,72.0,2025-11-30T19:00:00+00:00,2025-12-31T19:00:00+00:00,0
2026-01-03T19:00:00+00:00,2026-01-05T17:00:00+00:00,turbine_1,47,0.404084915358149,0.3766666666666666,0.027418248691482405,0.01,8.83,0.5,0.0,0.8856001089595587,True,open_meteo_previous_runs,72,2026-01-03T05:00:00+00:00,2025-12-31T18:00:00+00:00,72.0,2025-11-30T19:00:00+00:00,2025-12-31T19:00:00+00:00,0
2026-01-03T19:00:00+00:00,2026-01-05T18:00:00+00:00,turbine_1,48,0.44413242066857045,0.4216666666666667,0.02246575400190376,0.01,9.18,0.4,0.0,0.9256476142699801,True,open_meteo_previous_runs,72,2026-01-03T06:00:00+00:00,2025-12-31T18:00:00+00:00,72.0,2025-11-30T19:00:00+00:00,2025-12-31T19:00:00+00:00,0
2026-01-04T19:00:00+00:00,2026-01-04T19:00:00+00:00,turbine_1,1,0.28310967644780377,0.2866666666666667,-0.00355699021886291,0.01,7.96,1.0,0.0,0.7938765656490823,True,open_meteo_previous_runs,72,2026-01-02T07:00:00+00:00,2025-12-31T18:00:00+00:00,96.0,2025-11-30T19:00:00+00:00,2025-12-31T19:00:00+00:00,0
2026-01-04T19:00:00+00:00,2026-01-04T20:00:00+00:00,turbine_1,2,0.2829138453816521,0.3266666666666666,-0.04375282128501451,0.01,8.19,0.7,0.0,0.7936807345829305,True,open_meteo_previous_runs,72,2026-01-02T08:00:00+00:00,2025-12-31T18:00:00+00:00,96.0,2025-11-30T19:00:00+00:00,2025-12-31T19:00:00+00:00,0
2026-01-04T19:00:00+00:00,2026-01-04T21:00:00+00:00,turbine_1,3,0.25478875167110226,0.3416666666666666,-0.08687791499556435,0.01,7.57,0.5,0.0,0.7655556408723807,True,open_meteo_previous_runs,72,2026-01-02T09:00:00+00:00,2025-12-31T18:00:00+00:00,96.0,2025-11-30T19:00:00+00:00,2025-12-31T19:00:00+00:00,0
2026-01-04T19:00:00+00:00,2026-01-04T22:00:00+00:00,turbine_1,4,0.2501414219224033,0.2783333333333334,-0.02819191141093008,0.01,6.8,0.7,0.0,0.7609083111236817,True,open_meteo_previous_runs,72,2026-01-02T10:00:00+00:00,2025-12-31T18:00:00+00:00,96.0,2025-11-30T19:00:00+00:00,2025-12-31T19:00:00+00:00,0
2026-01-04T19:00:00+00:00,2026-01-04T23:00:00+00:00,turbine_1,5,0.2392654784642575,0.17,0.06926547846425749,0.01,5.95,0.7,0.0,0.7500323676655359,True,open_meteo_previous_runs,72,2026-01-02T11:00:00+00:00,2025-12-31T18:00:00+00:00,96.0,2025-11-30T19:00:00+00:00,2025-12-31T19:00:00+00:00,0
2026-01-04T19:00:00+00:00,2026-01-05T00:00:00+00:00,turbine_1,6,0.2333419392834333,0.1233333333333333,0.11000860595010001,0.01,6.4,0.6,0.0,0.7441088284847117,True,open_meteo_previous_runs,72,2026-01-02T12:00:00+00:00,2025-12-31T18:00:00+00:00,96.0,2025-11-30T19:00:00+00:00,2025-12-31T19:00:00+00:00,0
2026-01-04T19:00:00+00:00,2026-01-05T01:00:00+00:00,turbine_1,7,0.19690064782891353,0.045,0.15190064782891355,0.01,5.69,0.3,0.0,0.7076675370301919,True,open_meteo_previous_runs,72,2026-01-02T13:00:00+00:00,2025-12-31T18:00:00+00:00,96.0,2025-11-30T19:00:00+00:00,2025-12-31T19:00:00+00:00,0
2026-01-04T19:00:00+00:00,2026-01-05T02:00:00+00:00,turbine_1,8,0.17868536037447358,0.01,0.16868536037447357,0.01,4.97,0.6,0.0,0.689452249575752,True,open_meteo_previous_runs,72,2026-01-02T14:00:00+00:00,2025-12-31T18:00:00+00:00,96.0,2025-11-30T19:00:00+00:00,2025-12-31T19:00:00+00:00,0
2026-01-04T19:00:00+00:00,2026-01-05T03:00:00+00:00,turbine_1,9,0.16887285567175758,0.01,0.15887285567175757,0.01,4.39,0.8,0.0,0.679639744873036,True,open_meteo_previous_runs,72,2026-01-02T15:00:00+00:00,2025-12-31T18:00:00+00:00,96.0,2025-11-30T19:00:00+00:00,2025-12-31T19:00:00+00:00,0
2026-01-04T19:00:00+00:00,2026-01-05T04:00:00+00:00,turbine_1,10,0.13892416214692593,0.01,0.12892416214692592,0.01,3.58,1.4,0.0,0.6496910513482044,True,open_meteo_previous_runs,72,2026-01-02T16:00:00+00:00,2025-12-31T18:00:00+00:00,96.0,2025-11-30T19:00:00+00:00,2025-12-31T19:00:00+00:00,0
2026-01-04T19:00:00+00:00,2026-01-05T05:00:00+00:00,turbine_1,11,0.12678480091309516,0.01,0.11678480091309516,0.01,2.34,1.8,0.0,0.6375516901143736,True,open_meteo_previous_runs,72,2026-01-02T17:00:00+00:00,2025-12-31T18:00:00+00:00,96.0,2025-11-30T19:00:00+00:00,2025-12-31T19:00:00+00:00,0
2026-01-04T19:00:00+00:00,2026-01-05T06:00:00+00:00,turbine_1,12,0.1346482943323222,0.01,0.1246482943323222,0.01,0.2,1.7,0.0,0.6454151835336006,True,open_meteo_previous_runs,72,2026-01-02T18:00:00+00:00,2025-12-31T18:00:00+00:00,96.0,2025-11-30T19:00:00+00:00,2025-12-31T19:00:00+00:00,0
2026-01-04T19:00:00+00:00,2026-01-05T07:00:00+00:00,turbine_1,13,0.1389395274444047,0.0183333333333333,0.12060619411107139,0.01,0.71,1.8,0.0,0.6497064166456832,True,open_meteo_previous_runs,72,2026-01-02T19:00:00+00:00,2025-12-31T18:00:00+00:00,96.0,2025-11-30T19:00:00+00:00,2025-12-31T19:00:00+00:00,0
2026-01-04T19:00:00+00:00,2026-01-05T08:00:00+00:00,turbine_1,14,0.14120287010741522,0.0316666666666666,0.10953620344074863,0.01,1.36,2.0,0.0,0.6519697593086937,True,open_meteo_previous_runs,72,2026-01-02T20:00:00+00:00,2025-12-31T18:00:00+00:00,96.0,2025-11-30T19:00:00+00:00,2025-12-31T19:00:00+00:00,0
2026-01-04T19:00:00+00:00,2026-01-05T09:00:00+00:00,turbine_1,15,0.13964124726210506,0.01,0.12964124726210505,0.01,2.83,1.9,0.0,0.6504081364633835,True,open_meteo_previous_runs,72,2026-01-02T21:00:00+00:00,2025-12-31T18:00:00+00:00,96.0,2025-11-30T19:00:00+00:00,2025-12-31T19:00:00+00:00,0
2026-01-04T19:00:00+00:00,2026-01-05T10:00:00+00:00,turbine_1,16,0.1594880788626192,0.01,0.1494880788626192,0.01,3.81,1.7,0.0,0.6702549680638976,True,open_meteo_previous_runs,72,2026-01-02T22:00:00+00:00,2025-12-31T18:00:00+00:00,96.0,2025-11-30T19:00:00+00:00,2025-12-31T19:00:00+00:00,0
2026-01-04T19:00:00+00:00,2026-01-05T11:00:00+00:00,turbine_1,17,0.17849129318858775,0.02,0.15849129318858776,0.01,4.55,1.7,0.0,0.6892581823898662,True,open_meteo_previous_runs,72,2026-01-02T23:00:00+00:00,2025-12-31T18:00:00+00:00,96.0,2025-11-30T19:00:00+00:00,2025-12-31T19:00:00+00:00,0
2026-01-04T19:00:00+00:00,2026-01-05T12:00:00+00:00,turbine_1,18,0.14786169052944753,0.0366666666666666,0.11119502386278093,0.01,2.61,2.2,0.0,0.658628579730726,True,open_meteo_previous_runs,72,2026-01-03T00:00:00+00:00,2025-12-31T18:00:00+00:00,96.0,2025-11-30T19:00:00+00:00,2025-12-31T19:00:00+00:00,0
2026-01-04T19:00:00+00:00,2026-01-05T13:00:00+00:00,turbine_1,19,0.16306421298863752,0.0683333333333333,0.09473087965530422,0.01,3.02,1.8,0.0,0.6738311021899159,True,open_meteo_previous_runs,72,2026-01-03T01:00:00+00:00,2025-12-31T18:00:00+00:00,96.0,2025-11-30T19:00:00+00:00,2025-12-31T19:00:00+00:00,0
2026-01-04T19:00:00+00:00,2026-01-05T14:00:00+00:00,turbine_1,20,0.23514357967147811,0.0833333333333333,0.15181024633814483,0.01,3.81,1.4,0.0,0.7459104688727566,True,open_meteo_previous_runs,72,2026-01-03T02:00:00+00:00,2025-12-31T18:00:00+00:00,96.0,2025-11-30T19:00:00+00:00,2025-12-31T19:00:00+00:00,0
2026-01-04T19:00:00+00:00,2026-01-05T15:00:00+00:00,turbine_1,21,0.28756191849819257,0.1316666666666666,0.15589525183152597,0.01,5.66,1.1,0.0,0.798328807699471,True,open_meteo_previous_runs,72,2026-01-03T03:00:00+00:00,2025-12-31T18:00:00+00:00,96.0,2025-11-30T19:00:00+00:00,2025-12-31T19:00:00+00:00,0
2026-01-04T19:00:00+00:00,2026-01-05T16:00:00+00:00,turbine_1,22,0.3305776491272095,0.1883333333333333,0.1422443157938762,0.01,7.34,0.9,0.0,0.8413445383284879,True,open_meteo_previous_runs,72,2026-01-03T04:00:00+00:00,2025-12-31T18:00:00+00:00,96.0,2025-11-30T19:00:00+00:00,2025-12-31T19:00:00+00:00,0
2026-01-04T19:00:00+00:00,2026-01-05T17:00:00+00:00,turbine_1,23,0.404084915358149,0.3766666666666666,0.027418248691482405,0.01,8.83,0.5,0.0,0.9148518045594274,True,open_meteo_previous_runs,72,2026-01-03T05:00:00+00:00,2025-12-31T18:00:00+00:00,96.0,2025-11-30T19:00:00+00:00,2025-12-31T19:00:00+00:00,0
2026-01-04T19:00:00+00:00,2026-01-05T18:00:00+00:00,turbine_1,24,0.44413242066857045,0.4216666666666667,0.02246575400190376,0.01,9.18,0.4,0.0,0.9548993098698488,True,open_meteo_previous_runs,72,2026-01-03T06:00:00+00:00,2025-12-31T18:00:00+00:00,96.0,2025-11-30T19:00:00+00:00,2025-12-31T19:00:00+00:00,0
2026-01-04T19:00:00+00:00,2026-01-05T19:00:00+00:00,turbine_1,25,0.45990265026438476,0.375,0.08490265026438476,0.01,10.3,0.1,0.0,0.9414178438657945,True,open_meteo_previous_runs,72,2026-01-03T07:00:00+00:00,2025-12-31T18:00:00+00:00,96.0,2025-11-30T19:00:00+00:00,2025-12-31T19:00:00+00:00,0
2026-01-04T19:00:00+00:00,2026-01-05T20:00:00+00:00,turbine_1,26,0.45510493717390105,0.3183333333333333,0.13677160384056775,0.01,10.25,-0.6,0.0,0.9366201307753108,True,open_meteo_previous_runs,72,2026-01-03T08:00:00+00:00,2025-12-31T18:00:00+00:00,96.0,2025-11-30T19:00:00+00:00,2025-12-31T19:00:00+00:00,0
2026-01-04T19:00:00+00:00,2026-01-05T21:00:00+00:00,turbine_1,27,0.7149379494719722,0.8166666666666668,-0.10172871719469456,0.01,10.96,-0.9,0.2334227558705625,1.0,True,open_meteo_previous_runs,72,2026-01-03T09:00:00+00:00,2025-12-31T18:00:00+00:00,96.0,2025-11-30T19:00:00+00:00,2025-12-31T19:00:00+00:00,0
2026-01-04T19:00:00+00:00,2026-01-05T22:00:00+00:00,turbine_1,28,0.7745485637312436,0.9866666666666668,-0.21211810293542321,0.01,11.31,-1.1,0.2930333701298339,1.0,True,open_meteo_previous_runs,72,2026-01-03T10:00:00+00:00,2025-12-31T18:00:00+00:00,96.0,2025-11-30T19:00:00+00:00,2025-12-31T19:00:00+00:00,0
2026-01-04T19:00:00+00:00,2026-01-05T23:00:00+00:00,turbine_1,29,0.7693982396441094,0.8433333333333333,-0.07393509368922391,0.01,11.45,-1.4,0.28788304604269965,1.0,True,open_meteo_previous_runs,72,2026-01-03T11:00:00+00:00,2025-12-31T18:00:00+00:00,96.0,2025-11-30T19:00:00+00:00,2025-12-31T19:00:00+00:00,0
2026-01-04T19:00:00+00:00,2026-01-06T00:00:00+00:00,turbine_1,30,0.7639324751909494,0.97,-0.20606752480905055,0.01,11.56,-2.0,0.2824172815895397,1.0,True,open_meteo_previous_runs,72,2026-01-03T12:00:00+00:00,2025-12-31T18:00:00+00:00,96.0,2025-11-30T19:00:00+00:00,2025-12-31T19:00:00+00:00,0
2026-01-04T19:00:00+00:00,2026-01-06T01:00:00+00:00,turbine_1,31,0.7627691841936214,0.8766666666666666,-0.11389748247304521,0.01,11.55,-2.3,0.2812539905922117,1.0,True,open_meteo_previous_runs,72,2026-01-03T13:00:00+00:00,2025-12-31T18:00:00+00:00,96.0,2025-11-30T19:00:00+00:00,2025-12-31T19:00:00+00:00,0
2026-01-04T19:00:00+00:00,2026-01-06T02:00:00+00:00,turbine_1,32,0.7877234219184072,0.9733333333333332,-0.185609911414926,0.01,11.75,-2.3,0.30620822831699746,1.0,True,open_meteo_previous_runs,72,2026-01-03T14:00:00+00:00,2025-12-31T18:00:00+00:00,96.0,2025-11-30T19:00:00+00:00,2025-12-31T19:00:00+00:00,0
2026-01-04T19:00:00+00:00,2026-01-06T03:00:00+00:00,turbine_1,33,0.7594471251795981,0.99,-0.23055287482040188,0.01,11.68,-1.9,0.2779319315781884,1.0,True,open_meteo_previous_runs,72,2026-01-03T15:00:00+00:00,2025-12-31T18:00:00+00:00,96.0,2025-11-30T19:00:00+00:00,2025-12-31T19:00:00+00:00,0
2026-01-04T19:00:00+00:00,2026-01-06T04:00:00+00:00,turbine_1,34,0.8064141748603368,0.9783333333333334,-0.17191915847299655,0.01,12.44,0.1,0.32489898125892713,1.0,True,open_meteo_previous_runs,72,2026-01-03T16:00:00+00:00,2025-12-31T18:00:00+00:00,96.0,2025-11-30T19:00:00+00:00,2025-12-31T19:00:00+00:00,0
2026-01-04T19:00:00+00:00,2026-01-06T05:00:00+00:00,turbine_1,35,0.8240035616921721,0.9683333333333332,-0.144329771641161,0.01,13.24,2.3,0.34248836809076244,1.0,True,open_meteo_previous_runs,72,2026-01-03T17:00:00+00:00,2025-12-31T18:00:00+00:00,96.0,2025-11-30T19:00:00+00:00,2025-12-31T19:00:00+00:00,0
2026-01-04T19:00:00+00:00,2026-01-06T06:00:00+00:00,turbine_1,36,0.8776825526561418,0.9866666666666668,-0.10898411401052499,0.01,14.21,3.6,0.3961673590547321,1.0,True,open_meteo_previous_runs,72,2026-01-03T18:00:00+00:00,2025-12-31T18:00:00+00:00,96.0,2025-11-30T19:00:00+00:00,2025-12-31T19:00:00+00:00,0
2026-01-04T19:00:00+00:00,2026-01-06T07:00:00+00:00,turbine_1,37,0.8816244078954394,0.9766666666666666,-0.09504225877122718,0.01,14.06,4.2,0.4001092142940297,1.0,True,open_meteo_previous_runs,72,2026-01-03T19:00:00+00:00,2025-12-31T18:00:00+00:00,96.0,2025-11-30T19:00:00+00:00,2025-12-31T19:00:00+00:00,0
2026-01-04T19:00:00+00:00,2026-01-06T08:00:00+00:00,turbine_1,38,0.8818762067159631,0.9683333333333332,-0.08645712661737004,0.01,13.57,4.5,0.4003610131145534,1.0,True,open_meteo_previous_runs,72,2026-01-03T20:00:00+00:00,2025-12-31T18:00:00+00:00,96.0,2025-11-30T19:00:00+00:00,2025-12-31T19:00:00+00:00,0
2026-01-04T19:00:00+00:00,2026-01-06T09:00:00+00:00,turbine_1,39,0.8553047181088748,0.9866666666666668,-0.13136194855779204,0.01,13.0,4.6,0.37378952450746505,1.0,True,open_meteo_previous_runs,72,2026-01-03T21:00:00+00:00,2025-12-31T18:00:00+00:00,96.0,2025-11-30T19:00:00+00:00,2025-12-31T19:00:00+00:00,0
2026-01-04T19:00:00+00:00,2026-01-06T10:00:00+00:00,turbine_1,40,0.8489083076753338,0.99,-0.14109169232466623,0.01,11.95,3.9,0.36739311407392405,1.0,True,open_meteo_previous_runs,72,2026-01-03T22:00:00+00:00,2025-12-31T18:00:00+00:00,96.0,2025-11-30T19:00:00+00:00,2025-12-31T19:00:00+00:00,0
2026-01-04T19:00:00+00:00,2026-01-06T11:00:00+00:00,turbine_1,41,0.8219577192530994,0.9883333333333332,-0.16637561408023382,0.01,11.33,2.1,0.34044252565168964,1.0,True,open_meteo_previous_runs,72,2026-01-03T23:00:00+00:00,2025-12-31T18:00:00+00:00,96.0,2025-11-30T19:00:00+00:00,2025-12-31T19:00:00+00:00,0
2026-01-04T19:00:00+00:00,2026-01-06T12:00:00+00:00,turbine_1,42,0.8260567643885541,0.9883333333333332,-0.16227656894477904,0.01,11.58,0.4,0.3445415707871444,1.0,True,open_meteo_previous_runs,72,2026-01-04T00:00:00+00:00,2025-12-31T18:00:00+00:00,96.0,2025-11-30T19:00:00+00:00,2025-12-31T19:00:00+00:00,0
2026-01-04T19:00:00+00:00,2026-01-06T13:00:00+00:00,turbine_1,43,0.8293788234025774,0.99,-0.1606211765974226,0.01,11.18,-0.1,0.3478636298011677,1.0,True,open_meteo_previous_runs,72,2026-01-04T01:00:00+00:00,2025-12-31T18:00:00+00:00,96.0,2025-11-30T19:00:00+00:00,2025-12-31T19:00:00+00:00,0
2026-01-04T19:00:00+00:00,2026-01-06T14:00:00+00:00,turbine_1,44,0.7868456350724591,0.855,-0.0681543649275409,0.01,10.66,-0.2,0.3053304414710494,1.0,True,open_meteo_previous_runs,72,2026-01-04T02:00:00+00:00,2025-12-31T18:00:00+00:00,96.0,2025-11-30T19:00:00+00:00,2025-12-31T19:00:00+00:00,0
2026-01-04T19:00:00+00:00,2026-01-06T15:00:00+00:00,turbine_1,45,0.805132990169148,0.6966666666666667,0.10846632350248131,0.01,10.75,-0.3,0.32361779656773826,1.0,True,open_meteo_previous_runs,72,2026-01-04T03:00:00+00:00,2025-12-31T18:00:00+00:00,96.0,2025-11-30T19:00:00+00:00,2025-12-31T19:00:00+00:00,0
2026-01-04T19:00:00+00:00,2026-01-06T16:00:00+00:00,turbine_1,46,0.7782199406565159,0.4633333333333333,0.3148866073231826,0.01,10.57,-0.4,0.2967047470551062,1.0,True,open_meteo_previous_runs,72,2026-01-04T04:00:00+00:00,2025-12-31T18:00:00+00:00,96.0,2025-11-30T19:00:00+00:00,2025-12-31T19:00:00+00:00,0
2026-01-04T19:00:00+00:00,2026-01-06T17:00:00+00:00,turbine_1,47,0.537290673338064,0.2299999999999999,0.30729067333806415,0.01,10.21,-0.4,0.05577547973665431,1.0,True,open_meteo_previous_runs,72,2026-01-04T05:00:00+00:00,2025-12-31T18:00:00+00:00,96.0,2025-11-30T19:00:00+00:00,2025-12-31T19:00:00+00:00,0
2026-01-04T19:00:00+00:00,2026-01-06T18:00:00+00:00,turbine_1,48,0.4710300841402806,0.02,0.45103008414028056,0.01,9.69,-0.8,0.0,0.9525452777416903,True,open_meteo_previous_runs,72,2026-01-04T06:00:00+00:00,2025-12-31T18:00:00+00:00,96.0,2025-11-30T19:00:00+00:00,2025-12-31T19:00:00+00:00,0
2026-01-05T19:00:00+00:00,2026-01-05T19:00:00+00:00,turbine_1,1,0.4422498430634785,0.375,0.06724984306347848,0.01,10.3,0.1,0.0,0.9530167322647569,True,open_meteo_previous_runs,72,2026-01-03T07:00:00+00:00,2025-12-31T18:00:00+00:00,120.0,2025-11-30T19:00:00+00:00,2025-12-31T19:00:00+00:00,0
2026-01-05T19:00:00+00:00,2026-01-05T20:00:00+00:00,turbine_1,2,0.43745212997299476,0.3183333333333333,0.11911879663966146,0.01,10.25,-0.6,0.0,0.9482190191742732,True,open_meteo_previous_runs,72,2026-01-03T08:00:00+00:00,2025-12-31T18:00:00+00:00,120.0,2025-11-30T19:00:00+00:00,2025-12-31T19:00:00+00:00,0
2026-01-05T19:00:00+00:00,2026-01-05T21:00:00+00:00,turbine_1,3,0.697285142271066,0.8166666666666668,-0.11938152439560079,0.01,10.96,-0.9,0.18651825306978753,1.0,True,open_meteo_previous_runs,72,2026-01-03T09:00:00+00:00,2025-12-31T18:00:00+00:00,120.0,2025-11-30T19:00:00+00:00,2025-12-31T19:00:00+00:00,0
2026-01-05T19:00:00+00:00,2026-01-05T22:00:00+00:00,turbine_1,4,0.7568957565303374,0.9866666666666668,-0.22977091013632944,0.01,11.31,-1.1,0.24612886732905892,1.0,True,open_meteo_previous_runs,72,2026-01-03T10:00:00+00:00,2025-12-31T18:00:00+00:00,120.0,2025-11-30T19:00:00+00:00,2025-12-31T19:00:00+00:00,0
2026-01-05T19:00:00+00:00,2026-01-05T23:00:00+00:00,turbine_1,5,0.76646004781626,0.8433333333333333,-0.07687328551707329,0.01,11.45,-1.4,0.25569315861498154,1.0,True,open_meteo_previous_runs,72,2026-01-03T11:00:00+00:00,2025-12-31T18:00:00+00:00,120.0,2025-11-30T19:00:00+00:00,2025-12-31T19:00:00+00:00,0
2026-01-05T19:00:00+00:00,2026-01-06T00:00:00+00:00,turbine_1,6,0.7609942833631,0.97,-0.20900571663689993,0.01,11.56,-2.0,0.2502273941618216,1.0,True,open_meteo_previous_runs,72,2026-01-03T12:00:00+00:00,2025-12-31T18:00:00+00:00,120.0,2025-11-30T19:00:00+00:00,2025-12-31T19:00:00+00:00,0
2026-01-05T19:00:00+00:00,2026-01-06T01:00:00+00:00,turbine_1,7,0.759830992365772,0.8766666666666666,-0.11683567430089459,0.01,11.55,-2.3,0.24906410316449357,1.0,True,open_meteo_previous_runs,72,2026-01-03T13:00:00+00:00,2025-12-31T18:00:00+00:00,120.0,2025-11-30T19:00:00+00:00,2025-12-31T19:00:00+00:00,0
2026-01-05T19:00:00+00:00,2026-01-06T02:00:00+00:00,turbine_1,8,0.7847852300905578,0.9733333333333332,-0.18854810324277538,0.01,11.75,-2.3,0.27401834088927934,1.0,True,open_meteo_previous_runs,72,2026-01-03T14:00:00+00:00,2025-12-31T18:00:00+00:00,120.0,2025-11-30T19:00:00+00:00,2025-12-31T19:00:00+00:00,0
2026-01-05T19:00:00+00:00,2026-01-06T03:00:00+00:00,turbine_1,9,0.7565089333517487,0.99,-0.23349106664825126,0.01,11.68,-1.9,0.2457420441504703,1.0,True,open_meteo_previous_runs,72,2026-01-03T15:00:00+00:00,2025-12-31T18:00:00+00:00,120.0,2025-11-30T19:00:00+00:00,2025-12-31T19:00:00+00:00,0
2026-01-05T19:00:00+00:00,2026-01-06T04:00:00+00:00,turbine_1,10,0.8064141748603368,0.9783333333333334,-0.17191915847299655,0.01,12.44,0.1,0.2956472856590584,1.0,True,open_meteo_previous_runs,72,2026-01-03T16:00:00+00:00,2025-12-31T18:00:00+00:00,120.0,2025-11-30T19:00:00+00:00,2025-12-31T19:00:00+00:00,0
2026-01-05T19:00:00+00:00,2026-01-06T05:00:00+00:00,turbine_1,11,0.8240035616921721,0.9683333333333332,-0.144329771641161,0.01,13.24,2.3,0.3132366724908937,1.0,True,open_meteo_previous_runs,72,2026-01-03T17:00:00+00:00,2025-12-31T18:00:00+00:00,120.0,2025-11-30T19:00:00+00:00,2025-12-31T19:00:00+00:00,0
2026-01-05T19:00:00+00:00,2026-01-06T06:00:00+00:00,turbine_1,12,0.8776825526561418,0.9866666666666668,-0.10898411401052499,0.01,14.21,3.6,0.36691566345486337,1.0,True,open_meteo_previous_runs,72,2026-01-03T18:00:00+00:00,2025-12-31T18:00:00+00:00,120.0,2025-11-30T19:00:00+00:00,2025-12-31T19:00:00+00:00,0
2026-01-05T19:00:00+00:00,2026-01-06T07:00:00+00:00,turbine_1,13,0.8816244078954394,0.9766666666666666,-0.09504225877122718,0.01,14.06,4.2,0.37085751869416095,1.0,True,open_meteo_previous_runs,72,2026-01-03T19:00:00+00:00,2025-12-31T18:00:00+00:00,120.0,2025-11-30T19:00:00+00:00,2025-12-31T19:00:00+00:00,0
2026-01-05T19:00:00+00:00,2026-01-06T08:00:00+00:00,turbine_1,14,0.8818762067159631,0.9683333333333332,-0.08645712661737004,0.01,13.57,4.5,0.3711093175146847,1.0,True,open_meteo_previous_runs,72,2026-01-03T20:00:00+00:00,2025-12-31T18:00:00+00:00,120.0,2025-11-30T19:00:00+00:00,2025-12-31T19:00:00+00:00,0
2026-01-05T19:00:00+00:00,2026-01-06T09:00:00+00:00,turbine_1,15,0.8553047181088748,0.9866666666666668,-0.13136194855779204,0.01,13.0,4.6,0.3445378289075963,1.0,True,open_meteo_previous_runs,72,2026-01-03T21:00:00+00:00,2025-12-31T18:00:00+00:00,120.0,2025-11-30T19:00:00+00:00,2025-12-31T19:00:00+00:00,0
2026-01-05T19:00:00+00:00,2026-01-06T10:00:00+00:00,turbine_1,16,0.8489083076753338,0.99,-0.14109169232466623,0.01,11.95,3.9,0.3381414184740553,1.0,True,open_meteo_previous_runs,72,2026-01-03T22:00:00+00:00,2025-12-31T18:00:00+00:00,120.0,2025-11-30T19:00:00+00:00,2025-12-31T19:00:00+00:00,0
2026-01-05T19:00:00+00:00,2026-01-06T11:00:00+00:00,turbine_1,17,0.8219577192530994,0.9883333333333332,-0.16637561408023382,0.01,11.33,2.1,0.3111908300518209,1.0,True,open_meteo_previous_runs,72,2026-01-03T23:00:00+00:00,2025-12-31T18:00:00+00:00,120.0,2025-11-30T19:00:00+00:00,2025-12-31T19:00:00+00:00,0
2026-01-05T19:00:00+00:00,2026-01-06T12:00:00+00:00,turbine_1,18,0.8260567643885541,0.9883333333333332,-0.16227656894477904,0.01,11.58,0.4,0.3152898751872757,1.0,True,open_meteo_previous_runs,72,2026-01-04T00:00:00+00:00,2025-12-31T18:00:00+00:00,120.0,2025-11-30T19:00:00+00:00,2025-12-31T19:00:00+00:00,0
2026-01-05T19:00:00+00:00,2026-01-06T13:00:00+00:00,turbine_1,19,0.8293788234025774,0.99,-0.1606211765974226,0.01,11.18,-0.1,0.31861193420129896,1.0,True,open_meteo_previous_runs,72,2026-01-04T01:00:00+00:00,2025-12-31T18:00:00+00:00,120.0,2025-11-30T19:00:00+00:00,2025-12-31T19:00:00+00:00,0
2026-01-05T19:00:00+00:00,2026-01-06T14:00:00+00:00,turbine_1,20,0.7868456350724591,0.855,-0.0681543649275409,0.01,10.66,-0.2,0.27607874587118064,1.0,True,open_meteo_previous_runs,72,2026-01-04T02:00:00+00:00,2025-12-31T18:00:00+00:00,120.0,2025-11-30T19:00:00+00:00,2025-12-31T19:00:00+00:00,0
2026-01-05T19:00:00+00:00,2026-01-06T15:00:00+00:00,turbine_1,21,0.805132990169148,0.6966666666666667,0.10846632350248131,0.01,10.75,-0.3,0.2943661009678695,1.0,True,open_meteo_previous_runs,72,2026-01-04T03:00:00+00:00,2025-12-31T18:00:00+00:00,120.0,2025-11-30T19:00:00+00:00,2025-12-31T19:00:00+00:00,0
2026-01-05T19:00:00+00:00,2026-01-06T16:00:00+00:00,turbine_1,22,0.7782199406565159,0.4633333333333333,0.3148866073231826,0.01,10.57,-0.4,0.26745305145523746,1.0,True,open_meteo_previous_runs,72,2026-01-04T04:00:00+00:00,2025-12-31T18:00:00+00:00,120.0,2025-11-30T19:00:00+00:00,2025-12-31T19:00:00+00:00,0
2026-01-05T19:00:00+00:00,2026-01-06T17:00:00+00:00,turbine_1,23,0.537290673338064,0.2299999999999999,0.30729067333806415,0.01,10.21,-0.4,0.026523784136785578,1.0,True,open_meteo_previous_runs,72,2026-01-04T05:00:00+00:00,2025-12-31T18:00:00+00:00,120.0,2025-11-30T19:00:00+00:00,2025-12-31T19:00:00+00:00,0
2026-01-05T19:00:00+00:00,2026-01-06T18:00:00+00:00,turbine_1,24,0.4710300841402806,0.02,0.45103008414028056,0.01,9.69,-0.8,0.0,0.981796973341559,True,open_meteo_previous_runs,72,2026-01-04T06:00:00+00:00,2025-12-31T18:00:00+00:00,120.0,2025-11-30T19:00:00+00:00,2025-12-31T19:00:00+00:00,0
2026-01-05T19:00:00+00:00,2026-01-06T19:00:00+00:00,turbine_1,25,0.44573336385135437,0.01,0.43573336385135436,0.01,9.44,-0.9,0.0,0.927248557452764,True,open_meteo_previous_runs,72,2026-01-04T07:00:00+00:00,2025-12-31T18:00:00+00:00,120.0,2025-11-30T19:00:00+00:00,2025-12-31T19:00:00+00:00,0
2026-01-05T19:00:00+00:00,2026-01-06T20:00:00+00:00,turbine_1,26,0.40826151792724696,0.0283333333333333,0.37992818459391364,0.01,8.99,-1.1,0.0,0.8897767115286567,True,open_meteo_previous_runs,72,2026-01-04T08:00:00+00:00,2025-12-31T18:00:00+00:00,120.0,2025-11-30T19:00:00+00:00,2025-12-31T19:00:00+00:00,0
2026-01-05T19:00:00+00:00,2026-01-06T21:00:00+00:00,turbine_1,27,0.36255304752236345,0.0283333333333333,0.3342197141890301,0.01,8.32,-1.3,0.0,0.8440682411237732,True,open_meteo_previous_runs,72,2026-01-04T09:00:00+00:00,2025-12-31T18:00:00+00:00,120.0,2025-11-30T19:00:00+00:00,2025-12-31T19:00:00+00:00,0
2026-01-05T19:00:00+00:00,2026-01-06T22:00:00+00:00,turbine_1,28,0.3450138693716844,0.01,0.33501386937168437,0.01,7.96,-1.5,0.0,0.8265290629730941,True,open_meteo_previous_runs,72,2026-01-04T10:00:00+00:00,2025-12-31T18:00:00+00:00,120.0,2025-11-30T19:00:00+00:00,2025-12-31T19:00:00+00:00,0
2026-01-05T19:00:00+00:00,2026-01-06T23:00:00+00:00,turbine_1,29,0.33799541306345343,0.01,0.3279954130634534,0.01,7.45,-1.6,0.0,0.8195106066648632,True,open_meteo_previous_runs,72,2026-01-04T11:00:00+00:00,2025-12-31T18:00:00+00:00,120.0,2025-11-30T19:00:00+00:00,2025-12-31T19:00:00+00:00,0
2026-01-05T19:00:00+00:00,2026-01-07T00:00:00+00:00,turbine_1,30,0.42352539358222296,0.01,0.41352539358222296,0.01,7.02,-1.9,0.0,0.9050405871836327,True,open_meteo_previous_runs,72,2026-01-04T12:00:00+00:00,2025-12-31T18:00:00+00:00,120.0,2025-11-30T19:00:00+00:00,2025-12-31T19:00:00+00:00,0
2026-01-05T19:00:00+00:00,2026-01-07T01:00:00+00:00,turbine_1,31,0.414120588070285,0.01,0.404120588070285,0.01,6.94,-2.3,0.0,0.8956357816716947,True,open_meteo_previous_runs,72,2026-01-04T13:00:00+00:00,2025-12-31T18:00:00+00:00,120.0,2025-11-30T19:00:00+00:00,2025-12-31T19:00:00+00:00,0
2026-01-05T19:00:00+00:00,2026-01-07T02:00:00+00:00,turbine_1,32,0.39988453977267274,0.01,0.38988453977267273,0.01,7.15,-2.4,0.0,0.8813997333740824,True,open_meteo_previous_runs,72,2026-01-04T14:00:00+00:00,2025-12-31T18:00:00+00:00,120.0,2025-11-30T19:00:00+00:00,2025-12-31T19:00:00+00:00,0
2026-01-05T19:00:00+00:00,2026-01-07T03:00:00+00:00,turbine_1,33,0.39988453977267274,0.01,0.38988453977267273,0.01,6.95,-1.5,0.0,0.8813997333740824,True,open_meteo_previous_runs,72,2026-01-04T15:00:00+00:00,2025-12-31T18:00:00+00:00,120.0,2025-11-30T19:00:00+00:00,2025-12-31T19:00:00+00:00,0
2026-01-05T19:00:00+00:00,2026-01-07T04:00:00+00:00,turbine_1,34,0.3142097328438923,0.01,0.3042097328438923,0.01,6.85,-0.2,0.0,0.795724926445302,True,open_meteo_previous_runs,72,2026-01-04T16:00:00+00:00,2025-12-31T18:00:00+00:00,120.0,2025-11-30T19:00:00+00:00,2025-12-31T19:00:00+00:00,0
2026-01-05T19:00:00+00:00,2026-01-07T05:00:00+00:00,turbine_1,35,0.30839198929026984,0.01,0.29839198929026983,0.01,7.12,1.0,0.0,0.7899071828916795,True,open_meteo_previous_runs,72,2026-01-04T17:00:00+00:00,2025-12-31T18:00:00+00:00,120.0,2025-11-30T19:00:00+00:00,2025-12-31T19:00:00+00:00,0
2026-01-05T19:00:00+00:00,2026-01-07T06:00:00+00:00,turbine_1,36,0.32652752989012807,0.01,0.31652752989012806,0.01,6.72,1.3,0.0,0.8080427234915377,True,open_meteo_previous_runs,72,2026-01-04T18:00:00+00:00,2025-12-31T18:00:00+00:00,120.0,2025-11-30T19:00:00+00:00,2025-12-31T19:00:00+00:00,0
2026-01-05T19:00:00+00:00,2026-01-07T07:00:00+00:00,turbine_1,37,0.299706182061828,0.01,0.28970618206182797,0.01,6.59,2.3,0.0,0.7812213756632377,True,open_meteo_previous_runs,72,2026-01-04T19:00:00+00:00,2025-12-31T18:00:00+00:00,120.0,2025-11-30T19:00:00+00:00,2025-12-31T19:00:00+00:00,0
2026-01-05T19:00:00+00:00,2026-01-07T08:00:00+00:00,turbine_1,38,0.2980070075952617,0.01,0.2880070075952617,0.01,6.23,3.0,0.0,0.7795222011966714,True,open_meteo_previous_runs,72,2026-01-04T20:00:00+00:00,2025-12-31T18:00:00+00:00,120.0,2025-11-30T19:00:00+00:00,2025-12-31T19:00:00+00:00,0
2026-01-05T19:00:00+00:00,2026-01-07T09:00:00+00:00,turbine_1,39,0.2980070075952617,0.01,0.2880070075952617,0.01,6.12,3.4,0.0,0.7795222011966714,True,open_meteo_previous_runs,72,2026-01-04T21:00:00+00:00,2025-12-31T18:00:00+00:00,120.0,2025-11-30T19:00:00+00:00,2025-12-31T19:00:00+00:00,0
2026-01-05T19:00:00+00:00,2026-01-07T10:00:00+00:00,turbine_1,40,0.3290898717153848,0.01,0.3190898717153848,0.01,6.66,3.1,0.0,0.8106050653167944,True,open_meteo_previous_runs,72,2026-01-04T22:00:00+00:00,2025-12-31T18:00:00+00:00,120.0,2025-11-30T19:00:00+00:00,2025-12-31T19:00:00+00:00,0
2026-01-05T19:00:00+00:00,2026-01-07T11:00:00+00:00,turbine_1,41,0.35291713130511393,0.0116666666666666,0.3412504646384473,0.01,8.03,0.6,0.0,0.8344323249065236,True,open_meteo_previous_runs,72,2026-01-04T23:00:00+00:00,2025-12-31T18:00:00+00:00,120.0,2025-11-30T19:00:00+00:00,2025-12-31T19:00:00+00:00,0
2026-01-05T19:00:00+00:00,2026-01-07T12:00:00+00:00,turbine_1,42,0.43303662546258354,0.0283333333333333,0.4047032921292502,0.01,8.68,-0.8,0.0,0.9145518190639932,True,open_meteo_previous_runs,72,2026-01-05T00:00:00+00:00,2025-12-31T18:00:00+00:00,120.0,2025-11-30T19:00:00+00:00,2025-12-31T19:00:00+00:00,0
2026-01-05T19:00:00+00:00,2026-01-07T13:00:00+00:00,turbine_1,43,0.4992361456413496,0.02,0.4792361456413496,0.01,9.13,-1.1,0.017720952039939897,0.9807513392427594,True,open_meteo_previous_runs,72,2026-01-05T01:00:00+00:00,2025-12-31T18:00:00+00:00,120.0,2025-11-30T19:00:00+00:00,2025-12-31T19:00:00+00:00,0
2026-01-05T19:00:00+00:00,2026-01-07T14:00:00+00:00,turbine_1,44,0.5362175560060759,0.0116666666666666,0.5245508893394093,0.01,9.32,-1.4,0.054702362404666194,1.0,True,open_meteo_previous_runs,72,2026-01-05T02:00:00+00:00,2025-12-31T18:00:00+00:00,120.0,2025-11-30T19:00:00+00:00,2025-12-31T19:00:00+00:00,0
2026-01-05T19:00:00+00:00,2026-01-07T15:00:00+00:00,turbine_1,45,0.4961700506956544,0.01,0.4861700506956544,0.01,9.0,-1.5,0.014654857094244689,0.977685244297064,True,open_meteo_previous_runs,72,2026-01-05T03:00:00+00:00,2025-12-31T18:00:00+00:00,120.0,2025-11-30T19:00:00+00:00,2025-12-31T19:00:00+00:00,0
2026-01-05T19:00:00+00:00,2026-01-07T16:00:00+00:00,turbine_1,46,0.536245267423379,0.01,0.526245267423379,0.01,9.59,-1.7,0.05473007382196926,1.0,True,open_meteo_previous_runs,72,2026-01-05T04:00:00+00:00,2025-12-31T18:00:00+00:00,120.0,2025-11-30T19:00:00+00:00,2025-12-31T19:00:00+00:00,0
2026-01-05T19:00:00+00:00,2026-01-07T17:00:00+00:00,turbine_1,47,0.5273345425890253,0.01,0.5173345425890253,0.01,9.54,-1.8,0.04581934898761564,1.0,True,open_meteo_previous_runs,72,2026-01-05T05:00:00+00:00,2025-12-31T18:00:00+00:00,120.0,2025-11-30T19:00:00+00:00,2025-12-31T19:00:00+00:00,0
2026-01-05T19:00:00+00:00,2026-01-07T18:00:00+00:00,turbine_1,48,0.5079686402768301,0.01,0.4979686402768301,0.01,9.5,-2.1,0.026453446675420378,0.9894838338782398,True,open_meteo_previous_runs,72,2026-01-05T06:00:00+00:00,2025-12-31T18:00:00+00:00,120.0,2025-11-30T19:00:00+00:00,2025-12-31T19:00:00+00:00,0
2026-01-06T19:00:00+00:00,2026-01-06T19:00:00+00:00,turbine_1,1,0.4280805566504481,0.01,0.4180805566504481,0.01,9.44,-0.9,0.0,0.9388474458517265,True,open_meteo_previous_runs,72,2026-01-04T07:00:00+00:00,2025-12-31T18:00:00+00:00,144.0,2025-11-30T19:00:00+00:00,2025-12-31T19:00:00+00:00,0
2026-01-06T19:00:00+00:00,2026-01-06T20:00:00+00:00,turbine_1,2,0.392891187066598,0.0283333333333333,0.36455785373326466,0.01,8.99,-1.1,0.0,0.9036580762678764,True,open_meteo_previous_runs,72,2026-01-04T08:00:00+00:00,2025-12-31T18:00:00+00:00,144.0,2025-11-30T19:00:00+00:00,2025-12-31T19:00:00+00:00,0
2026-01-06T19:00:00+00:00,2026-01-06T21:00:00+00:00,turbine_1,3,0.34718271666171446,0.0283333333333333,0.31884938332838114,0.01,8.32,-1.3,0.0,0.857949605862993,True,open_meteo_previous_runs,72,2026-01-04T09:00:00+00:00,2025-12-31T18:00:00+00:00,144.0,2025-11-30T19:00:00+00:00,2025-12-31T19:00:00+00:00,0
2026-01-06T19:00:00+00:00,2026-01-06T22:00:00+00:00,turbine_1,4,0.3296435385110354,0.01,0.3196435385110354,0.01,7.96,-1.5,0.0,0.8404104277123139,True,open_meteo_previous_runs,72,2026-01-04T10:00:00+00:00,2025-12-31T18:00:00+00:00,144.0,2025-11-30T19:00:00+00:00,2025-12-31T19:00:00+00:00,0
2026-01-06T19:00:00+00:00,2026-01-06T23:00:00+00:00,turbine_1,5,0.33799541306345343,0.01,0.3279954130634534,0.01,7.45,-1.6,0.0,0.8487623022647319,True,open_meteo_previous_runs,72,2026-01-04T11:00:00+00:00,2025-12-31T18:00:00+00:00,144.0,2025-11-30T19:00:00+00:00,2025-12-31T19:00:00+00:00,0
2026-01-06T19:00:00+00:00,2026-01-07T00:00:00+00:00,turbine_1,6,0.42352539358222296,0.01,0.41352539358222296,0.01,7.02,-1.9,0.0,0.9342922827835014,True,open_meteo_previous_runs,72,2026-01-04T12:00:00+00:00,2025-12-31T18:00:00+00:00,144.0,2025-11-30T19:00:00+00:00,2025-12-31T19:00:00+00:00,0
2026-01-06T19:00:00+00:00,2026-01-07T01:00:00+00:00,turbine_1,7,0.414120588070285,0.01,0.404120588070285,0.01,6.94,-2.3,0.0,0.9248874772715634,True,open_meteo_previous_runs,72,2026-01-04T13:00:00+00:00,2025-12-31T18:00:00+00:00,144.0,2025-11-30T19:00:00+00:00,2025-12-31T19:00:00+00:00,0
2026-01-06T19:00:00+00:00,2026-01-07T02:00:00+00:00,turbine_1,8,0.39988453977267274,0.01,0.38988453977267273,0.01,7.15,-2.4,0.0,0.9106514289739511,True,open_meteo_previous_runs,72,2026-01-04T14:00:00+00:00,2025-12-31T18:00:00+00:00,144.0,2025-11-30T19:00:00+00:00,2025-12-31T19:00:00+00:00,0
2026-01-06T19:00:00+00:00,2026-01-07T03:00:00+00:00,turbine_1,9,0.39988453977267274,0.01,0.38988453977267273,0.01,6.95,-1.5,0.0,0.9106514289739511,True,open_meteo_previous_runs,72,2026-01-04T15:00:00+00:00,2025-12-31T18:00:00+00:00,144.0,2025-11-30T19:00:00+00:00,2025-12-31T19:00:00+00:00,0
2026-01-06T19:00:00+00:00,2026-01-07T04:00:00+00:00,turbine_1,10,0.3142097328438923,0.01,0.3042097328438923,0.01,6.85,-0.2,0.0,0.8249766220451707,True,open_meteo_previous_runs,72,2026-01-04T16:00:00+00:00,2025-12-31T18:00:00+00:00,144.0,2025-11-30T19:00:00+00:00,2025-12-31T19:00:00+00:00,0
2026-01-06T19:00:00+00:00,2026-01-07T05:00:00+00:00,turbine_1,11,0.30839198929026984,0.01,0.29839198929026983,0.01,7.12,1.0,0.0,0.8191588784915482,True,open_meteo_previous_runs,72,2026-01-04T17:00:00+00:00,2025-12-31T18:00:00+00:00,144.0,2025-11-30T19:00:00+00:00,2025-12-31T19:00:00+00:00,0
2026-01-06T19:00:00+00:00,2026-01-07T06:00:00+00:00,turbine_1,12,0.32652752989012807,0.01,0.31652752989012806,0.01,6.72,1.3,0.0,0.8372944190914064,True,open_meteo_previous_runs,72,2026-01-04T18:00:00+00:00,2025-12-31T18:00:00+00:00,144.0,2025-11-30T19:00:00+00:00,2025-12-31T19:00:00+00:00,0
2026-01-06T19:00:00+00:00,2026-01-07T07:00:00+00:00,turbine_1,13,0.299706182061828,0.01,0.28970618206182797,0.01,6.59,2.3,0.0,0.8104730712631064,True,open_meteo_previous_runs,72,2026-01-04T19:00:00+00:00,2025-12-31T18:00:00+00:00,144.0,2025-11-30T19:00:00+00:00,2025-12-31T19:00:00+00:00,0
2026-01-06T19:00:00+00:00,2026-01-07T08:00:00+00:00,turbine_1,14,0.2980070075952617,0.01,0.2880070075952617,0.01,6.23,3.0,0.0,0.8087738967965401,True,open_meteo_previous_runs,72,2026-01-04T20:00:00+00:00,2025-12-31T18:00:00+00:00,144.0,2025-11-30T19:00:00+00:00,2025-12-31T19:00:00+00:00,0
2026-01-06T19:00:00+00:00,2026-01-07T09:00:00+00:00,turbine_1,15,0.2980070075952617,0.01,0.2880070075952617,0.01,6.12,3.4,0.0,0.8087738967965401,True,open_meteo_previous_runs,72,2026-01-04T21:00:00+00:00,2025-12-31T18:00:00+00:00,144.0,2025-11-30T19:00:00+00:00,2025-12-31T19:00:00+00:00,0
2026-01-06T19:00:00+00:00,2026-01-07T10:00:00+00:00,turbine_1,16,0.3290898717153848,0.01,0.3190898717153848,0.01,6.66,3.1,0.0,0.8398567609166632,True,open_meteo_previous_runs,72,2026-01-04T22:00:00+00:00,2025-12-31T18:00:00+00:00,144.0,2025-11-30T19:00:00+00:00,2025-12-31T19:00:00+00:00,0
2026-01-06T19:00:00+00:00,2026-01-07T11:00:00+00:00,turbine_1,17,0.35291713130511393,0.0116666666666666,0.3412504646384473,0.01,8.03,0.6,0.0,0.8636840205063924,True,open_meteo_previous_runs,72,2026-01-04T23:00:00+00:00,2025-12-31T18:00:00+00:00,144.0,2025-11-30T19:00:00+00:00,2025-12-31T19:00:00+00:00,0
2026-01-06T19:00:00+00:00,2026-01-07T12:00:00+00:00,turbine_1,18,0.43303662546258354,0.0283333333333333,0.4047032921292502,0.01,8.68,-0.8,0.0,0.9438035146638619,True,open_meteo_previous_runs,72,2026-01-05T00:00:00+00:00,2025-12-31T18:00:00+00:00,144.0,2025-11-30T19:00:00+00:00,2025-12-31T19:00:00+00:00,0
2026-01-06T19:00:00+00:00,2026-01-07T13:00:00+00:00,turbine_1,19,0.4992361456413496,0.02,0.4792361456413496,0.01,9.13,-1.1,0.0,1.0,True,open_meteo_previous_runs,72,2026-01-05T01:00:00+00:00,2025-12-31T18:00:00+00:00,144.0,2025-11-30T19:00:00+00:00,2025-12-31T19:00:00+00:00,0
2026-01-06T19:00:00+00:00,2026-01-07T14:00:00+00:00,turbine_1,20,0.5362175560060759,0.0116666666666666,0.5245508893394093,0.01,9.32,-1.4,0.02545066680479746,1.0,True,open_meteo_previous_runs,72,2026-01-05T02:00:00+00:00,2025-12-31T18:00:00+00:00,144.0,2025-11-30T19:00:00+00:00,2025-12-31T19:00:00+00:00,0
2026-01-06T19:00:00+00:00,2026-01-07T15:00:00+00:00,turbine_1,21,0.4961700506956544,0.01,0.4861700506956544,0.01,9.0,-1.5,0.0,1.0,True,open_meteo_previous_runs,72,2026-01-05T03:00:00+00:00,2025-12-31T18:00:00+00:00,144.0,2025-11-30T19:00:00+00:00,2025-12-31T19:00:00+00:00,0
2026-01-06T19:00:00+00:00,2026-01-07T16:00:00+00:00,turbine_1,22,0.536245267423379,0.01,0.526245267423379,0.01,9.59,-1.7,0.02547837822210053,1.0,True,open_meteo_previous_runs,72,2026-01-05T04:00:00+00:00,2025-12-31T18:00:00+00:00,144.0,2025-11-30T19:00:00+00:00,2025-12-31T19:00:00+00:00,0
2026-01-06T19:00:00+00:00,2026-01-07T17:00:00+00:00,turbine_1,23,0.5273345425890253,0.01,0.5173345425890253,0.01,9.54,-1.8,0.016567653387746906,1.0,True,open_meteo_previous_runs,72,2026-01-05T05:00:00+00:00,2025-12-31T18:00:00+00:00,144.0,2025-11-30T19:00:00+00:00,2025-12-31T19:00:00+00:00,0
2026-01-06T19:00:00+00:00,2026-01-07T18:00:00+00:00,turbine_1,24,0.5079686402768301,0.01,0.4979686402768301,0.01,9.5,-2.1,0.0,1.0,True,open_meteo_previous_runs,72,2026-01-05T06:00:00+00:00,2025-12-31T18:00:00+00:00,144.0,2025-11-30T19:00:00+00:00,2025-12-31T19:00:00+00:00,0
2026-01-06T19:00:00+00:00,2026-01-07T19:00:00+00:00,turbine_1,25,0.44464095015458915,0.01,0.43464095015458915,0.01,9.71,-2.2,0.0,0.9261561437559989,True,open_meteo_previous_runs,72,2026-01-05T07:00:00+00:00,2025-12-31T18:00:00+00:00,144.0,2025-11-30T19:00:00+00:00,2025-12-31T19:00:00+00:00,0
2026-01-06T19:00:00+00:00,2026-01-07T20:00:00+00:00,turbine_1,26,0.4864932081036196,0.01,0.4764932081036196,0.01,10.2,-2.2,0.004978014502209915,0.9680084017050293,True,open_meteo_previous_runs,72,2026-01-05T08:00:00+00:00,2025-12-31T18:00:00+00:00,144.0,2025-11-30T19:00:00+00:00,2025-12-31T19:00:00+00:00,0
2026-01-06T19:00:00+00:00,2026-01-07T21:00:00+00:00,turbine_1,27,0.7101893361793559,0.01,0.7001893361793559,0.01,10.79,-2.3,0.22867414257794616,1.0,True,open_meteo_previous_runs,72,2026-01-05T09:00:00+00:00,2025-12-31T18:00:00+00:00,144.0,2025-11-30T19:00:00+00:00,2025-12-31T19:00:00+00:00,0
2026-01-06T19:00:00+00:00,2026-01-07T22:00:00+00:00,turbine_1,28,0.7891658527508224,0.01,0.7791658527508224,0.01,11.19,-2.5,0.3076506591494127,1.0,True,open_meteo_previous_runs,72,2026-01-05T10:00:00+00:00,2025-12-31T18:00:00+00:00,144.0,2025-11-30T19:00:00+00:00,2025-12-31T19:00:00+00:00,0
2026-01-06T19:00:00+00:00,2026-01-07T23:00:00+00:00,turbine_1,29,0.7660106926146797,0.01,0.7560106926146797,0.01,11.42,-2.7,0.28449549901327,1.0,True,open_meteo_previous_runs,72,2026-01-05T11:00:00+00:00,2025-12-31T18:00:00+00:00,144.0,2025-11-30T19:00:00+00:00,2025-12-31T19:00:00+00:00,0
2026-01-06T19:00:00+00:00,2026-01-08T00:00:00+00:00,turbine_1,30,0.5486603520589289,0.01,0.5386603520589289,0.01,10.48,-3.4,0.06714515845751923,1.0,True,open_meteo_previous_runs,72,2026-01-05T12:00:00+00:00,2025-12-31T18:00:00+00:00,144.0,2025-11-30T19:00:00+00:00,2025-12-31T19:00:00+00:00,0
2026-01-06T19:00:00+00:00,2026-01-08T01:00:00+00:00,turbine_1,31,0.7305701316570639,0.01,0.7205701316570639,0.01,10.69,-3.5,0.24905493805565415,1.0,True,open_meteo_previous_runs,72,2026-01-05T13:00:00+00:00,2025-12-31T18:00:00+00:00,144.0,2025-11-30T19:00:00+00:00,2025-12-31T19:00:00+00:00,0
2026-01-06T19:00:00+00:00,2026-01-08T02:00:00+00:00,turbine_1,32,0.7193055957066379,0.01,0.7093055957066379,0.01,10.62,-3.3,0.23779040210522817,1.0,True,open_meteo_previous_runs,72,2026-01-05T14:00:00+00:00,2025-12-31T18:00:00+00:00,144.0,2025-11-30T19:00:00+00:00,2025-12-31T19:00:00+00:00,0
2026-01-06T19:00:00+00:00,2026-01-08T03:00:00+00:00,turbine_1,33,0.7992961869808427,0.01,0.7892961869808427,0.01,11.25,-3.2,0.317780993379433,1.0,True,open_meteo_previous_runs,72,2026-01-05T15:00:00+00:00,2025-12-31T18:00:00+00:00,144.0,2025-11-30T19:00:00+00:00,2025-12-31T19:00:00+00:00,0
2026-01-06T19:00:00+00:00,2026-01-08T04:00:00+00:00,turbine_1,34,0.7356612591389435,0.01,0.7256612591389435,0.01,11.56,-1.4,0.2541460655375338,1.0,True,open_meteo_previous_runs,72,2026-01-05T16:00:00+00:00,2025-12-31T18:00:00+00:00,144.0,2025-11-30T19:00:00+00:00,2025-12-31T19:00:00+00:00,0
2026-01-06T19:00:00+00:00,2026-01-08T05:00:00+00:00,turbine_1,35,0.7926446587112105,0.01,0.7826446587112105,0.01,12.12,0.5,0.3111294651098008,1.0,True,open_meteo_previous_runs,72,2026-01-05T17:00:00+00:00,2025-12-31T18:00:00+00:00,144.0,2025-11-30T19:00:00+00:00,2025-12-31T19:00:00+00:00,0
2026-01-06T19:00:00+00:00,2026-01-08T06:00:00+00:00,turbine_1,36,0.7760020907396088,0.01,0.7660020907396088,0.01,11.73,1.8,0.2944868971381991,1.0,True,open_meteo_previous_runs,72,2026-01-05T18:00:00+00:00,2025-12-31T18:00:00+00:00,144.0,2025-11-30T19:00:00+00:00,2025-12-31T19:00:00+00:00,0
2026-01-06T19:00:00+00:00,2026-01-08T07:00:00+00:00,turbine_1,37,0.792906113155492,0.01,0.782906113155492,0.01,11.55,2.4,0.31139091955408227,1.0,True,open_meteo_previous_runs,72,2026-01-05T19:00:00+00:00,2025-12-31T18:00:00+00:00,144.0,2025-11-30T19:00:00+00:00,2025-12-31T19:00:00+00:00,0
2026-01-06T19:00:00+00:00,2026-01-08T08:00:00+00:00,turbine_1,38,0.8081485829830366,0.0083333333333333,0.7998152496497033,0.01,11.09,3.3,0.3266333893816269,1.0,True,open_meteo_previous_runs,72,2026-01-05T20:00:00+00:00,2025-12-31T18:00:00+00:00,144.0,2025-11-30T19:00:00+00:00,2025-12-31T19:00:00+00:00,0
2026-01-06T19:00:00+00:00,2026-01-08T09:00:00+00:00,turbine_1,39,0.8081485829830366,0.01,0.7981485829830366,0.01,11.05,3.6,0.3266333893816269,1.0,True,open_meteo_previous_runs,72,2026-01-05T21:00:00+00:00,2025-12-31T18:00:00+00:00,144.0,2025-11-30T19:00:00+00:00,2025-12-31T19:00:00+00:00,0
2026-01-06T19:00:00+00:00,2026-01-08T10:00:00+00:00,turbine_1,40,0.5522102965420025,0.1833333333333333,0.3688769632086692,0.01,10.53,2.6,0.07069510294059278,1.0,True,open_meteo_previous_runs,72,2026-01-05T22:00:00+00:00,2025-12-31T18:00:00+00:00,144.0,2025-11-30T19:00:00+00:00,2025-12-31T19:00:00+00:00,0
2026-01-06T19:00:00+00:00,2026-01-08T11:00:00+00:00,turbine_1,41,0.5521082555838926,0.1383333333333333,0.41377492225055934,0.01,10.27,0.7,0.07059306198248294,1.0,True,open_meteo_previous_runs,72,2026-01-05T23:00:00+00:00,2025-12-31T18:00:00+00:00,144.0,2025-11-30T19:00:00+00:00,2025-12-31T19:00:00+00:00,0
2026-01-06T19:00:00+00:00,2026-01-08T12:00:00+00:00,turbine_1,42,0.548644135964021,0.135,0.41364413596402094,0.01,10.29,-0.9,0.06712894236261124,1.0,True,open_meteo_previous_runs,72,2026-01-06T00:00:00+00:00,2025-12-31T18:00:00+00:00,144.0,2025-11-30T19:00:00+00:00,2025-12-31T19:00:00+00:00,0
2026-01-06T19:00:00+00:00,2026-01-08T13:00:00+00:00,turbine_1,43,0.5707476541061102,0.12,0.4507476541061102,0.01,10.14,-1.5,0.08923246050470046,1.0,True,open_meteo_previous_runs,72,2026-01-06T01:00:00+00:00,2025-12-31T18:00:00+00:00,144.0,2025-11-30T19:00:00+00:00,2025-12-31T19:00:00+00:00,0
2026-01-06T19:00:00+00:00,2026-01-08T14:00:00+00:00,turbine_1,44,0.6077290644708365,0.01,0.5977290644708365,0.01,9.9,-1.6,0.12621387086942681,1.0,True,open_meteo_previous_runs,72,2026-01-06T02:00:00+00:00,2025-12-31T18:00:00+00:00,144.0,2025-11-30T19:00:00+00:00,2025-12-31T19:00:00+00:00,0
2026-01-06T19:00:00+00:00,2026-01-08T15:00:00+00:00,turbine_1,45,0.5414684752730535,0.0133333333333333,0.5281351419397202,0.01,9.69,-1.8,0.05995328167164382,1.0,True,open_meteo_previous_runs,72,2026-01-06T03:00:00+00:00,2025-12-31T18:00:00+00:00,144.0,2025-11-30T19:00:00+00:00,2025-12-31T19:00:00+00:00,0
2026-01-06T19:00:00+00:00,2026-01-08T16:00:00+00:00,turbine_1,46,0.5216590964090441,0.0133333333333333,0.5083257630757108,0.01,9.63,-1.9,0.04014390280763436,1.0,True,open_meteo_previous_runs,72,2026-01-06T04:00:00+00:00,2025-12-31T18:00:00+00:00,144.0,2025-11-30T19:00:00+00:00,2025-12-31T19:00:00+00:00,0
2026-01-06T19:00:00+00:00,2026-01-08T17:00:00+00:00,turbine_1,47,0.5262421288922603,0.01,0.5162421288922603,0.01,9.76,-2.0,0.04472693529085059,1.0,True,open_meteo_previous_runs,72,2026-01-06T05:00:00+00:00,2025-12-31T18:00:00+00:00,144.0,2025-11-30T19:00:00+00:00,2025-12-31T19:00:00+00:00,0
2026-01-06T19:00:00+00:00,2026-01-08T18:00:00+00:00,turbine_1,48,0.8759902760236138,0.01,0.8659902760236138,0.01,11.27,-1.8,0.3944750824222041,1.0,True,open_meteo_previous_runs,72,2026-01-06T06:00:00+00:00,2025-12-31T18:00:00+00:00,144.0,2025-11-30T19:00:00+00:00,2025-12-31T19:00:00+00:00,0
2026-01-07T19:00:00+00:00,2026-01-07T19:00:00+00:00,turbine_1,1,0.42698814295368287,0.01,0.41698814295368286,0.01,9.71,-2.2,0.0,0.9377550321549613,True,open_meteo_previous_runs,72,2026-01-05T07:00:00+00:00,2025-12-31T18:00:00+00:00,168.0,2025-11-30T19:00:00+00:00,2025-12-31T19:00:00+00:00,0
2026-01-07T19:00:00+00:00,2026-01-07T20:00:00+00:00,turbine_1,2,0.46884040090271334,0.01,0.45884040090271333,0.01,10.2,-2.2,0.0,0.9796072901039918,True,open_meteo_previous_runs,72,2026-01-05T08:00:00+00:00,2025-12-31T18:00:00+00:00,168.0,2025-11-30T19:00:00+00:00,2025-12-31T19:00:00+00:00,0
2026-01-07T19:00:00+00:00,2026-01-07T21:00:00+00:00,turbine_1,3,0.6925365289784496,0.01,0.6825365289784496,0.01,10.79,-2.3,0.1817696397771712,1.0,True,open_meteo_previous_runs,72,2026-01-05T09:00:00+00:00,2025-12-31T18:00:00+00:00,168.0,2025-11-30T19:00:00+00:00,2025-12-31T19:00:00+00:00,0
2026-01-07T19:00:00+00:00,2026-01-07T22:00:00+00:00,turbine_1,4,0.7715130455499162,0.01,0.7615130455499162,0.01,11.19,-2.5,0.26074615634863774,1.0,True,open_meteo_previous_runs,72,2026-01-05T10:00:00+00:00,2025-12-31T18:00:00+00:00,168.0,2025-11-30T19:00:00+00:00,2025-12-31T19:00:00+00:00,0
2026-01-07T19:00:00+00:00,2026-01-07T23:00:00+00:00,turbine_1,5,0.7630725007868303,0.01,0.7530725007868303,0.01,11.42,-2.7,0.25230561158555187,1.0,True,open_meteo_previous_runs,72,2026-01-05T11:00:00+00:00,2025-12-31T18:00:00+00:00,168.0,2025-11-30T19:00:00+00:00,2025-12-31T19:00:00+00:00,0
2026-01-07T19:00:00+00:00,2026-01-08T00:00:00+00:00,turbine_1,6,0.5457221602310796,0.01,0.5357221602310795,0.01,10.48,-3.4,0.034955271029801116,1.0,True,open_meteo_previous_runs,72,2026-01-05T12:00:00+00:00,2025-12-31T18:00:00+00:00,168.0,2025-11-30T19:00:00+00:00,2025-12-31T19:00:00+00:00,0
2026-01-07T19:00:00+00:00,2026-01-08T01:00:00+00:00,turbine_1,7,0.7276319398292145,0.01,0.7176319398292145,0.01,10.69,-3.5,0.21686505062793604,1.0,True,open_meteo_previous_runs,72,2026-01-05T13:00:00+00:00,2025-12-31T18:00:00+00:00,168.0,2025-11-30T19:00:00+00:00,2025-12-31T19:00:00+00:00,0
2026-01-07T19:00:00+00:00,2026-01-08T02:00:00+00:00,turbine_1,8,0.7163674038787885,0.01,0.7063674038787885,0.01,10.62,-3.3,0.20560051467751006,1.0,True,open_meteo_previous_runs,72,2026-01-05T14:00:00+00:00,2025-12-31T18:00:00+00:00,168.0,2025-11-30T19:00:00+00:00,2025-12-31T19:00:00+00:00,0
2026-01-07T19:00:00+00:00,2026-01-08T03:00:00+00:00,turbine_1,9,0.7963579951529933,0.01,0.7863579951529933,0.01,11.25,-3.2,0.2855911059517149,1.0,True,open_meteo_previous_runs,72,2026-01-05T15:00:00+00:00,2025-12-31T18:00:00+00:00,168.0,2025-11-30T19:00:00+00:00,2025-12-31T19:00:00+00:00,0
2026-01-07T19:00:00+00:00,2026-01-08T04:00:00+00:00,turbine_1,10,0.7356612591389435,0.01,0.7256612591389435,0.01,11.56,-1.4,0.2248943699376651,1.0,True,open_meteo_previous_runs,72,2026-01-05T16:00:00+00:00,2025-12-31T18:00:00+00:00,168.0,2025-11-30T19:00:00+00:00,2025-12-31T19:00:00+00:00,0
2026-01-07T19:00:00+00:00,2026-01-08T05:00:00+00:00,turbine_1,11,0.7926446587112105,0.01,0.7826446587112105,0.01,12.12,0.5,0.28187776950993204,1.0,True,open_meteo_previous_runs,72,2026-01-05T17:00:00+00:00,2025-12-31T18:00:00+00:00,168.0,2025-11-30T19:00:00+00:00,2025-12-31T19:00:00+00:00,0
2026-01-07T19:00:00+00:00,2026-01-08T06:00:00+00:00,turbine_1,12,0.7760020907396088,0.01,0.7660020907396088,0.01,11.73,1.8,0.26523520153833036,1.0,True,open_meteo_previous_runs,72,2026-01-05T18:00:00+00:00,2025-12-31T18:00:00+00:00,168.0,2025-11-30T19:00:00+00:00,2025-12-31T19:00:00+00:00,0
2026-01-07T19:00:00+00:00,2026-01-08T07:00:00+00:00,turbine_1,13,0.792906113155492,0.01,0.782906113155492,0.01,11.55,2.4,0.28213922395421354,1.0,True,open_meteo_previous_runs,72,2026-01-05T19:00:00+00:00,2025-12-31T18:00:00+00:00,168.0,2025-11-30T19:00:00+00:00,2025-12-31T19:00:00+00:00,0
2026-01-07T19:00:00+00:00,2026-01-08T08:00:00+00:00,turbine_1,14,0.8081485829830366,0.0083333333333333,0.7998152496497033,0.01,11.09,3.3,0.29738169378175816,1.0,True,open_meteo_previous_runs,72,2026-01-05T20:00:00+00:00,2025-12-31T18:00:00+00:00,168.0,2025-11-30T19:00:00+00:00,2025-12-31T19:00:00+00:00,0
2026-01-07T19:00:00+00:00,2026-01-08T09:00:00+00:00,turbine_1,15,0.8081485829830366,0.01,0.7981485829830366,0.01,11.05,3.6,0.29738169378175816,1.0,True,open_meteo_previous_runs,72,2026-01-05T21:00:00+00:00,2025-12-31T18:00:00+00:00,168.0,2025-11-30T19:00:00+00:00,2025-12-31T19:00:00+00:00,0
2026-01-07T19:00:00+00:00,2026-01-08T10:00:00+00:00,turbine_1,16,0.5522102965420025,0.1833333333333333,0.3688769632086692,0.01,10.53,2.6,0.04144340734072405,1.0,True,open_meteo_previous_runs,72,2026-01-05T22:00:00+00:00,2025-12-31T18:00:00+00:00,168.0,2025-11-30T19:00:00+00:00,2025-12-31T19:00:00+00:00,0
2026-01-07T19:00:00+00:00,2026-01-08T11:00:00+00:00,turbine_1,17,0.5521082555838926,0.1383333333333333,0.41377492225055934,0.01,10.27,0.7,0.04134136638261421,1.0,True,open_meteo_previous_runs,72,2026-01-05T23:00:00+00:00,2025-12-31T18:00:00+00:00,168.0,2025-11-30T19:00:00+00:00,2025-12-31T19:00:00+00:00,0
2026-01-07T19:00:00+00:00,2026-01-08T12:00:00+00:00,turbine_1,18,0.548644135964021,0.135,0.41364413596402094,0.01,10.29,-0.9,0.03787724676274251,1.0,True,open_meteo_previous_runs,72,2026-01-06T00:00:00+00:00,2025-12-31T18:00:00+00:00,168.0,2025-11-30T19:00:00+00:00,2025-12-31T19:00:00+00:00,0
2026-01-07T19:00:00+00:00,2026-01-08T13:00:00+00:00,turbine_1,19,0.5707476541061102,0.12,0.4507476541061102,0.01,10.14,-1.5,0.05998076490483173,1.0,True,open_meteo_previous_runs,72,2026-01-06T01:00:00+00:00,2025-12-31T18:00:00+00:00,168.0,2025-11-30T19:00:00+00:00,2025-12-31T19:00:00+00:00,0
2026-01-07T19:00:00+00:00,2026-01-08T14:00:00+00:00,turbine_1,20,0.6077290644708365,0.01,0.5977290644708365,0.01,9.9,-1.6,0.09696217526955808,1.0,True,open_meteo_previous_runs,72,2026-01-06T02:00:00+00:00,2025-12-31T18:00:00+00:00,168.0,2025-11-30T19:00:00+00:00,2025-12-31T19:00:00+00:00,0
2026-01-07T19:00:00+00:00,2026-01-08T15:00:00+00:00,turbine_1,21,0.5414684752730535,0.0133333333333333,0.5281351419397202,0.01,9.69,-1.8,0.03070158607177509,1.0,True,open_meteo_previous_runs,72,2026-01-06T03:00:00+00:00,2025-12-31T18:00:00+00:00,168.0,2025-11-30T19:00:00+00:00,2025-12-31T19:00:00+00:00,0
2026-01-07T19:00:00+00:00,2026-01-08T16:00:00+00:00,turbine_1,22,0.5216590964090441,0.0133333333333333,0.5083257630757108,0.01,9.63,-1.9,0.010892207207765625,1.0,True,open_meteo_previous_runs,72,2026-01-06T04:00:00+00:00,2025-12-31T18:00:00+00:00,168.0,2025-11-30T19:00:00+00:00,2025-12-31T19:00:00+00:00,0
2026-01-07T19:00:00+00:00,2026-01-08T17:00:00+00:00,turbine_1,23,0.5262421288922603,0.01,0.5162421288922603,0.01,9.76,-2.0,0.015475239690981857,1.0,True,open_meteo_previous_runs,72,2026-01-06T05:00:00+00:00,2025-12-31T18:00:00+00:00,168.0,2025-11-30T19:00:00+00:00,2025-12-31T19:00:00+00:00,0
2026-01-07T19:00:00+00:00,2026-01-08T18:00:00+00:00,turbine_1,24,0.8759902760236138,0.01,0.8659902760236138,0.01,11.27,-1.8,0.36522338682233535,1.0,True,open_meteo_previous_runs,72,2026-01-06T06:00:00+00:00,2025-12-31T18:00:00+00:00,168.0,2025-11-30T19:00:00+00:00,2025-12-31T19:00:00+00:00,0
2026-01-07T19:00:00+00:00,2026-01-08T19:00:00+00:00,turbine_1,25,0.7823016364317992,0.0116666666666666,0.7706349697651326,0.01,11.58,-1.8,0.30078644283038947,1.0,True,open_meteo_previous_runs,72,2026-01-06T07:00:00+00:00,2025-12-31T18:00:00+00:00,168.0,2025-11-30T19:00:00+00:00,2025-12-31T19:00:00+00:00,0
2026-01-07T19:00:00+00:00,2026-01-08T20:00:00+00:00,turbine_1,26,0.8105779331706082,0.01,0.8005779331706082,0.01,11.83,-1.8,0.3290627395691985,1.0,True,open_meteo_previous_runs,72,2026-01-06T08:00:00+00:00,2025-12-31T18:00:00+00:00,168.0,2025-11-30T19:00:00+00:00,2025-12-31T19:00:00+00:00,0
2026-01-07T19:00:00+00:00,2026-01-08T21:00:00+00:00,turbine_1,27,0.8206196253917145,0.0133333333333333,0.8072862920583812,0.01,12.24,-1.9,0.3391044317903048,1.0,True,open_meteo_previous_runs,72,2026-01-06T09:00:00+00:00,2025-12-31T18:00:00+00:00,168.0,2025-11-30T19:00:00+00:00,2025-12-31T19:00:00+00:00,0
2026-01-07T19:00:00+00:00,2026-01-08T22:00:00+00:00,turbine_1,28,0.8399855277039097,0.01,0.8299855277039097,0.01,12.02,-2.2,0.35847033410249995,1.0,True,open_meteo_previous_runs,72,2026-01-06T10:00:00+00:00,2025-12-31T18:00:00+00:00,168.0,2025-11-30T19:00:00+00:00,2025-12-31T19:00:00+00:00,0
2026-01-07T19:00:00+00:00,2026-01-08T23:00:00+00:00,turbine_1,29,0.7933860904342475,0.01,0.7833860904342475,0.01,11.8,-2.6,0.31187089683283775,1.0,True,open_meteo_previous_runs,72,2026-01-06T11:00:00+00:00,2025-12-31T18:00:00+00:00,168.0,2025-11-30T19:00:00+00:00,2025-12-31T19:00:00+00:00,0
2026-01-07T19:00:00+00:00,2026-01-09T00:00:00+00:00,turbine_1,30,0.8673031178360312,0.01,0.8573031178360312,0.01,12.79,-2.3,0.3857879242346215,1.0,True,open_meteo_previous_runs,72,2026-01-06T12:00:00+00:00,2025-12-31T18:00:00+00:00,168.0,2025-11-30T19:00:00+00:00,2025-12-31T19:00:00+00:00,0
2026-01-07T19:00:00+00:00,2026-01-09T01:00:00+00:00,turbine_1,31,0.8661398268387032,0.01,0.8561398268387032,0.01,12.51,-2.4,0.38462463323729346,1.0,True,open_meteo_previous_runs,72,2026-01-06T13:00:00+00:00,2025-12-31T18:00:00+00:00,168.0,2025-11-30T19:00:00+00:00,2025-12-31T19:00:00+00:00,0
2026-01-07T19:00:00+00:00,2026-01-09T02:00:00+00:00,turbine_1,32,0.8492149630146887,0.01,0.8392149630146887,0.01,11.93,-2.7,0.367699769413279,1.0,True,open_meteo_previous_runs,72,2026-01-06T14:00:00+00:00,2025-12-31T18:00:00+00:00,168.0,2025-11-30T19:00:00+00:00,2025-12-31T19:00:00+00:00,0
2026-01-07T19:00:00+00:00,2026-01-09T03:00:00+00:00,turbine_1,33,0.7983952880616014,0.01,0.7883952880616014,0.01,11.49,-2.3,0.3168800944601917,1.0,True,open_meteo_previous_runs,72,2026-01-06T15:00:00+00:00,2025-12-31T18:00:00+00:00,168.0,2025-11-30T19:00:00+00:00,2025-12-31T19:00:00+00:00,0
2026-01-07T19:00:00+00:00,2026-01-09T04:00:00+00:00,turbine_1,34,0.678092634889316,0.01,0.668092634889316,0.01,10.99,-0.3,0.19657744128790633,1.0,True,open_meteo_previous_runs,72,2026-01-06T16:00:00+00:00,2025-12-31T18:00:00+00:00,168.0,2025-11-30T19:00:00+00:00,2025-12-31T19:00:00+00:00,0
2026-01-07T19:00:00+00:00,2026-01-09T05:00:00+00:00,turbine_1,35,0.6892839741234561,0.01,0.6792839741234561,0.01,10.98,1.6,0.2077687805220464,1.0,True,open_meteo_previous_runs,72,2026-01-06T17:00:00+00:00,2025-12-31T18:00:00+00:00,168.0,2025-11-30T19:00:00+00:00,2025-12-31T19:00:00+00:00,0
2026-01-07T19:00:00+00:00,2026-01-09T06:00:00+00:00,turbine_1,36,0.826821765692696,0.01,0.816821765692696,0.01,12.22,3.9,0.34530657209128635,1.0,True,open_meteo_previous_runs,72,2026-01-06T18:00:00+00:00,2025-12-31T18:00:00+00:00,168.0,2025-11-30T19:00:00+00:00,2025-12-31T19:00:00+00:00,0
2026-01-07T19:00:00+00:00,2026-01-09T07:00:00+00:00,turbine_1,37,0.8348067957585223,0.01,0.8248067957585223,0.01,12.07,5.1,0.35329160215711264,1.0,True,open_meteo_previous_runs,72,2026-01-06T19:00:00+00:00,2025-12-31T18:00:00+00:00,168.0,2025-11-30T19:00:00+00:00,2025-12-31T19:00:00+00:00,0
2026-01-07T19:00:00+00:00,2026-01-09T08:00:00+00:00,turbine_1,38,0.8081485829830366,0.0116666666666666,0.79648191631637,0.01,11.31,5.0,0.3266333893816269,1.0,True,open_meteo_previous_runs,72,2026-01-06T20:00:00+00:00,2025-12-31T18:00:00+00:00,168.0,2025-11-30T19:00:00+00:00,2025-12-31T19:00:00+00:00,0
2026-01-07T19:00:00+00:00,2026-01-09T09:00:00+00:00,turbine_1,39,0.5496479547167458,0.01,0.5396479547167458,0.01,10.51,4.6,0.06813276111533606,1.0,True,open_meteo_previous_runs,72,2026-01-06T21:00:00+00:00,2025-12-31T18:00:00+00:00,168.0,2025-11-30T19:00:00+00:00,2025-12-31T19:00:00+00:00,0
2026-01-07T19:00:00+00:00,2026-01-09T10:00:00+00:00,turbine_1,40,0.4811381875782276,0.01,0.4711381875782276,0.01,9.42,3.5,0.0,0.9626533811796374,True,open_meteo_previous_runs,72,2026-01-06T22:00:00+00:00,2025-12-31T18:00:00+00:00,168.0,2025-11-30T19:00:00+00:00,2025-12-31T19:00:00+00:00,0
2026-01-07T19:00:00+00:00,2026-01-09T11:00:00+00:00,turbine_1,41,0.42872665682119454,0.0266666666666666,0.4020599901545279,0.01,8.77,1.4,0.0,0.9102418504226042,True,open_meteo_previous_runs,72,2026-01-06T23:00:00+00:00,2025-12-31T18:00:00+00:00,168.0,2025-11-30T19:00:00+00:00,2025-12-31T19:00:00+00:00,0
2026-01-07T19:00:00+00:00,2026-01-09T12:00:00+00:00,turbine_1,42,0.3774952369915666,0.03,0.3474952369915666,0.01,8.28,-0.6,0.0,0.8590104305929763,True,open_meteo_previous_runs,72,2026-01-07T00:00:00+00:00,2025-12-31T18:00:00+00:00,168.0,2025-11-30T19:00:00+00:00,2025-12-31T19:00:00+00:00,0
2026-01-07T19:00:00+00:00,2026-01-09T13:00:00+00:00,turbine_1,43,0.34339075333519126,0.0116666666666666,0.33172408666852465,0.01,7.8,-1.2,0.0,0.8249059469366009,True,open_meteo_previous_runs,72,2026-01-07T01:00:00+00:00,2025-12-31T18:00:00+00:00,168.0,2025-11-30T19:00:00+00:00,2025-12-31T19:00:00+00:00,0
2026-01-07T19:00:00+00:00,2026-01-09T14:00:00+00:00,turbine_1,44,0.3886136782145273,0.0083333333333333,0.380280344881194,0.01,7.04,-1.8,0.0,0.870128871815937,True,open_meteo_previous_runs,72,2026-01-07T02:00:00+00:00,2025-12-31T18:00:00+00:00,168.0,2025-11-30T19:00:00+00:00,2025-12-31T19:00:00+00:00,0
2026-01-07T19:00:00+00:00,2026-01-09T15:00:00+00:00,turbine_1,45,0.3886136782145273,0.01,0.3786136782145273,0.01,6.72,-2.1,0.0,0.870128871815937,True,open_meteo_previous_runs,72,2026-01-07T03:00:00+00:00,2025-12-31T18:00:00+00:00,168.0,2025-11-30T19:00:00+00:00,2025-12-31T19:00:00+00:00,0
2026-01-07T19:00:00+00:00,2026-01-09T16:00:00+00:00,turbine_1,46,0.3796773558039145,0.01,0.3696773558039145,0.01,6.69,-2.3,0.0,0.8611925494053242,True,open_meteo_previous_runs,72,2026-01-07T04:00:00+00:00,2025-12-31T18:00:00+00:00,168.0,2025-11-30T19:00:00+00:00,2025-12-31T19:00:00+00:00,0
2026-01-07T19:00:00+00:00,2026-01-09T17:00:00+00:00,turbine_1,47,0.34998523280113303,0.01,0.339985232801133,0.01,6.41,-2.8,0.0,0.8315004264025427,True,open_meteo_previous_runs,72,2026-01-07T05:00:00+00:00,2025-12-31T18:00:00+00:00,168.0,2025-11-30T19:00:00+00:00,2025-12-31T19:00:00+00:00,0
2026-01-07T19:00:00+00:00,2026-01-09T18:00:00+00:00,turbine_1,48,0.3514007286573656,0.01,0.3414007286573656,0.01,6.89,-2.9,0.0,0.8329159222587753,True,open_meteo_previous_runs,72,2026-01-07T06:00:00+00:00,2025-12-31T18:00:00+00:00,168.0,2025-11-30T19:00:00+00:00,2025-12-31T19:00:00+00:00,0
2026-01-08T19:00:00+00:00,2026-01-08T19:00:00+00:00,turbine_1,1,0.764648829230893,0.0116666666666666,0.7529821625642263,0.01,11.58,-1.8,0.2538819400296145,1.0,True,open_meteo_previous_runs,72,2026-01-06T07:00:00+00:00,2025-12-31T18:00:00+00:00,192.0,2025-11-30T19:00:00+00:00,2025-12-31T19:00:00+00:00,0
2026-01-08T19:00:00+00:00,2026-01-08T20:00:00+00:00,turbine_1,2,0.792925125969702,0.01,0.782925125969702,0.01,11.83,-1.8,0.28215823676842355,1.0,True,open_meteo_previous_runs,72,2026-01-06T08:00:00+00:00,2025-12-31T18:00:00+00:00,192.0,2025-11-30T19:00:00+00:00,2025-12-31T19:00:00+00:00,0
2026-01-08T19:00:00+00:00,2026-01-08T21:00:00+00:00,turbine_1,3,0.8029668181908083,0.0133333333333333,0.789633484857475,0.01,12.24,-1.9,0.29219992898952984,1.0,True,open_meteo_previous_runs,72,2026-01-06T09:00:00+00:00,2025-12-31T18:00:00+00:00,192.0,2025-11-30T19:00:00+00:00,2025-12-31T19:00:00+00:00,0
2026-01-08T19:00:00+00:00,2026-01-08T22:00:00+00:00,turbine_1,4,0.8223327205030034,0.01,0.8123327205030034,0.01,12.02,-2.2,0.311565831301725,1.0,True,open_meteo_previous_runs,72,2026-01-06T10:00:00+00:00,2025-12-31T18:00:00+00:00,192.0,2025-11-30T19:00:00+00:00,2025-12-31T19:00:00+00:00,0
2026-01-08T19:00:00+00:00,2026-01-08T23:00:00+00:00,turbine_1,5,0.7904478986063981,0.01,0.7804478986063981,0.01,11.8,-2.6,0.27968100940511964,1.0,True,open_meteo_previous_runs,72,2026-01-06T11:00:00+00:00,2025-12-31T18:00:00+00:00,192.0,2025-11-30T19:00:00+00:00,2025-12-31T19:00:00+00:00,0
2026-01-08T19:00:00+00:00,2026-01-09T00:00:00+00:00,turbine_1,6,0.8643649260081818,0.01,0.8543649260081818,0.01,12.79,-2.3,0.3535980368069034,1.0,True,open_meteo_previous_runs,72,2026-01-06T12:00:00+00:00,2025-12-31T18:00:00+00:00,192.0,2025-11-30T19:00:00+00:00,2025-12-31T19:00:00+00:00,0
2026-01-08T19:00:00+00:00,2026-01-09T01:00:00+00:00,turbine_1,7,0.8632016350108538,0.01,0.8532016350108538,0.01,12.51,-2.4,0.35243474580957534,1.0,True,open_meteo_previous_runs,72,2026-01-06T13:00:00+00:00,2025-12-31T18:00:00+00:00,192.0,2025-11-30T19:00:00+00:00,2025-12-31T19:00:00+00:00,0
2026-01-08T19:00:00+00:00,2026-01-09T02:00:00+00:00,turbine_1,8,0.8462767711868393,0.01,0.8362767711868393,0.01,11.93,-2.7,0.33550988198556086,1.0,True,open_meteo_previous_runs,72,2026-01-06T14:00:00+00:00,2025-12-31T18:00:00+00:00,192.0,2025-11-30T19:00:00+00:00,2025-12-31T19:00:00+00:00,0
2026-01-08T19:00:00+00:00,2026-01-09T03:00:00+00:00,turbine_1,9,0.795457096233752,0.01,0.785457096233752,0.01,11.49,-2.3,0.2846902070324736,1.0,True,open_meteo_previous_runs,72,2026-01-06T15:00:00+00:00,2025-12-31T18:00:00+00:00,192.0,2025-11-30T19:00:00+00:00,2025-12-31T19:00:00+00:00,0
2026-01-08T19:00:00+00:00,2026-01-09T04:00:00+00:00,turbine_1,10,0.678092634889316,0.01,0.668092634889316,0.01,10.99,-0.3,0.1673257456880376,1.0,True,open_meteo_previous_runs,72,2026-01-06T16:00:00+00:00,2025-12-31T18:00:00+00:00,192.0,2025-11-30T19:00:00+00:00,2025-12-31T19:00:00+00:00,0
2026-01-08T19:00:00+00:00,2026-01-09T05:00:00+00:00,turbine_1,11,0.6892839741234561,0.01,0.6792839741234561,0.01,10.98,1.6,0.17851708492217766,1.0,True,open_meteo_previous_runs,72,2026-01-06T17:00:00+00:00,2025-12-31T18:00:00+00:00,192.0,2025-11-30T19:00:00+00:00,2025-12-31T19:00:00+00:00,0
2026-01-08T19:00:00+00:00,2026-01-09T06:00:00+00:00,turbine_1,12,0.826821765692696,0.01,0.816821765692696,0.01,12.22,3.9,0.3160548764914176,1.0,True,open_meteo_previous_runs,72,2026-01-06T18:00:00+00:00,2025-12-31T18:00:00+00:00,192.0,2025-11-30T19:00:00+00:00,2025-12-31T19:00:00+00:00,0
2026-01-08T19:00:00+00:00,2026-01-09T07:00:00+00:00,turbine_1,13,0.8348067957585223,0.01,0.8248067957585223,0.01,12.07,5.1,0.3240399065572439,1.0,True,open_meteo_previous_runs,72,2026-01-06T19:00:00+00:00,2025-12-31T18:00:00+00:00,192.0,2025-11-30T19:00:00+00:00,2025-12-31T19:00:00+00:00,0
2026-01-08T19:00:00+00:00,2026-01-09T08:00:00+00:00,turbine_1,14,0.8081485829830366,0.0116666666666666,0.79648191631637,0.01,11.31,5.0,0.29738169378175816,1.0,True,open_meteo_previous_runs,72,2026-01-06T20:00:00+00:00,2025-12-31T18:00:00+00:00,192.0,2025-11-30T19:00:00+00:00,2025-12-31T19:00:00+00:00,0
2026-01-08T19:00:00+00:00,2026-01-09T09:00:00+00:00,turbine_1,15,0.5496479547167458,0.01,0.5396479547167458,0.01,10.51,4.6,0.03888106551546733,1.0,True,open_meteo_previous_runs,72,2026-01-06T21:00:00+00:00,2025-12-31T18:00:00+00:00,192.0,2025-11-30T19:00:00+00:00,2025-12-31T19:00:00+00:00,0
2026-01-08T19:00:00+00:00,2026-01-09T10:00:00+00:00,turbine_1,16,0.4811381875782276,0.01,0.4711381875782276,0.01,9.42,3.5,0.0,0.9919050767795061,True,open_meteo_previous_runs,72,2026-01-06T22:00:00+00:00,2025-12-31T18:00:00+00:00,192.0,2025-11-30T19:00:00+00:00,2025-12-31T19:00:00+00:00,0
2026-01-08T19:00:00+00:00,2026-01-09T11:00:00+00:00,turbine_1,17,0.42872665682119454,0.0266666666666666,0.4020599901545279,0.01,8.77,1.4,0.0,0.9394935460224729,True,open_meteo_previous_runs,72,2026-01-06T23:00:00+00:00,2025-12-31T18:00:00+00:00,192.0,2025-11-30T19:00:00+00:00,2025-12-31T19:00:00+00:00,0
2026-01-08T19:00:00+00:00,2026-01-09T12:00:00+00:00,turbine_1,18,0.3774952369915666,0.03,0.3474952369915666,0.01,8.28,-0.6,0.0,0.8882621261928451,True,open_meteo_previous_runs,72,2026-01-07T00:00:00+00:00,2025-12-31T18:00:00+00:00,192.0,2025-11-30T19:00:00+00:00,2025-12-31T19:00:00+00:00,0
2026-01-08T19:00:00+00:00,2026-01-09T13:00:00+00:00,turbine_1,19,0.34339075333519126,0.0116666666666666,0.33172408666852465,0.01,7.8,-1.2,0.0,0.8541576425364696,True,open_meteo_previous_runs,72,2026-01-07T01:00:00+00:00,2025-12-31T18:00:00+00:00,192.0,2025-11-30T19:00:00+00:00,2025-12-31T19:00:00+00:00,0
2026-01-08T19:00:00+00:00,2026-01-09T14:00:00+00:00,turbine_1,20,0.3886136782145273,0.0083333333333333,0.380280344881194,0.01,7.04,-1.8,0.0,0.8993805674158057,True,open_meteo_previous_runs,72,2026-01-07T02:00:00+00:00,2025-12-31T18:00:00+00:00,192.0,2025-11-30T19:00:00+00:00,2025-12-31T19:00:00+00:00,0
2026-01-08T19:00:00+00:00,2026-01-09T15:00:00+00:00,turbine_1,21,0.3886136782145273,0.01,0.3786136782145273,0.01,6.72,-2.1,0.0,0.8993805674158057,True,open_meteo_previous_runs,72,2026-01-07T03:00:00+00:00,2025-12-31T18:00:00+00:00,192.0,2025-11-30T19:00:00+00:00,2025-12-31T19:00:00+00:00,0
2026-01-08T19:00:00+00:00,2026-01-09T16:00:00+00:00,turbine_1,22,0.3796773558039145,0.01,0.3696773558039145,0.01,6.69,-2.3,0.0,0.8904442450051929,True,open_meteo_previous_runs,72,2026-01-07T04:00:00+00:00,2025-12-31T18:00:00+00:00,192.0,2025-11-30T19:00:00+00:00,2025-12-31T19:00:00+00:00,0
2026-01-08T19:00:00+00:00,2026-01-09T17:00:00+00:00,turbine_1,23,0.34998523280113303,0.01,0.339985232801133,0.01,6.41,-2.8,0.0,0.8607521220024115,True,open_meteo_previous_runs,72,2026-01-07T05:00:00+00:00,2025-12-31T18:00:00+00:00,192.0,2025-11-30T19:00:00+00:00,2025-12-31T19:00:00+00:00,0
2026-01-08T19:00:00+00:00,2026-01-09T18:00:00+00:00,turbine_1,24,0.3514007286573656,0.01,0.3414007286573656,0.01,6.89,-2.9,0.0,0.862167617858644,True,open_meteo_previous_runs,72,2026-01-07T06:00:00+00:00,2025-12-31T18:00:00+00:00,192.0,2025-11-30T19:00:00+00:00,2025-12-31T19:00:00+00:00,0
2026-01-08T19:00:00+00:00,2026-01-09T19:00:00+00:00,turbine_1,25,0.2929332405658846,0.01,0.2829332405658846,0.01,7.29,-2.9,0.0,0.7744484341672944,True,open_meteo_previous_runs,72,2026-01-07T07:00:00+00:00,2025-12-31T18:00:00+00:00,192.0,2025-11-30T19:00:00+00:00,2025-12-31T19:00:00+00:00,0
2026-01-08T19:00:00+00:00,2026-01-09T20:00:00+00:00,turbine_1,26,0.2929332405658846,0.01,0.2829332405658846,0.01,7.78,-3.0,0.0,0.7744484341672944,True,open_meteo_previous_runs,72,2026-01-07T08:00:00+00:00,2025-12-31T18:00:00+00:00,192.0,2025-11-30T19:00:00+00:00,2025-12-31T19:00:00+00:00,0
2026-01-08T19:00:00+00:00,2026-01-09T21:00:00+00:00,turbine_1,27,0.3765626261221709,0.01,0.3665626261221709,0.01,8.54,-3.2,0.0,0.8580778197235805,True,open_meteo_previous_runs,72,2026-01-07T09:00:00+00:00,2025-12-31T18:00:00+00:00,192.0,2025-11-30T19:00:00+00:00,2025-12-31T19:00:00+00:00,0
2026-01-08T19:00:00+00:00,2026-01-09T22:00:00+00:00,turbine_1,28,0.3959285284343661,0.01,0.3859285284343661,0.01,8.99,-3.5,0.0,0.8774437220357758,True,open_meteo_previous_runs,72,2026-01-07T10:00:00+00:00,2025-12-31T18:00:00+00:00,192.0,2025-11-30T19:00:00+00:00,2025-12-31T19:00:00+00:00,0
2026-01-08T19:00:00+00:00,2026-01-09T23:00:00+00:00,turbine_1,29,0.4145111708232293,0.01,0.4045111708232293,0.01,9.08,-3.7,0.0,0.896026364424639,True,open_meteo_previous_runs,72,2026-01-07T11:00:00+00:00,2025-12-31T18:00:00+00:00,192.0,2025-11-30T19:00:00+00:00,2025-12-31T19:00:00+00:00,0
2026-01-08T19:00:00+00:00,2026-01-10T00:00:00+00:00,turbine_1,30,0.5243378097457849,0.0283333333333333,0.4960044764124516,0.01,10.47,-3.4,0.042822616144375214,1.0,True,open_meteo_previous_runs,72,2026-01-07T12:00:00+00:00,2025-12-31T18:00:00+00:00,192.0,2025-11-30T19:00:00+00:00,2025-12-31T19:00:00+00:00,0
2026-01-08T19:00:00+00:00,2026-01-10T01:00:00+00:00,turbine_1,31,0.5144135163598635,0.0616666666666666,0.45274684969319695,0.01,10.38,-3.8,0.032898322758453835,0.9959287099612733,True,open_meteo_previous_runs,72,2026-01-07T13:00:00+00:00,2025-12-31T18:00:00+00:00,192.0,2025-11-30T19:00:00+00:00,2025-12-31T19:00:00+00:00,0
2026-01-08T19:00:00+00:00,2026-01-10T02:00:00+00:00,turbine_1,32,0.496128971335996,0.0583333333333333,0.4377956380026627,0.01,10.15,-4.2,0.014613777734586275,0.9776441649374057,True,open_meteo_previous_runs,72,2026-01-07T14:00:00+00:00,2025-12-31T18:00:00+00:00,192.0,2025-11-30T19:00:00+00:00,2025-12-31T19:00:00+00:00,0
2026-01-08T19:00:00+00:00,2026-01-10T03:00:00+00:00,turbine_1,33,0.496128971335996,0.0516666666666666,0.4444623046693294,0.01,10.16,-3.6,0.014613777734586275,0.9776441649374057,True,open_meteo_previous_runs,72,2026-01-07T15:00:00+00:00,2025-12-31T18:00:00+00:00,192.0,2025-11-30T19:00:00+00:00,2025-12-31T19:00:00+00:00,0
2026-01-08T19:00:00+00:00,2026-01-10T04:00:00+00:00,turbine_1,34,0.4092115287631178,0.1149999999999999,0.2942115287631179,0.01,9.81,-1.0,0.0,0.8907267223645274,True,open_meteo_previous_runs,72,2026-01-07T16:00:00+00:00,2025-12-31T18:00:00+00:00,192.0,2025-11-30T19:00:00+00:00,2025-12-31T19:00:00+00:00,0
2026-01-08T19:00:00+00:00,2026-01-10T05:00:00+00:00,turbine_1,35,0.4789696079792191,0.07,0.4089696079792191,0.01,10.12,1.5,0.0,0.9604848015806289,True,open_meteo_previous_runs,72,2026-01-07T17:00:00+00:00,2025-12-31T18:00:00+00:00,192.0,2025-11-30T19:00:00+00:00,2025-12-31T19:00:00+00:00,0
2026-01-08T19:00:00+00:00,2026-01-10T06:00:00+00:00,turbine_1,36,0.6790974445109744,0.09,0.5890974445109745,0.01,10.65,3.1,0.19758225090956472,1.0,True,open_meteo_previous_runs,72,2026-01-07T18:00:00+00:00,2025-12-31T18:00:00+00:00,192.0,2025-11-30T19:00:00+00:00,2025-12-31T19:00:00+00:00,0
2026-01-08T19:00:00+00:00,2026-01-10T07:00:00+00:00,turbine_1,37,0.5244894504479191,0.0533333333333333,0.47115611711458577,0.01,10.51,3.9,0.04297425684650935,1.0,True,open_meteo_previous_runs,72,2026-01-07T19:00:00+00:00,2025-12-31T18:00:00+00:00,192.0,2025-11-30T19:00:00+00:00,2025-12-31T19:00:00+00:00,0
2026-01-08T19:00:00+00:00,2026-01-10T08:00:00+00:00,turbine_1,38,0.5337592733980413,0.2133333333333333,0.32042594006470804,0.01,10.2,4.4,0.05224407979663159,1.0,True,open_meteo_previous_runs,72,2026-01-07T20:00:00+00:00,2025-12-31T18:00:00+00:00,192.0,2025-11-30T19:00:00+00:00,2025-12-31T19:00:00+00:00,0
2026-01-08T19:00:00+00:00,2026-01-10T09:00:00+00:00,turbine_1,39,0.5337592733980413,0.1916666666666666,0.3420926067313747,0.01,10.06,4.4,0.05224407979663159,1.0,True,open_meteo_previous_runs,72,2026-01-07T21:00:00+00:00,2025-12-31T18:00:00+00:00,192.0,2025-11-30T19:00:00+00:00,2025-12-31T19:00:00+00:00,0
2026-01-08T19:00:00+00:00,2026-01-10T10:00:00+00:00,turbine_1,40,0.4712221531369455,0.1883333333333333,0.2828888198036122,0.01,9.54,3.5,0.0,0.9527373467383552,True,open_meteo_previous_runs,72,2026-01-07T22:00:00+00:00,2025-12-31T18:00:00+00:00,192.0,2025-11-30T19:00:00+00:00,2025-12-31T19:00:00+00:00,0
2026-01-08T19:00:00+00:00,2026-01-10T11:00:00+00:00,turbine_1,41,0.4861722473177414,0.18,0.3061722473177414,0.01,9.66,1.7,0.004657053716331683,0.9676874409191512,True,open_meteo_previous_runs,72,2026-01-07T23:00:00+00:00,2025-12-31T18:00:00+00:00,192.0,2025-11-30T19:00:00+00:00,2025-12-31T19:00:00+00:00,0
2026-01-08T19:00:00+00:00,2026-01-10T12:00:00+00:00,turbine_1,42,0.47935988387644246,0.1516666666666666,0.32769321720977584,0.01,9.84,-0.0,0.0,0.9608750774778522,True,open_meteo_previous_runs,72,2026-01-08T00:00:00+00:00,2025-12-31T18:00:00+00:00,192.0,2025-11-30T19:00:00+00:00,2025-12-31T19:00:00+00:00,0
2026-01-08T19:00:00+00:00,2026-01-10T13:00:00+00:00,turbine_1,43,0.560831619664828,0.4166666666666667,0.1441649529981613,0.01,9.97,-0.5,0.07931642606341827,1.0,True,open_meteo_previous_runs,72,2026-01-08T01:00:00+00:00,2025-12-31T18:00:00+00:00,192.0,2025-11-30T19:00:00+00:00,2025-12-31T19:00:00+00:00,0
2026-01-08T19:00:00+00:00,2026-01-10T14:00:00+00:00,turbine_1,44,0.5978130300295544,0.3883333333333333,0.20947969669622113,0.01,9.98,-0.7,0.11629783642814473,1.0,True,open_meteo_previous_runs,72,2026-01-08T02:00:00+00:00,2025-12-31T18:00:00+00:00,192.0,2025-11-30T19:00:00+00:00,2025-12-31T19:00:00+00:00,0
2026-01-08T19:00:00+00:00,2026-01-10T15:00:00+00:00,turbine_1,45,0.5978130300295544,0.54,0.0578130300295544,0.01,10.2,-0.8,0.11629783642814473,1.0,True,open_meteo_previous_runs,72,2026-01-08T03:00:00+00:00,2025-12-31T18:00:00+00:00,192.0,2025-11-30T19:00:00+00:00,2025-12-31T19:00:00+00:00,0
2026-01-08T19:00:00+00:00,2026-01-10T16:00:00+00:00,turbine_1,46,0.5914974084831146,0.5750000000000001,0.01649740848311454,0.01,10.11,-0.9,0.1099822148817049,1.0,True,open_meteo_previous_runs,72,2026-01-08T04:00:00+00:00,2025-12-31T18:00:00+00:00,192.0,2025-11-30T19:00:00+00:00,2025-12-31T19:00:00+00:00,0
2026-01-08T19:00:00+00:00,2026-01-10T17:00:00+00:00,turbine_1,47,0.7816069929424947,0.345,0.4366069929424947,0.01,10.61,-0.9,0.300091799341085,1.0,True,open_meteo_previous_runs,72,2026-01-08T05:00:00+00:00,2025-12-31T18:00:00+00:00,192.0,2025-11-30T19:00:00+00:00,2025-12-31T19:00:00+00:00,0
2026-01-08T19:00:00+00:00,2026-01-10T18:00:00+00:00,turbine_1,48,0.7805443637588293,0.4083333333333334,0.3722110304254959,0.01,10.74,-0.6,0.2990291701574196,1.0,True,open_meteo_previous_runs,72,2026-01-08T06:00:00+00:00,2025-12-31T18:00:00+00:00,192.0,2025-11-30T19:00:00+00:00,2025-12-31T19:00:00+00:00,0
2026-01-09T19:00:00+00:00,2026-01-09T19:00:00+00:00,turbine_1,1,0.27821862519282775,0.01,0.26821862519282774,0.01,7.29,-2.9,0.0,0.7889855143941062,True,open_meteo_previous_runs,72,2026-01-07T07:00:00+00:00,2025-12-31T18:00:00+00:00,216.0,2025-11-30T19:00:00+00:00,2025-12-31T19:00:00+00:00,0
2026-01-09T19:00:00+00:00,2026-01-09T20:00:00+00:00,turbine_1,2,0.27821862519282775,0.01,0.26821862519282774,0.01,7.78,-3.0,0.0,0.7889855143941062,True,open_meteo_previous_runs,72,2026-01-07T08:00:00+00:00,2025-12-31T18:00:00+00:00,216.0,2025-11-30T19:00:00+00:00,2025-12-31T19:00:00+00:00,0
2026-01-09T19:00:00+00:00,2026-01-09T21:00:00+00:00,turbine_1,3,0.3611922952615219,0.01,0.3511922952615219,0.01,8.54,-3.2,0.0,0.8719591844628003,True,open_meteo_previous_runs,72,2026-01-07T09:00:00+00:00,2025-12-31T18:00:00+00:00,216.0,2025-11-30T19:00:00+00:00,2025-12-31T19:00:00+00:00,0
2026-01-09T19:00:00+00:00,2026-01-09T22:00:00+00:00,turbine_1,4,0.3805581975737171,0.01,0.3705581975737171,0.01,8.99,-3.5,0.0,0.8913250867749956,True,open_meteo_previous_runs,72,2026-01-07T10:00:00+00:00,2025-12-31T18:00:00+00:00,216.0,2025-11-30T19:00:00+00:00,2025-12-31T19:00:00+00:00,0
2026-01-09T19:00:00+00:00,2026-01-09T23:00:00+00:00,turbine_1,5,0.41385545533563717,0.01,0.40385545533563716,0.01,9.08,-3.7,0.0,0.9246223445369156,True,open_meteo_previous_runs,72,2026-01-07T11:00:00+00:00,2025-12-31T18:00:00+00:00,216.0,2025-11-30T19:00:00+00:00,2025-12-31T19:00:00+00:00,0
2026-01-09T19:00:00+00:00,2026-01-10T00:00:00+00:00,turbine_1,6,0.5213996179179354,0.0283333333333333,0.4930662845846021,0.01,10.47,-3.4,0.010632728716656992,1.0,True,open_meteo_previous_runs,72,2026-01-07T12:00:00+00:00,2025-12-31T18:00:00+00:00,216.0,2025-11-30T19:00:00+00:00,2025-12-31T19:00:00+00:00,0
2026-01-09T19:00:00+00:00,2026-01-10T01:00:00+00:00,turbine_1,7,0.511475324532014,0.0616666666666666,0.44980865786534746,0.01,10.38,-3.8,0.0007084353307356128,1.0,True,open_meteo_previous_runs,72,2026-01-07T13:00:00+00:00,2025-12-31T18:00:00+00:00,216.0,2025-11-30T19:00:00+00:00,2025-12-31T19:00:00+00:00,0
2026-01-09T19:00:00+00:00,2026-01-10T02:00:00+00:00,turbine_1,8,0.49319077950814655,0.0583333333333333,0.43485744617481326,0.01,10.15,-4.2,0.0,1.0,True,open_meteo_previous_runs,72,2026-01-07T14:00:00+00:00,2025-12-31T18:00:00+00:00,216.0,2025-11-30T19:00:00+00:00,2025-12-31T19:00:00+00:00,0
2026-01-09T19:00:00+00:00,2026-01-10T03:00:00+00:00,turbine_1,9,0.49319077950814655,0.0516666666666666,0.44152411284147997,0.01,10.16,-3.6,0.0,1.0,True,open_meteo_previous_runs,72,2026-01-07T15:00:00+00:00,2025-12-31T18:00:00+00:00,216.0,2025-11-30T19:00:00+00:00,2025-12-31T19:00:00+00:00,0
2026-01-09T19:00:00+00:00,2026-01-10T04:00:00+00:00,turbine_1,10,0.4092115287631178,0.1149999999999999,0.2942115287631179,0.01,9.81,-1.0,0.0,0.9199784179643962,True,open_meteo_previous_runs,72,2026-01-07T16:00:00+00:00,2025-12-31T18:00:00+00:00,216.0,2025-11-30T19:00:00+00:00,2025-12-31T19:00:00+00:00,0
2026-01-09T19:00:00+00:00,2026-01-10T05:00:00+00:00,turbine_1,11,0.4789696079792191,0.07,0.4089696079792191,0.01,10.12,1.5,0.0,0.9897364971804976,True,open_meteo_previous_runs,72,2026-01-07T17:00:00+00:00,2025-12-31T18:00:00+00:00,216.0,2025-11-30T19:00:00+00:00,2025-12-31T19:00:00+00:00,0
2026-01-09T19:00:00+00:00,2026-01-10T06:00:00+00:00,turbine_1,12,0.6790974445109744,0.09,0.5890974445109745,0.01,10.65,3.1,0.16833055530969598,1.0,True,open_meteo_previous_runs,72,2026-01-07T18:00:00+00:00,2025-12-31T18:00:00+00:00,216.0,2025-11-30T19:00:00+00:00,2025-12-31T19:00:00+00:00,0
2026-01-09T19:00:00+00:00,2026-01-10T07:00:00+00:00,turbine_1,13,0.5244894504479191,0.0533333333333333,0.47115611711458577,0.01,10.51,3.9,0.013722561246640619,1.0,True,open_meteo_previous_runs,72,2026-01-07T19:00:00+00:00,2025-12-31T18:00:00+00:00,216.0,2025-11-30T19:00:00+00:00,2025-12-31T19:00:00+00:00,0
2026-01-09T19:00:00+00:00,2026-01-10T08:00:00+00:00,turbine_1,14,0.5337592733980413,0.2133333333333333,0.32042594006470804,0.01,10.2,4.4,0.02299238419676286,1.0,True,open_meteo_previous_runs,72,2026-01-07T20:00:00+00:00,2025-12-31T18:00:00+00:00,216.0,2025-11-30T19:00:00+00:00,2025-12-31T19:00:00+00:00,0
2026-01-09T19:00:00+00:00,2026-01-10T09:00:00+00:00,turbine_1,15,0.5337592733980413,0.1916666666666666,0.3420926067313747,0.01,10.06,4.4,0.02299238419676286,1.0,True,open_meteo_previous_runs,72,2026-01-07T21:00:00+00:00,2025-12-31T18:00:00+00:00,216.0,2025-11-30T19:00:00+00:00,2025-12-31T19:00:00+00:00,0
2026-01-09T19:00:00+00:00,2026-01-10T10:00:00+00:00,turbine_1,16,0.4712221531369455,0.1883333333333333,0.2828888198036122,0.01,9.54,3.5,0.0,0.9819890423382239,True,open_meteo_previous_runs,72,2026-01-07T22:00:00+00:00,2025-12-31T18:00:00+00:00,216.0,2025-11-30T19:00:00+00:00,2025-12-31T19:00:00+00:00,0
2026-01-09T19:00:00+00:00,2026-01-10T11:00:00+00:00,turbine_1,17,0.4861722473177414,0.18,0.3061722473177414,0.01,9.66,1.7,0.0,0.9969391365190199,True,open_meteo_previous_runs,72,2026-01-07T23:00:00+00:00,2025-12-31T18:00:00+00:00,216.0,2025-11-30T19:00:00+00:00,2025-12-31T19:00:00+00:00,0
2026-01-09T19:00:00+00:00,2026-01-10T12:00:00+00:00,turbine_1,18,0.47935988387644246,0.1516666666666666,0.32769321720977584,0.01,9.84,-0.0,0.0,0.9901267730777209,True,open_meteo_previous_runs,72,2026-01-08T00:00:00+00:00,2025-12-31T18:00:00+00:00,216.0,2025-11-30T19:00:00+00:00,2025-12-31T19:00:00+00:00,0
2026-01-09T19:00:00+00:00,2026-01-10T13:00:00+00:00,turbine_1,19,0.560831619664828,0.4166666666666667,0.1441649529981613,0.01,9.97,-0.5,0.050064730463549534,1.0,True,open_meteo_previous_runs,72,2026-01-08T01:00:00+00:00,2025-12-31T18:00:00+00:00,216.0,2025-11-30T19:00:00+00:00,2025-12-31T19:00:00+00:00,0
2026-01-09T19:00:00+00:00,2026-01-10T14:00:00+00:00,turbine_1,20,0.5978130300295544,0.3883333333333333,0.20947969669622113,0.01,9.98,-0.7,0.087046140828276,1.0,True,open_meteo_previous_runs,72,2026-01-08T02:00:00+00:00,2025-12-31T18:00:00+00:00,216.0,2025-11-30T19:00:00+00:00,2025-12-31T19:00:00+00:00,0
2026-01-09T19:00:00+00:00,2026-01-10T15:00:00+00:00,turbine_1,21,0.5978130300295544,0.54,0.0578130300295544,0.01,10.2,-0.8,0.087046140828276,1.0,True,open_meteo_previous_runs,72,2026-01-08T03:00:00+00:00,2025-12-31T18:00:00+00:00,216.0,2025-11-30T19:00:00+00:00,2025-12-31T19:00:00+00:00,0
2026-01-09T19:00:00+00:00,2026-01-10T16:00:00+00:00,turbine_1,22,0.5914974084831146,0.5750000000000001,0.01649740848311454,0.01,10.11,-0.9,0.08073051928183617,1.0,True,open_meteo_previous_runs,72,2026-01-08T04:00:00+00:00,2025-12-31T18:00:00+00:00,216.0,2025-11-30T19:00:00+00:00,2025-12-31T19:00:00+00:00,0
2026-01-09T19:00:00+00:00,2026-01-10T17:00:00+00:00,turbine_1,23,0.7816069929424947,0.345,0.4366069929424947,0.01,10.61,-0.9,0.27084010374121625,1.0,True,open_meteo_previous_runs,72,2026-01-08T05:00:00+00:00,2025-12-31T18:00:00+00:00,216.0,2025-11-30T19:00:00+00:00,2025-12-31T19:00:00+00:00,0
2026-01-09T19:00:00+00:00,2026-01-10T18:00:00+00:00,turbine_1,24,0.7805443637588293,0.4083333333333334,0.3722110304254959,0.01,10.74,-0.6,0.26977747455755086,1.0,True,open_meteo_previous_runs,72,2026-01-08T06:00:00+00:00,2025-12-31T18:00:00+00:00,216.0,2025-11-30T19:00:00+00:00,2025-12-31T19:00:00+00:00,0
2026-01-09T19:00:00+00:00,2026-01-10T19:00:00+00:00,turbine_1,25,0.6800706041375657,0.84,-0.15992939586243426,0.01,11.36,-0.9,0.198555410536156,1.0,True,open_meteo_previous_runs,72,2026-01-08T07:00:00+00:00,2025-12-31T18:00:00+00:00,216.0,2025-11-30T19:00:00+00:00,2025-12-31T19:00:00+00:00,0
2026-01-09T19:00:00+00:00,2026-01-10T20:00:00+00:00,turbine_1,26,0.6800706041375657,0.8983333333333333,-0.2182627291957676,0.01,11.59,-1.0,0.198555410536156,1.0,True,open_meteo_previous_runs,72,2026-01-08T08:00:00+00:00,2025-12-31T18:00:00+00:00,216.0,2025-11-30T19:00:00+00:00,2025-12-31T19:00:00+00:00,0
2026-01-09T19:00:00+00:00,2026-01-10T21:00:00+00:00,turbine_1,27,0.6675689181443938,0.7116666666666666,-0.04409774852227277,0.01,11.5,-1.2,0.18605372454298408,1.0,True,open_meteo_previous_runs,72,2026-01-08T09:00:00+00:00,2025-12-31T18:00:00+00:00,216.0,2025-11-30T19:00:00+00:00,2025-12-31T19:00:00+00:00,0
2026-01-09T19:00:00+00:00,2026-01-10T22:00:00+00:00,turbine_1,28,0.6675689181443938,0.7716666666666666,-0.10409774852227283,0.01,11.55,-1.5,0.18605372454298408,1.0,True,open_meteo_previous_runs,72,2026-01-08T10:00:00+00:00,2025-12-31T18:00:00+00:00,216.0,2025-11-30T19:00:00+00:00,2025-12-31T19:00:00+00:00,0
2026-01-09T19:00:00+00:00,2026-01-10T23:00:00+00:00,turbine_1,29,0.694332534042097,0.85,-0.15566746595790293,0.01,11.96,-1.6,0.21281734044068734,1.0,True,open_meteo_previous_runs,72,2026-01-08T11:00:00+00:00,2025-12-31T18:00:00+00:00,216.0,2025-11-30T19:00:00+00:00,2025-12-31T19:00:00+00:00,0
2026-01-09T19:00:00+00:00,2026-01-11T00:00:00+00:00,turbine_1,30,0.7054338271509584,0.4683333333333333,0.23710049381762505,0.01,12.79,-1.4,0.22391863354954866,1.0,True,open_meteo_previous_runs,72,2026-01-08T12:00:00+00:00,2025-12-31T18:00:00+00:00,216.0,2025-11-30T19:00:00+00:00,2025-12-31T19:00:00+00:00,0
2026-01-09T19:00:00+00:00,2026-01-11T01:00:00+00:00,turbine_1,31,0.753124238438941,0.5533333333333333,0.1997909051056077,0.01,13.07,-1.2,0.27160904483753134,1.0,True,open_meteo_previous_runs,72,2026-01-08T13:00:00+00:00,2025-12-31T18:00:00+00:00,216.0,2025-11-30T19:00:00+00:00,2025-12-31T19:00:00+00:00,0
2026-01-09T19:00:00+00:00,2026-01-11T02:00:00+00:00,turbine_1,32,0.7763736680320061,0.4866666666666666,0.28970700136533956,0.01,13.57,-1.3,0.29485847443059643,1.0,True,open_meteo_previous_runs,72,2026-01-08T14:00:00+00:00,2025-12-31T18:00:00+00:00,216.0,2025-11-30T19:00:00+00:00,2025-12-31T19:00:00+00:00,0
2026-01-09T19:00:00+00:00,2026-01-11T03:00:00+00:00,turbine_1,33,0.7809802569002973,0.21,0.5709802569002973,0.01,14.07,-0.7,0.29946506329888756,1.0,True,open_meteo_previous_runs,72,2026-01-08T15:00:00+00:00,2025-12-31T18:00:00+00:00,216.0,2025-11-30T19:00:00+00:00,2025-12-31T19:00:00+00:00,0
2026-01-09T19:00:00+00:00,2026-01-11T04:00:00+00:00,turbine_1,34,0.762234861997437,0.325,0.43723486199743694,0.01,14.2,1.1,0.28071966839602724,1.0,True,open_meteo_previous_runs,72,2026-01-08T16:00:00+00:00,2025-12-31T18:00:00+00:00,216.0,2025-11-30T19:00:00+00:00,2025-12-31T19:00:00+00:00,0
2026-01-09T19:00:00+00:00,2026-01-11T05:00:00+00:00,turbine_1,35,0.7774068006073241,0.2799999999999999,0.49740680060732423,0.01,14.33,2.9,0.29589160700591444,1.0,True,open_meteo_previous_runs,72,2026-01-08T17:00:00+00:00,2025-12-31T18:00:00+00:00,216.0,2025-11-30T19:00:00+00:00,2025-12-31T19:00:00+00:00,0
2026-01-09T19:00:00+00:00,2026-01-11T06:00:00+00:00,turbine_1,36,0.8426458908893091,0.4033333333333333,0.43931255755597576,0.01,15.27,4.2,0.36113069728789937,1.0,True,open_meteo_previous_runs,72,2026-01-08T18:00:00+00:00,2025-12-31T18:00:00+00:00,216.0,2025-11-30T19:00:00+00:00,2025-12-31T19:00:00+00:00,0
2026-01-09T19:00:00+00:00,2026-01-11T07:00:00+00:00,turbine_1,37,0.8666449369774603,0.5966666666666667,0.2699782703107936,0.01,15.3,6.3,0.38512974337605055,1.0,True,open_meteo_previous_runs,72,2026-01-08T19:00:00+00:00,2025-12-31T18:00:00+00:00,216.0,2025-11-30T19:00:00+00:00,2025-12-31T19:00:00+00:00,0
2026-01-09T19:00:00+00:00,2026-01-11T08:00:00+00:00,turbine_1,38,0.8354232807232441,0.6,0.23542328072324414,0.01,14.99,5.9,0.3539080871218344,1.0,True,open_meteo_previous_runs,72,2026-01-08T20:00:00+00:00,2025-12-31T18:00:00+00:00,216.0,2025-11-30T19:00:00+00:00,2025-12-31T19:00:00+00:00,0
2026-01-09T19:00:00+00:00,2026-01-11T09:00:00+00:00,turbine_1,39,0.8505790693458668,0.3133333333333333,0.5372457360125336,0.01,14.64,6.6,0.3690638757444571,1.0,True,open_meteo_previous_runs,72,2026-01-08T21:00:00+00:00,2025-12-31T18:00:00+00:00,216.0,2025-11-30T19:00:00+00:00,2025-12-31T19:00:00+00:00,0
2026-01-09T19:00:00+00:00,2026-01-11T10:00:00+00:00,turbine_1,40,0.7535304243656348,0.2183333333333333,0.5351970910323015,0.01,14.23,6.0,0.27201523076422507,1.0,True,open_meteo_previous_runs,72,2026-01-08T22:00:00+00:00,2025-12-31T18:00:00+00:00,216.0,2025-11-30T19:00:00+00:00,2025-12-31T19:00:00+00:00,0
2026-01-09T19:00:00+00:00,2026-01-11T11:00:00+00:00,turbine_1,41,0.7684805185464307,0.2799999999999999,0.4884805185464308,0.01,13.91,4.2,0.286965324945021,1.0,True,open_meteo_previous_runs,72,2026-01-08T23:00:00+00:00,2025-12-31T18:00:00+00:00,216.0,2025-11-30T19:00:00+00:00,2025-12-31T19:00:00+00:00,0
2026-01-09T19:00:00+00:00,2026-01-11T12:00:00+00:00,turbine_1,42,0.72712946496311,0.2316666666666667,0.49546279829644335,0.01,12.45,3.4,0.24561427136170033,1.0,True,open_meteo_previous_runs,72,2026-01-09T00:00:00+00:00,2025-12-31T18:00:00+00:00,216.0,2025-11-30T19:00:00+00:00,2025-12-31T19:00:00+00:00,0
2026-01-09T19:00:00+00:00,2026-01-11T13:00:00+00:00,turbine_1,43,0.7340020400109277,0.445,0.2890020400109277,0.01,11.85,2.9,0.252486846409518,1.0,True,open_meteo_previous_runs,72,2026-01-09T01:00:00+00:00,2025-12-31T18:00:00+00:00,216.0,2025-11-30T19:00:00+00:00,2025-12-31T19:00:00+00:00,0
2026-01-09T19:00:00+00:00,2026-01-11T14:00:00+00:00,turbine_1,44,0.7424471391038328,0.4516666666666666,0.29078047243716615,0.01,12.39,2.8,0.26093194550242305,1.0,True,open_meteo_previous_runs,72,2026-01-09T02:00:00+00:00,2025-12-31T18:00:00+00:00,216.0,2025-11-30T19:00:00+00:00,2025-12-31T19:00:00+00:00,0
2026-01-09T19:00:00+00:00,2026-01-11T15:00:00+00:00,turbine_1,45,0.7424471391038328,0.2749999999999999,0.46744713910383284,0.01,12.48,2.9,0.26093194550242305,1.0,True,open_meteo_previous_runs,72,2026-01-09T03:00:00+00:00,2025-12-31T18:00:00+00:00,216.0,2025-11-30T19:00:00+00:00,2025-12-31T19:00:00+00:00,0
2026-01-09T19:00:00+00:00,2026-01-11T16:00:00+00:00,turbine_1,46,0.7239394382318467,0.6066666666666667,0.11727277156518001,0.01,12.53,2.9,0.242424244630437,1.0,True,open_meteo_previous_runs,72,2026-01-09T04:00:00+00:00,2025-12-31T18:00:00+00:00,216.0,2025-11-30T19:00:00+00:00,2025-12-31T19:00:00+00:00,0
2026-01-09T19:00:00+00:00,2026-01-11T17:00:00+00:00,turbine_1,47,0.7241504492014831,0.5499999999999999,0.17415044920148315,0.01,12.79,2.5,0.24263525560007337,1.0,True,open_meteo_previous_runs,72,2026-01-09T05:00:00+00:00,2025-12-31T18:00:00+00:00,216.0,2025-11-30T19:00:00+00:00,2025-12-31T19:00:00+00:00,0
2026-01-09T19:00:00+00:00,2026-01-11T18:00:00+00:00,turbine_1,48,0.7241504492014831,0.3316666666666666,0.39248378253481647,0.01,12.49,1.6,0.24263525560007337,1.0,True,open_meteo_previous_runs,72,2026-01-09T06:00:00+00:00,2025-12-31T18:00:00+00:00,216.0,2025-11-30T19:00:00+00:00,2025-12-31T19:00:00+00:00,0
2026-01-10T19:00:00+00:00,2026-01-10T19:00:00+00:00,turbine_1,1,0.6828840707741227,0.84,-0.15711592922587725,0.01,11.36,-0.9,0.17211718157284428,1.0,True,open_meteo_previous_runs,72,2026-01-08T07:00:00+00:00,2025-12-31T18:00:00+00:00,240.0,2025-11-30T19:00:00+00:00,2025-12-31T19:00:00+00:00,0
2026-01-10T19:00:00+00:00,2026-01-10T20:00:00+00:00,turbine_1,2,0.6828840707741227,0.8983333333333333,-0.2154492625592106,0.01,11.59,-1.0,0.17211718157284428,1.0,True,open_meteo_previous_runs,72,2026-01-08T08:00:00+00:00,2025-12-31T18:00:00+00:00,240.0,2025-11-30T19:00:00+00:00,2025-12-31T19:00:00+00:00,0
2026-01-10T19:00:00+00:00,2026-01-10T21:00:00+00:00,turbine_1,3,0.6703823847809508,0.7116666666666666,-0.04128428188571576,0.01,11.5,-1.2,0.15961549557967236,1.0,True,open_meteo_previous_runs,72,2026-01-08T09:00:00+00:00,2025-12-31T18:00:00+00:00,240.0,2025-11-30T19:00:00+00:00,2025-12-31T19:00:00+00:00,0
2026-01-10T19:00:00+00:00,2026-01-10T22:00:00+00:00,turbine_1,4,0.6703823847809508,0.7716666666666666,-0.10128428188571581,0.01,11.55,-1.5,0.15961549557967236,1.0,True,open_meteo_previous_runs,72,2026-01-08T10:00:00+00:00,2025-12-31T18:00:00+00:00,240.0,2025-11-30T19:00:00+00:00,2025-12-31T19:00:00+00:00,0
2026-01-10T19:00:00+00:00,2026-01-10T23:00:00+00:00,turbine_1,5,0.6913943422142477,0.85,-0.1586056577857523,0.01,11.96,-1.6,0.18062745301296923,1.0,True,open_meteo_previous_runs,72,2026-01-08T11:00:00+00:00,2025-12-31T18:00:00+00:00,240.0,2025-11-30T19:00:00+00:00,2025-12-31T19:00:00+00:00,0
2026-01-10T19:00:00+00:00,2026-01-11T00:00:00+00:00,turbine_1,6,0.702495635323109,0.4683333333333333,0.23416230198977567,0.01,12.79,-1.4,0.19172874612183055,1.0,True,open_meteo_previous_runs,72,2026-01-08T12:00:00+00:00,2025-12-31T18:00:00+00:00,240.0,2025-11-30T19:00:00+00:00,2025-12-31T19:00:00+00:00,0
2026-01-10T19:00:00+00:00,2026-01-11T01:00:00+00:00,turbine_1,7,0.7501860466110917,0.5533333333333333,0.19685271327775833,0.01,13.07,-1.2,0.23941915740981323,1.0,True,open_meteo_previous_runs,72,2026-01-08T13:00:00+00:00,2025-12-31T18:00:00+00:00,240.0,2025-11-30T19:00:00+00:00,2025-12-31T19:00:00+00:00,0
2026-01-10T19:00:00+00:00,2026-01-11T02:00:00+00:00,turbine_1,8,0.7734354762041568,0.4866666666666666,0.2867688095374902,0.01,13.57,-1.3,0.2626685870028783,1.0,True,open_meteo_previous_runs,72,2026-01-08T14:00:00+00:00,2025-12-31T18:00:00+00:00,240.0,2025-11-30T19:00:00+00:00,2025-12-31T19:00:00+00:00,0
2026-01-10T19:00:00+00:00,2026-01-11T03:00:00+00:00,turbine_1,9,0.7780420650724479,0.21,0.5680420650724479,0.01,14.07,-0.7,0.26727517587116945,1.0,True,open_meteo_previous_runs,72,2026-01-08T15:00:00+00:00,2025-12-31T18:00:00+00:00,240.0,2025-11-30T19:00:00+00:00,2025-12-31T19:00:00+00:00,0
2026-01-10T19:00:00+00:00,2026-01-11T04:00:00+00:00,turbine_1,10,0.762234861997437,0.325,0.43723486199743694,0.01,14.2,1.1,0.2514679727961585,1.0,True,open_meteo_previous_runs,72,2026-01-08T16:00:00+00:00,2025-12-31T18:00:00+00:00,240.0,2025-11-30T19:00:00+00:00,2025-12-31T19:00:00+00:00,0
2026-01-10T19:00:00+00:00,2026-01-11T05:00:00+00:00,turbine_1,11,0.7774068006073241,0.2799999999999999,0.49740680060732423,0.01,14.33,2.9,0.2666399114060457,1.0,True,open_meteo_previous_runs,72,2026-01-08T17:00:00+00:00,2025-12-31T18:00:00+00:00,240.0,2025-11-30T19:00:00+00:00,2025-12-31T19:00:00+00:00,0
2026-01-10T19:00:00+00:00,2026-01-11T06:00:00+00:00,turbine_1,12,0.8426458908893091,0.4033333333333333,0.43931255755597576,0.01,15.27,4.2,0.33187900168803064,1.0,True,open_meteo_previous_runs,72,2026-01-08T18:00:00+00:00,2025-12-31T18:00:00+00:00,240.0,2025-11-30T19:00:00+00:00,2025-12-31T19:00:00+00:00,0
2026-01-10T19:00:00+00:00,2026-01-11T07:00:00+00:00,turbine_1,13,0.8666449369774603,0.5966666666666667,0.2699782703107936,0.01,15.3,6.3,0.3558780477761818,1.0,True,open_meteo_previous_runs,72,2026-01-08T19:00:00+00:00,2025-12-31T18:00:00+00:00,240.0,2025-11-30T19:00:00+00:00,2025-12-31T19:00:00+00:00,0
2026-01-10T19:00:00+00:00,2026-01-11T08:00:00+00:00,turbine_1,14,0.8354232807232441,0.6,0.23542328072324414,0.01,14.99,5.9,0.3246563915219657,1.0,True,open_meteo_previous_runs,72,2026-01-08T20:00:00+00:00,2025-12-31T18:00:00+00:00,240.0,2025-11-30T19:00:00+00:00,2025-12-31T19:00:00+00:00,0
2026-01-10T19:00:00+00:00,2026-01-11T09:00:00+00:00,turbine_1,15,0.8505790693458668,0.3133333333333333,0.5372457360125336,0.01,14.64,6.6,0.33981218014458836,1.0,True,open_meteo_previous_runs,72,2026-01-08T21:00:00+00:00,2025-12-31T18:00:00+00:00,240.0,2025-11-30T19:00:00+00:00,2025-12-31T19:00:00+00:00,0
2026-01-10T19:00:00+00:00,2026-01-11T10:00:00+00:00,turbine_1,16,0.7535304243656348,0.2183333333333333,0.5351970910323015,0.01,14.23,6.0,0.24276353516435634,1.0,True,open_meteo_previous_runs,72,2026-01-08T22:00:00+00:00,2025-12-31T18:00:00+00:00,240.0,2025-11-30T19:00:00+00:00,2025-12-31T19:00:00+00:00,0
2026-01-10T19:00:00+00:00,2026-01-11T11:00:00+00:00,turbine_1,17,0.7684805185464307,0.2799999999999999,0.4884805185464308,0.01,13.91,4.2,0.2577136293451523,1.0,True,open_meteo_previous_runs,72,2026-01-08T23:00:00+00:00,2025-12-31T18:00:00+00:00,240.0,2025-11-30T19:00:00+00:00,2025-12-31T19:00:00+00:00,0
2026-01-10T19:00:00+00:00,2026-01-11T12:00:00+00:00,turbine_1,18,0.72712946496311,0.2316666666666667,0.49546279829644335,0.01,12.45,3.4,0.2163625757618316,1.0,True,open_meteo_previous_runs,72,2026-01-09T00:00:00+00:00,2025-12-31T18:00:00+00:00,240.0,2025-11-30T19:00:00+00:00,2025-12-31T19:00:00+00:00,0
2026-01-10T19:00:00+00:00,2026-01-11T13:00:00+00:00,turbine_1,19,0.7340020400109277,0.445,0.2890020400109277,0.01,11.85,2.9,0.22323515080964929,1.0,True,open_meteo_previous_runs,72,2026-01-09T01:00:00+00:00,2025-12-31T18:00:00+00:00,240.0,2025-11-30T19:00:00+00:00,2025-12-31T19:00:00+00:00,0
2026-01-10T19:00:00+00:00,2026-01-11T14:00:00+00:00,turbine_1,20,0.7424471391038328,0.4516666666666666,0.29078047243716615,0.01,12.39,2.8,0.2316802499025543,1.0,True,open_meteo_previous_runs,72,2026-01-09T02:00:00+00:00,2025-12-31T18:00:00+00:00,240.0,2025-11-30T19:00:00+00:00,2025-12-31T19:00:00+00:00,0
2026-01-10T19:00:00+00:00,2026-01-11T15:00:00+00:00,turbine_1,21,0.7424471391038328,0.2749999999999999,0.46744713910383284,0.01,12.48,2.9,0.2316802499025543,1.0,True,open_meteo_previous_runs,72,2026-01-09T03:00:00+00:00,2025-12-31T18:00:00+00:00,240.0,2025-11-30T19:00:00+00:00,2025-12-31T19:00:00+00:00,0
2026-01-10T19:00:00+00:00,2026-01-11T16:00:00+00:00,turbine_1,22,0.7239394382318467,0.6066666666666667,0.11727277156518001,0.01,12.53,2.9,0.21317254903056826,1.0,True,open_meteo_previous_runs,72,2026-01-09T04:00:00+00:00,2025-12-31T18:00:00+00:00,240.0,2025-11-30T19:00:00+00:00,2025-12-31T19:00:00+00:00,0
2026-01-10T19:00:00+00:00,2026-01-11T17:00:00+00:00,turbine_1,23,0.7241504492014831,0.5499999999999999,0.17415044920148315,0.01,12.79,2.5,0.21338356000020464,1.0,True,open_meteo_previous_runs,72,2026-01-09T05:00:00+00:00,2025-12-31T18:00:00+00:00,240.0,2025-11-30T19:00:00+00:00,2025-12-31T19:00:00+00:00,0
2026-01-10T19:00:00+00:00,2026-01-11T18:00:00+00:00,turbine_1,24,0.7241504492014831,0.3316666666666666,0.39248378253481647,0.01,12.49,1.6,0.21338356000020464,1.0,True,open_meteo_previous_runs,72,2026-01-09T06:00:00+00:00,2025-12-31T18:00:00+00:00,240.0,2025-11-30T19:00:00+00:00,2025-12-31T19:00:00+00:00,0
2026-01-10T19:00:00+00:00,2026-01-11T19:00:00+00:00,turbine_1,25,0.712162827500155,0.58,0.13216282750015507,0.01,12.16,1.1,0.23064763389874532,1.0,True,open_meteo_previous_runs,72,2026-01-09T07:00:00+00:00,2025-12-31T18:00:00+00:00,240.0,2025-11-30T19:00:00+00:00,2025-12-31T19:00:00+00:00,0
2026-01-10T19:00:00+00:00,2026-01-11T20:00:00+00:00,turbine_1,26,0.6596688646155583,0.4033333333333333,0.25633553128222497,0.01,11.65,0.5,0.17815367101414858,1.0,True,open_meteo_previous_runs,72,2026-01-09T08:00:00+00:00,2025-12-31T18:00:00+00:00,240.0,2025-11-30T19:00:00+00:00,2025-12-31T19:00:00+00:00,0
2026-01-10T19:00:00+00:00,2026-01-11T21:00:00+00:00,turbine_1,27,0.24083160950869828,0.0683333333333333,0.17249827617536498,0.01,9.53,-0.5,0.0,0.722346803110108,True,open_meteo_previous_runs,72,2026-01-09T09:00:00+00:00,2025-12-31T18:00:00+00:00,240.0,2025-11-30T19:00:00+00:00,2025-12-31T19:00:00+00:00,0
2026-01-10T19:00:00+00:00,2026-01-11T22:00:00+00:00,turbine_1,28,0.11827302538055054,0.015,0.10327302538055054,0.01,7.13,-1.2,0.0,0.5997882189819602,True,open_meteo_previous_runs,72,2026-01-09T10:00:00+00:00,2025-12-31T18:00:00+00:00,240.0,2025-11-30T19:00:00+00:00,2025-12-31T19:00:00+00:00,0
2026-01-10T19:00:00+00:00,2026-01-11T23:00:00+00:00,turbine_1,29,0.1301515605346368,0.0233333333333333,0.1068182272013035,0.01,4.96,-0.5,0.0,0.6116667541360465,True,open_meteo_previous_runs,72,2026-01-09T11:00:00+00:00,2025-12-31T18:00:00+00:00,240.0,2025-11-30T19:00:00+00:00,2025-12-31T19:00:00+00:00,0
2026-01-10T19:00:00+00:00,2026-01-12T00:00:00+00:00,turbine_1,30,0.0871248336115239,0.01,0.0771248336115239,0.01,2.82,-0.4,0.0,0.5686400272129336,True,open_meteo_previous_runs,72,2026-01-09T12:00:00+00:00,2025-12-31T18:00:00+00:00,240.0,2025-11-30T19:00:00+00:00,2025-12-31T19:00:00+00:00,0
2026-01-10T19:00:00+00:00,2026-01-12T01:00:00+00:00,turbine_1,31,0.08395936181066642,0.01,0.07395936181066642,0.01,2.64,0.3,0.0,0.5654745554120761,True,open_meteo_previous_runs,72,2026-01-09T13:00:00+00:00,2025-12-31T18:00:00+00:00,240.0,2025-11-30T19:00:00+00:00,2025-12-31T19:00:00+00:00,0
2026-01-10T19:00:00+00:00,2026-01-12T02:00:00+00:00,turbine_1,32,0.10194172480656438,0.01,0.09194172480656439,0.01,1.46,1.4,0.0,0.5834569184079741,True,open_meteo_previous_runs,72,2026-01-09T14:00:00+00:00,2025-12-31T18:00:00+00:00,240.0,2025-11-30T19:00:00+00:00,2025-12-31T19:00:00+00:00,0
2026-01-10T19:00:00+00:00,2026-01-12T03:00:00+00:00,turbine_1,33,0.08231159072815254,0.01,0.07231159072815255,0.01,2.64,2.4,0.0,0.5638267843295622,True,open_meteo_previous_runs,72,2026-01-09T15:00:00+00:00,2025-12-31T18:00:00+00:00,240.0,2025-11-30T19:00:00+00:00,2025-12-31T19:00:00+00:00,0
2026-01-10T19:00:00+00:00,2026-01-12T04:00:00+00:00,turbine_1,34,0.12039516412594843,0.01,0.11039516412594844,0.01,4.57,3.7,0.0,0.6019103577273581,True,open_meteo_previous_runs,72,2026-01-09T16:00:00+00:00,2025-12-31T18:00:00+00:00,240.0,2025-11-30T19:00:00+00:00,2025-12-31T19:00:00+00:00,0
2026-01-10T19:00:00+00:00,2026-01-12T05:00:00+00:00,turbine_1,35,0.12858820828080544,0.01,0.11858820828080545,0.01,5.44,4.7,0.0,0.6101034018822151,True,open_meteo_previous_runs,72,2026-01-09T17:00:00+00:00,2025-12-31T18:00:00+00:00,240.0,2025-11-30T19:00:00+00:00,2025-12-31T19:00:00+00:00,0
2026-01-10T19:00:00+00:00,2026-01-12T06:00:00+00:00,turbine_1,36,0.14477284471165303,0.01,0.13477284471165302,0.01,5.54,5.1,0.0,0.6262880383130627,True,open_meteo_previous_runs,72,2026-01-09T18:00:00+00:00,2025-12-31T18:00:00+00:00,240.0,2025-11-30T19:00:00+00:00,2025-12-31T19:00:00+00:00,0
2026-01-10T19:00:00+00:00,2026-01-12T07:00:00+00:00,turbine_1,37,0.14571294704002985,0.0116666666666666,0.13404628037336325,0.01,6.33,5.9,0.0,0.6272281406414395,True,open_meteo_previous_runs,72,2026-01-09T19:00:00+00:00,2025-12-31T18:00:00+00:00,240.0,2025-11-30T19:00:00+00:00,2025-12-31T19:00:00+00:00,0
2026-01-10T19:00:00+00:00,2026-01-12T08:00:00+00:00,turbine_1,38,0.21417669796440966,0.0966666666666666,0.11751003129774307,0.01,8.68,7.6,0.0,0.6956918915658193,True,open_meteo_previous_runs,72,2026-01-09T20:00:00+00:00,2025-12-31T18:00:00+00:00,240.0,2025-11-30T19:00:00+00:00,2025-12-31T19:00:00+00:00,0
2026-01-10T19:00:00+00:00,2026-01-12T09:00:00+00:00,turbine_1,39,0.7093261631950061,0.1633333333333333,0.5459928298616727,0.01,11.72,8.2,0.22781096959359637,1.0,True,open_meteo_previous_runs,72,2026-01-09T21:00:00+00:00,2025-12-31T18:00:00+00:00,240.0,2025-11-30T19:00:00+00:00,2025-12-31T19:00:00+00:00,0
2026-01-10T19:00:00+00:00,2026-01-12T10:00:00+00:00,turbine_1,40,0.685430026914687,0.0566666666666666,0.6287633602480204,0.01,11.42,7.8,0.2039148333132773,1.0,True,open_meteo_previous_runs,72,2026-01-09T22:00:00+00:00,2025-12-31T18:00:00+00:00,240.0,2025-11-30T19:00:00+00:00,2025-12-31T19:00:00+00:00,0
2026-01-10T19:00:00+00:00,2026-01-12T11:00:00+00:00,turbine_1,41,0.6188724140048902,0.1533333333333333,0.4655390806715569,0.01,10.91,6.8,0.13735722040348053,1.0,True,open_meteo_previous_runs,72,2026-01-09T23:00:00+00:00,2025-12-31T18:00:00+00:00,240.0,2025-11-30T19:00:00+00:00,2025-12-31T19:00:00+00:00,0
2026-01-10T19:00:00+00:00,2026-01-12T12:00:00+00:00,turbine_1,42,0.19964527629845383,0.545,-0.3453547237015462,0.01,8.64,6.1,0.0,0.6811604698998636,True,open_meteo_previous_runs,72,2026-01-10T00:00:00+00:00,2025-12-31T18:00:00+00:00,240.0,2025-11-30T19:00:00+00:00,2025-12-31T19:00:00+00:00,0
2026-01-10T19:00:00+00:00,2026-01-12T13:00:00+00:00,turbine_1,43,0.1525964785233665,0.615,-0.4624035214766335,0.01,7.31,6.4,0.0,0.6341116721247761,True,open_meteo_previous_runs,72,2026-01-10T01:00:00+00:00,2025-12-31T18:00:00+00:00,240.0,2025-11-30T19:00:00+00:00,2025-12-31T19:00:00+00:00,0
2026-01-10T19:00:00+00:00,2026-01-12T14:00:00+00:00,turbine_1,44,0.17138281720959325,0.58,-0.4086171827904067,0.01,5.89,6.5,0.0,0.652898010811003,True,open_meteo_previous_runs,72,2026-01-10T02:00:00+00:00,2025-12-31T18:00:00+00:00,240.0,2025-11-30T19:00:00+00:00,2025-12-31T19:00:00+00:00,0
2026-01-10T19:00:00+00:00,2026-01-12T15:00:00+00:00,turbine_1,45,0.1751526414178456,0.5633333333333334,-0.38818069191548776,0.01,5.16,6.1,0.0,0.6566678350192553,True,open_meteo_previous_runs,72,2026-01-10T03:00:00+00:00,2025-12-31T18:00:00+00:00,240.0,2025-11-30T19:00:00+00:00,2025-12-31T19:00:00+00:00,0
2026-01-10T19:00:00+00:00,2026-01-12T16:00:00+00:00,turbine_1,46,0.13060341057155148,0.285,-0.1543965894284485,0.01,3.04,6.1,0.0,0.6121186041729612,True,open_meteo_previous_runs,72,2026-01-10T04:00:00+00:00,2025-12-31T18:00:00+00:00,240.0,2025-11-30T19:00:00+00:00,2025-12-31T19:00:00+00:00,0
2026-01-10T19:00:00+00:00,2026-01-12T17:00:00+00:00,turbine_1,47,0.14073896539926709,0.2633333333333333,-0.12259436793406622,0.01,0.1,5.0,0.0,0.6222541590006768,True,open_meteo_previous_runs,72,2026-01-10T05:00:00+00:00,2025-12-31T18:00:00+00:00,240.0,2025-11-30T19:00:00+00:00,2025-12-31T19:00:00+00:00,0
2026-01-10T19:00:00+00:00,2026-01-12T18:00:00+00:00,turbine_1,48,0.12828088816056737,0.1183333333333333,0.00994755482723407,0.01,1.44,3.1,0.0,0.6097960817619771,True,open_meteo_previous_runs,72,2026-01-10T06:00:00+00:00,2025-12-31T18:00:00+00:00,240.0,2025-11-30T19:00:00+00:00,2025-12-31T19:00:00+00:00,0
2026-01-11T19:00:00+00:00,2026-01-11T19:00:00+00:00,turbine_1,1,0.714976294136712,0.58,0.13497629413671208,0.01,12.16,1.1,0.2042094049354336,1.0,True,open_meteo_previous_runs,72,2026-01-09T07:00:00+00:00,2025-12-31T18:00:00+00:00,264.0,2025-11-30T19:00:00+00:00,2025-12-31T19:00:00+00:00,0
2026-01-11T19:00:00+00:00,2026-01-11T20:00:00+00:00,turbine_1,2,0.6624823312521153,0.4033333333333333,0.259148997918782,0.01,11.65,0.5,0.15171544205083687,1.0,True,open_meteo_previous_runs,72,2026-01-09T08:00:00+00:00,2025-12-31T18:00:00+00:00,264.0,2025-11-30T19:00:00+00:00,2025-12-31T19:00:00+00:00,0
2026-01-11T19:00:00+00:00,2026-01-11T21:00:00+00:00,turbine_1,3,0.24364507614525518,0.0683333333333333,0.17531174281192188,0.01,9.53,-0.5,0.0,0.7544119653465337,True,open_meteo_previous_runs,72,2026-01-09T09:00:00+00:00,2025-12-31T18:00:00+00:00,264.0,2025-11-30T19:00:00+00:00,2025-12-31T19:00:00+00:00,0
2026-01-11T19:00:00+00:00,2026-01-11T22:00:00+00:00,turbine_1,4,0.1240246838449569,0.015,0.10902468384495691,0.01,7.13,-1.2,0.0,0.6347915730462353,True,open_meteo_previous_runs,72,2026-01-09T10:00:00+00:00,2025-12-31T18:00:00+00:00,264.0,2025-11-30T19:00:00+00:00,2025-12-31T19:00:00+00:00,0
2026-01-11T19:00:00+00:00,2026-01-11T23:00:00+00:00,turbine_1,5,0.1301515605346368,0.0233333333333333,0.1068182272013035,0.01,4.96,-0.5,0.0,0.6409184497359153,True,open_meteo_previous_runs,72,2026-01-09T11:00:00+00:00,2025-12-31T18:00:00+00:00,264.0,2025-11-30T19:00:00+00:00,2025-12-31T19:00:00+00:00,0
2026-01-11T19:00:00+00:00,2026-01-12T00:00:00+00:00,turbine_1,6,0.0871248336115239,0.01,0.0771248336115239,0.01,2.82,-0.4,0.0,0.5978917228128023,True,open_meteo_previous_runs,72,2026-01-09T12:00:00+00:00,2025-12-31T18:00:00+00:00,264.0,2025-11-30T19:00:00+00:00,2025-12-31T19:00:00+00:00,0
2026-01-11T19:00:00+00:00,2026-01-12T01:00:00+00:00,turbine_1,7,0.08395936181066642,0.01,0.07395936181066642,0.01,2.64,0.3,0.0,0.5947262510119449,True,open_meteo_previous_runs,72,2026-01-09T13:00:00+00:00,2025-12-31T18:00:00+00:00,264.0,2025-11-30T19:00:00+00:00,2025-12-31T19:00:00+00:00,0
2026-01-11T19:00:00+00:00,2026-01-12T02:00:00+00:00,turbine_1,8,0.10194172480656438,0.01,0.09194172480656439,0.01,1.46,1.4,0.0,0.6127086140078428,True,open_meteo_previous_runs,72,2026-01-09T14:00:00+00:00,2025-12-31T18:00:00+00:00,264.0,2025-11-30T19:00:00+00:00,2025-12-31T19:00:00+00:00,0
2026-01-11T19:00:00+00:00,2026-01-12T03:00:00+00:00,turbine_1,9,0.08231159072815254,0.01,0.07231159072815255,0.01,2.64,2.4,0.0,0.593078479929431,True,open_meteo_previous_runs,72,2026-01-09T15:00:00+00:00,2025-12-31T18:00:00+00:00,264.0,2025-11-30T19:00:00+00:00,2025-12-31T19:00:00+00:00,0
2026-01-11T19:00:00+00:00,2026-01-12T04:00:00+00:00,turbine_1,10,0.12039516412594843,0.01,0.11039516412594844,0.01,4.57,3.7,0.0,0.6311620533272269,True,open_meteo_previous_runs,72,2026-01-09T16:00:00+00:00,2025-12-31T18:00:00+00:00,264.0,2025-11-30T19:00:00+00:00,2025-12-31T19:00:00+00:00,0
2026-01-11T19:00:00+00:00,2026-01-12T05:00:00+00:00,turbine_1,11,0.12858820828080544,0.01,0.11858820828080545,0.01,5.44,4.7,0.0,0.6393550974820839,True,open_meteo_previous_runs,72,2026-01-09T17:00:00+00:00,2025-12-31T18:00:00+00:00,264.0,2025-11-30T19:00:00+00:00,2025-12-31T19:00:00+00:00,0
2026-01-11T19:00:00+00:00,2026-01-12T06:00:00+00:00,turbine_1,12,0.14477284471165303,0.01,0.13477284471165302,0.01,5.54,5.1,0.0,0.6555397339129314,True,open_meteo_previous_runs,72,2026-01-09T18:00:00+00:00,2025-12-31T18:00:00+00:00,264.0,2025-11-30T19:00:00+00:00,2025-12-31T19:00:00+00:00,0
2026-01-11T19:00:00+00:00,2026-01-12T07:00:00+00:00,turbine_1,13,0.14571294704002985,0.0116666666666666,0.13404628037336325,0.01,6.33,5.9,0.0,0.6564798362413082,True,open_meteo_previous_runs,72,2026-01-09T19:00:00+00:00,2025-12-31T18:00:00+00:00,264.0,2025-11-30T19:00:00+00:00,2025-12-31T19:00:00+00:00,0
2026-01-11T19:00:00+00:00,2026-01-12T08:00:00+00:00,turbine_1,14,0.21417669796440966,0.0966666666666666,0.11751003129774307,0.01,8.68,7.6,0.0,0.7249435871656881,True,open_meteo_previous_runs,72,2026-01-09T20:00:00+00:00,2025-12-31T18:00:00+00:00,264.0,2025-11-30T19:00:00+00:00,2025-12-31T19:00:00+00:00,0
2026-01-11T19:00:00+00:00,2026-01-12T09:00:00+00:00,turbine_1,15,0.7093261631950061,0.1633333333333333,0.5459928298616727,0.01,11.72,8.2,0.19855927399372764,1.0,True,open_meteo_previous_runs,72,2026-01-09T21:00:00+00:00,2025-12-31T18:00:00+00:00,264.0,2025-11-30T19:00:00+00:00,2025-12-31T19:00:00+00:00,0
2026-01-11T19:00:00+00:00,2026-01-12T10:00:00+00:00,turbine_1,16,0.685430026914687,0.0566666666666666,0.6287633602480204,0.01,11.42,7.8,0.17466313771340858,1.0,True,open_meteo_previous_runs,72,2026-01-09T22:00:00+00:00,2025-12-31T18:00:00+00:00,264.0,2025-11-30T19:00:00+00:00,2025-12-31T19:00:00+00:00,0
2026-01-11T19:00:00+00:00,2026-01-12T11:00:00+00:00,turbine_1,17,0.6188724140048902,0.1533333333333333,0.4655390806715569,0.01,10.91,6.8,0.1081055248036118,1.0,True,open_meteo_previous_runs,72,2026-01-09T23:00:00+00:00,2025-12-31T18:00:00+00:00,264.0,2025-11-30T19:00:00+00:00,2025-12-31T19:00:00+00:00,0
2026-01-11T19:00:00+00:00,2026-01-12T12:00:00+00:00,turbine_1,18,0.19964527629845383,0.545,-0.3453547237015462,0.01,8.64,6.1,0.0,0.7104121654997323,True,open_meteo_previous_runs,72,2026-01-10T00:00:00+00:00,2025-12-31T18:00:00+00:00,264.0,2025-11-30T19:00:00+00:00,2025-12-31T19:00:00+00:00,0
2026-01-11T19:00:00+00:00,2026-01-12T13:00:00+00:00,turbine_1,19,0.1525964785233665,0.615,-0.4624035214766335,0.01,7.31,6.4,0.0,0.6633633677246449,True,open_meteo_previous_runs,72,2026-01-10T01:00:00+00:00,2025-12-31T18:00:00+00:00,264.0,2025-11-30T19:00:00+00:00,2025-12-31T19:00:00+00:00,0
2026-01-11T19:00:00+00:00,2026-01-12T14:00:00+00:00,turbine_1,20,0.17138281720959325,0.58,-0.4086171827904067,0.01,5.89,6.5,0.0,0.6821497064108717,True,open_meteo_previous_runs,72,2026-01-10T02:00:00+00:00,2025-12-31T18:00:00+00:00,264.0,2025-11-30T19:00:00+00:00,2025-12-31T19:00:00+00:00,0
2026-01-11T19:00:00+00:00,2026-01-12T15:00:00+00:00,turbine_1,21,0.1751526414178456,0.5633333333333334,-0.38818069191548776,0.01,5.16,6.1,0.0,0.685919530619124,True,open_meteo_previous_runs,72,2026-01-10T03:00:00+00:00,2025-12-31T18:00:00+00:00,264.0,2025-11-30T19:00:00+00:00,2025-12-31T19:00:00+00:00,0
2026-01-11T19:00:00+00:00,2026-01-12T16:00:00+00:00,turbine_1,22,0.13060341057155148,0.285,-0.1543965894284485,0.01,3.04,6.1,0.0,0.6413702997728299,True,open_meteo_previous_runs,72,2026-01-10T04:00:00+00:00,2025-12-31T18:00:00+00:00,264.0,2025-11-30T19:00:00+00:00,2025-12-31T19:00:00+00:00,0
2026-01-11T19:00:00+00:00,2026-01-12T17:00:00+00:00,turbine_1,23,0.14073896539926709,0.2633333333333333,-0.12259436793406622,0.01,0.1,5.0,0.0,0.6515058546005456,True,open_meteo_previous_runs,72,2026-01-10T05:00:00+00:00,2025-12-31T18:00:00+00:00,264.0,2025-11-30T19:00:00+00:00,2025-12-31T19:00:00+00:00,0
2026-01-11T19:00:00+00:00,2026-01-12T18:00:00+00:00,turbine_1,24,0.12828088816056737,0.1183333333333333,0.00994755482723407,0.01,1.44,3.1,0.0,0.6390477773618458,True,open_meteo_previous_runs,72,2026-01-10T06:00:00+00:00,2025-12-31T18:00:00+00:00,264.0,2025-11-30T19:00:00+00:00,2025-12-31T19:00:00+00:00,0
2026-01-11T19:00:00+00:00,2026-01-12T19:00:00+00:00,turbine_1,25,0.14875087824154748,0.2233333333333333,-0.07458245509178582,0.01,3.99,2.5,0.0,0.6302660718429571,True,open_meteo_previous_runs,72,2026-01-10T07:00:00+00:00,2025-12-31T18:00:00+00:00,264.0,2025-11-30T19:00:00+00:00,2025-12-31T19:00:00+00:00,0
2026-01-11T19:00:00+00:00,2026-01-12T20:00:00+00:00,turbine_1,26,0.15802028489377126,0.1383333333333333,0.019686951560437954,0.01,5.53,2.2,0.0,0.639535478495181,True,open_meteo_previous_runs,72,2026-01-10T08:00:00+00:00,2025-12-31T18:00:00+00:00,264.0,2025-11-30T19:00:00+00:00,2025-12-31T19:00:00+00:00,0
2026-01-11T19:00:00+00:00,2026-01-12T21:00:00+00:00,turbine_1,27,0.14483155591164557,0.1483333333333333,-0.003501777421687724,0.01,5.2,2.2,0.0,0.6263467495130552,True,open_meteo_previous_runs,72,2026-01-10T09:00:00+00:00,2025-12-31T18:00:00+00:00,264.0,2025-11-30T19:00:00+00:00,2025-12-31T19:00:00+00:00,0
2026-01-11T19:00:00+00:00,2026-01-12T22:00:00+00:00,turbine_1,28,0.14852006529945314,0.2283333333333333,-0.07981326803388017,0.01,5.73,1.4,0.0,0.6300352589008629,True,open_meteo_previous_runs,72,2026-01-10T10:00:00+00:00,2025-12-31T18:00:00+00:00,264.0,2025-11-30T19:00:00+00:00,2025-12-31T19:00:00+00:00,0
2026-01-11T19:00:00+00:00,2026-01-12T23:00:00+00:00,turbine_1,29,0.12603608265904928,0.1766666666666666,-0.05063058400761733,0.01,6.58,0.8,0.0,0.607551276260459,True,open_meteo_previous_runs,72,2026-01-10T11:00:00+00:00,2025-12-31T18:00:00+00:00,264.0,2025-11-30T19:00:00+00:00,2025-12-31T19:00:00+00:00,0
2026-01-11T19:00:00+00:00,2026-01-13T00:00:00+00:00,turbine_1,30,0.12425548167019167,0.045,0.07925548167019167,0.01,4.72,2.0,0.0,0.6057706752716013,True,open_meteo_previous_runs,72,2026-01-10T12:00:00+00:00,2025-12-31T18:00:00+00:00,264.0,2025-11-30T19:00:00+00:00,2025-12-31T19:00:00+00:00,0
2026-01-11T19:00:00+00:00,2026-01-13T01:00:00+00:00,turbine_1,31,0.11444138880205525,0.01,0.10444138880205525,0.01,4.85,2.7,0.0,0.5959565824034649,True,open_meteo_previous_runs,72,2026-01-10T13:00:00+00:00,2025-12-31T18:00:00+00:00,264.0,2025-11-30T19:00:00+00:00,2025-12-31T19:00:00+00:00,0
2026-01-11T19:00:00+00:00,2026-01-13T02:00:00+00:00,turbine_1,32,0.110895141323016,0.0216666666666666,0.08922847465634941,0.01,4.98,1.8,0.0,0.5924103349244257,True,open_meteo_previous_runs,72,2026-01-10T14:00:00+00:00,2025-12-31T18:00:00+00:00,264.0,2025-11-30T19:00:00+00:00,2025-12-31T19:00:00+00:00,0
2026-01-11T19:00:00+00:00,2026-01-13T03:00:00+00:00,turbine_1,33,0.1094684709025779,0.1133333333333333,-0.0038648624307554003,0.01,4.62,1.8,0.0,0.5909836645039876,True,open_meteo_previous_runs,72,2026-01-10T15:00:00+00:00,2025-12-31T18:00:00+00:00,264.0,2025-11-30T19:00:00+00:00,2025-12-31T19:00:00+00:00,0
2026-01-11T19:00:00+00:00,2026-01-13T04:00:00+00:00,turbine_1,34,0.12204602301140251,0.1483333333333333,-0.026287310321930782,0.01,4.84,2.7,0.0,0.6035612166128123,True,open_meteo_previous_runs,72,2026-01-10T16:00:00+00:00,2025-12-31T18:00:00+00:00,264.0,2025-11-30T19:00:00+00:00,2025-12-31T19:00:00+00:00,0
2026-01-11T19:00:00+00:00,2026-01-13T05:00:00+00:00,turbine_1,35,0.12858820828080544,0.18,-0.05141179171919455,0.01,5.07,4.8,0.0,0.6101034018822151,True,open_meteo_previous_runs,72,2026-01-10T17:00:00+00:00,2025-12-31T18:00:00+00:00,264.0,2025-11-30T19:00:00+00:00,2025-12-31T19:00:00+00:00,0
2026-01-11T19:00:00+00:00,2026-01-13T06:00:00+00:00,turbine_1,36,0.1752342742558686,0.2333333333333333,-0.05809905907746471,0.01,5.09,6.5,0.0,0.6567494678572783,True,open_meteo_previous_runs,72,2026-01-10T18:00:00+00:00,2025-12-31T18:00:00+00:00,264.0,2025-11-30T19:00:00+00:00,2025-12-31T19:00:00+00:00,0
2026-01-11T19:00:00+00:00,2026-01-13T07:00:00+00:00,turbine_1,37,0.2312293678330862,0.515,-0.2837706321669138,0.01,5.07,7.6,0.0,0.7127445614344959,True,open_meteo_previous_runs,72,2026-01-10T19:00:00+00:00,2025-12-31T18:00:00+00:00,264.0,2025-11-30T19:00:00+00:00,2025-12-31T19:00:00+00:00,0
2026-01-11T19:00:00+00:00,2026-01-13T08:00:00+00:00,turbine_1,38,0.21772318872406618,0.64,-0.42227681127593386,0.01,6.35,8.0,0.0,0.6992383823254759,True,open_meteo_previous_runs,72,2026-01-10T20:00:00+00:00,2025-12-31T18:00:00+00:00,264.0,2025-11-30T19:00:00+00:00,2025-12-31T19:00:00+00:00,0
2026-01-11T19:00:00+00:00,2026-01-13T09:00:00+00:00,turbine_1,39,0.17952557922782264,0.7833333333333333,-0.6038077541055107,0.01,7.08,7.1,0.0,0.6610407728292323,True,open_meteo_previous_runs,72,2026-01-10T21:00:00+00:00,2025-12-31T18:00:00+00:00,264.0,2025-11-30T19:00:00+00:00,2025-12-31T19:00:00+00:00,0
2026-01-11T19:00:00+00:00,2026-01-13T10:00:00+00:00,turbine_1,40,0.1872373988115715,0.985,-0.7977626011884285,0.01,7.18,7.3,0.0,0.6687525924129812,True,open_meteo_previous_runs,72,2026-01-10T22:00:00+00:00,2025-12-31T18:00:00+00:00,264.0,2025-11-30T19:00:00+00:00,2025-12-31T19:00:00+00:00,0
2026-01-11T19:00:00+00:00,2026-01-13T11:00:00+00:00,turbine_1,41,0.17817386612939137,0.99,-0.8118261338706086,0.01,8.6,5.0,0.0,0.659689059730801,True,open_meteo_previous_runs,72,2026-01-10T23:00:00+00:00,2025-12-31T18:00:00+00:00,264.0,2025-11-30T19:00:00+00:00,2025-12-31T19:00:00+00:00,0
2026-01-11T19:00:00+00:00,2026-01-13T12:00:00+00:00,turbine_1,42,0.5674941330894135,0.99,-0.42250586691058645,0.01,10.64,3.8,0.08597893948800384,1.0,True,open_meteo_previous_runs,72,2026-01-11T00:00:00+00:00,2025-12-31T18:00:00+00:00,264.0,2025-11-30T19:00:00+00:00,2025-12-31T19:00:00+00:00,0
2026-01-11T19:00:00+00:00,2026-01-13T13:00:00+00:00,turbine_1,43,0.7410442673674533,0.99,-0.24895573263254667,0.01,12.44,2.9,0.2595290737660436,1.0,True,open_meteo_previous_runs,72,2026-01-11T01:00:00+00:00,2025-12-31T18:00:00+00:00,264.0,2025-11-30T19:00:00+00:00,2025-12-31T19:00:00+00:00,0
2026-01-11T19:00:00+00:00,2026-01-13T14:00:00+00:00,turbine_1,44,0.746800550933956,0.99,-0.24319944906604396,0.01,12.8,2.0,0.2652853573325463,1.0,True,open_meteo_previous_runs,72,2026-01-11T02:00:00+00:00,2025-12-31T18:00:00+00:00,264.0,2025-11-30T19:00:00+00:00,2025-12-31T19:00:00+00:00,0
2026-01-11T19:00:00+00:00,2026-01-13T15:00:00+00:00,turbine_1,45,0.7441117354075537,0.99,-0.24588826459244628,0.01,12.34,1.6,0.262596541806144,1.0,True,open_meteo_previous_runs,72,2026-01-11T03:00:00+00:00,2025-12-31T18:00:00+00:00,264.0,2025-11-30T19:00:00+00:00,2025-12-31T19:00:00+00:00,0
2026-01-11T19:00:00+00:00,2026-01-13T16:00:00+00:00,turbine_1,46,0.7250617460560921,0.9266666666666666,-0.20160492061057456,0.01,11.85,1.3,0.24354655245468237,1.0,True,open_meteo_previous_runs,72,2026-01-11T04:00:00+00:00,2025-12-31T18:00:00+00:00,264.0,2025-11-30T19:00:00+00:00,2025-12-31T19:00:00+00:00,0
2026-01-11T19:00:00+00:00,2026-01-13T17:00:00+00:00,turbine_1,47,0.6833720744226981,0.9516666666666668,-0.2682945922439687,0.01,11.29,1.5,0.2018568808212884,1.0,True,open_meteo_previous_runs,72,2026-01-11T05:00:00+00:00,2025-12-31T18:00:00+00:00,264.0,2025-11-30T19:00:00+00:00,2025-12-31T19:00:00+00:00,0
2026-01-11T19:00:00+00:00,2026-01-13T18:00:00+00:00,turbine_1,48,0.528353215799265,0.9183333333333332,-0.38998011753406825,0.01,10.58,0.6,0.04683802219785527,1.0,True,open_meteo_previous_runs,72,2026-01-11T06:00:00+00:00,2025-12-31T18:00:00+00:00,264.0,2025-11-30T19:00:00+00:00,2025-12-31T19:00:00+00:00,0
2026-01-12T19:00:00+00:00,2026-01-12T19:00:00+00:00,turbine_1,1,0.15450253670595387,0.2233333333333333,-0.06883079662737943,0.01,3.99,2.5,0.0,0.6652694259072323,True,open_meteo_previous_runs,72,2026-01-10T07:00:00+00:00,2025-12-31T18:00:00+00:00,288.0,2025-11-30T19:00:00+00:00,2025-12-31T19:00:00+00:00,0
2026-01-12T19:00:00+00:00,2026-01-12T20:00:00+00:00,turbine_1,2,0.16377194335817766,0.1383333333333333,0.02543861002484435,0.01,5.53,2.2,0.0,0.6745388325594561,True,open_meteo_previous_runs,72,2026-01-10T08:00:00+00:00,2025-12-31T18:00:00+00:00,288.0,2025-11-30T19:00:00+00:00,2025-12-31T19:00:00+00:00,0
2026-01-12T19:00:00+00:00,2026-01-12T21:00:00+00:00,turbine_1,3,0.15058321437605196,0.1483333333333333,0.002249881042718671,0.01,5.2,2.2,0.0,0.6613501035773304,True,open_meteo_previous_runs,72,2026-01-10T09:00:00+00:00,2025-12-31T18:00:00+00:00,288.0,2025-11-30T19:00:00+00:00,2025-12-31T19:00:00+00:00,0
2026-01-12T19:00:00+00:00,2026-01-12T22:00:00+00:00,turbine_1,4,0.15427172376385953,0.2283333333333333,-0.07406160956947377,0.01,5.73,1.4,0.0,0.665038612965138,True,open_meteo_previous_runs,72,2026-01-10T10:00:00+00:00,2025-12-31T18:00:00+00:00,288.0,2025-11-30T19:00:00+00:00,2025-12-31T19:00:00+00:00,0
2026-01-12T19:00:00+00:00,2026-01-12T23:00:00+00:00,turbine_1,5,0.12603608265904928,0.1766666666666666,-0.05063058400761733,0.01,6.58,0.8,0.0,0.6368029718603277,True,open_meteo_previous_runs,72,2026-01-10T11:00:00+00:00,2025-12-31T18:00:00+00:00,288.0,2025-11-30T19:00:00+00:00,2025-12-31T19:00:00+00:00,0
2026-01-12T19:00:00+00:00,2026-01-13T00:00:00+00:00,turbine_1,6,0.12425548167019167,0.045,0.07925548167019167,0.01,4.72,2.0,0.0,0.6350223708714701,True,open_meteo_previous_runs,72,2026-01-10T12:00:00+00:00,2025-12-31T18:00:00+00:00,288.0,2025-11-30T19:00:00+00:00,2025-12-31T19:00:00+00:00,0
2026-01-12T19:00:00+00:00,2026-01-13T01:00:00+00:00,turbine_1,7,0.11444138880205525,0.01,0.10444138880205525,0.01,4.85,2.7,0.0,0.6252082780033337,True,open_meteo_previous_runs,72,2026-01-10T13:00:00+00:00,2025-12-31T18:00:00+00:00,288.0,2025-11-30T19:00:00+00:00,2025-12-31T19:00:00+00:00,0
2026-01-12T19:00:00+00:00,2026-01-13T02:00:00+00:00,turbine_1,8,0.110895141323016,0.0216666666666666,0.08922847465634941,0.01,4.98,1.8,0.0,0.6216620305242945,True,open_meteo_previous_runs,72,2026-01-10T14:00:00+00:00,2025-12-31T18:00:00+00:00,288.0,2025-11-30T19:00:00+00:00,2025-12-31T19:00:00+00:00,0
2026-01-12T19:00:00+00:00,2026-01-13T03:00:00+00:00,turbine_1,9,0.1094684709025779,0.1133333333333333,-0.0038648624307554003,0.01,4.62,1.8,0.0,0.6202353601038564,True,open_meteo_previous_runs,72,2026-01-10T15:00:00+00:00,2025-12-31T18:00:00+00:00,288.0,2025-11-30T19:00:00+00:00,2025-12-31T19:00:00+00:00,0
2026-01-12T19:00:00+00:00,2026-01-13T04:00:00+00:00,turbine_1,10,0.12204602301140251,0.1483333333333333,-0.026287310321930782,0.01,4.84,2.7,0.0,0.632812912212681,True,open_meteo_previous_runs,72,2026-01-10T16:00:00+00:00,2025-12-31T18:00:00+00:00,288.0,2025-11-30T19:00:00+00:00,2025-12-31T19:00:00+00:00,0
2026-01-12T19:00:00+00:00,2026-01-13T05:00:00+00:00,turbine_1,11,0.12858820828080544,0.18,-0.05141179171919455,0.01,5.07,4.8,0.0,0.6393550974820839,True,open_meteo_previous_runs,72,2026-01-10T17:00:00+00:00,2025-12-31T18:00:00+00:00,288.0,2025-11-30T19:00:00+00:00,2025-12-31T19:00:00+00:00,0
2026-01-12T19:00:00+00:00,2026-01-13T06:00:00+00:00,turbine_1,12,0.1752342742558686,0.2333333333333333,-0.05809905907746471,0.01,5.09,6.5,0.0,0.686001163457147,True,open_meteo_previous_runs,72,2026-01-10T18:00:00+00:00,2025-12-31T18:00:00+00:00,288.0,2025-11-30T19:00:00+00:00,2025-12-31T19:00:00+00:00,0
2026-01-12T19:00:00+00:00,2026-01-13T07:00:00+00:00,turbine_1,13,0.2312293678330862,0.515,-0.2837706321669138,0.01,5.07,7.6,0.0,0.7419962570343647,True,open_meteo_previous_runs,72,2026-01-10T19:00:00+00:00,2025-12-31T18:00:00+00:00,288.0,2025-11-30T19:00:00+00:00,2025-12-31T19:00:00+00:00,0
2026-01-12T19:00:00+00:00,2026-01-13T08:00:00+00:00,turbine_1,14,0.21772318872406618,0.64,-0.42227681127593386,0.01,6.35,8.0,0.0,0.7284900779253446,True,open_meteo_previous_runs,72,2026-01-10T20:00:00+00:00,2025-12-31T18:00:00+00:00,288.0,2025-11-30T19:00:00+00:00,2025-12-31T19:00:00+00:00,0
2026-01-12T19:00:00+00:00,2026-01-13T09:00:00+00:00,turbine_1,15,0.17952557922782264,0.7833333333333333,-0.6038077541055107,0.01,7.08,7.1,0.0,0.6902924684291011,True,open_meteo_previous_runs,72,2026-01-10T21:00:00+00:00,2025-12-31T18:00:00+00:00,288.0,2025-11-30T19:00:00+00:00,2025-12-31T19:00:00+00:00,0
2026-01-12T19:00:00+00:00,2026-01-13T10:00:00+00:00,turbine_1,16,0.1872373988115715,0.985,-0.7977626011884285,0.01,7.18,7.3,0.0,0.69800428801285,True,open_meteo_previous_runs,72,2026-01-10T22:00:00+00:00,2025-12-31T18:00:00+00:00,288.0,2025-11-30T19:00:00+00:00,2025-12-31T19:00:00+00:00,0
2026-01-12T19:00:00+00:00,2026-01-13T11:00:00+00:00,turbine_1,17,0.17817386612939137,0.99,-0.8118261338706086,0.01,8.6,5.0,0.0,0.6889407553306698,True,open_meteo_previous_runs,72,2026-01-10T23:00:00+00:00,2025-12-31T18:00:00+00:00,288.0,2025-11-30T19:00:00+00:00,2025-12-31T19:00:00+00:00,0
2026-01-12T19:00:00+00:00,2026-01-13T12:00:00+00:00,turbine_1,18,0.5674941330894135,0.99,-0.42250586691058645,0.01,10.64,3.8,0.056727243888135104,1.0,True,open_meteo_previous_runs,72,2026-01-11T00:00:00+00:00,2025-12-31T18:00:00+00:00,288.0,2025-11-30T19:00:00+00:00,2025-12-31T19:00:00+00:00,0
2026-01-12T19:00:00+00:00,2026-01-13T13:00:00+00:00,turbine_1,19,0.7410442673674533,0.99,-0.24895573263254667,0.01,12.44,2.9,0.23027737816617488,1.0,True,open_meteo_previous_runs,72,2026-01-11T01:00:00+00:00,2025-12-31T18:00:00+00:00,288.0,2025-11-30T19:00:00+00:00,2025-12-31T19:00:00+00:00,0
2026-01-12T19:00:00+00:00,2026-01-13T14:00:00+00:00,turbine_1,20,0.746800550933956,0.99,-0.24319944906604396,0.01,12.8,2.0,0.2360336617326776,1.0,True,open_meteo_previous_runs,72,2026-01-11T02:00:00+00:00,2025-12-31T18:00:00+00:00,288.0,2025-11-30T19:00:00+00:00,2025-12-31T19:00:00+00:00,0
2026-01-12T19:00:00+00:00,2026-01-13T15:00:00+00:00,turbine_1,21,0.7441117354075537,0.99,-0.24588826459244628,0.01,12.34,1.6,0.23334484620627527,1.0,True,open_meteo_previous_runs,72,2026-01-11T03:00:00+00:00,2025-12-31T18:00:00+00:00,288.0,2025-11-30T19:00:00+00:00,2025-12-31T19:00:00+00:00,0
2026-01-12T19:00:00+00:00,2026-01-13T16:00:00+00:00,turbine_1,22,0.7250617460560921,0.9266666666666666,-0.20160492061057456,0.01,11.85,1.3,0.21429485685481364,1.0,True,open_meteo_previous_runs,72,2026-01-11T04:00:00+00:00,2025-12-31T18:00:00+00:00,288.0,2025-11-30T19:00:00+00:00,2025-12-31T19:00:00+00:00,0
2026-01-12T19:00:00+00:00,2026-01-13T17:00:00+00:00,turbine_1,23,0.6833720744226981,0.9516666666666668,-0.2682945922439687,0.01,11.29,1.5,0.17260518522141965,1.0,True,open_meteo_previous_runs,72,2026-01-11T05:00:00+00:00,2025-12-31T18:00:00+00:00,288.0,2025-11-30T19:00:00+00:00,2025-12-31T19:00:00+00:00,0
2026-01-12T19:00:00+00:00,2026-01-13T18:00:00+00:00,turbine_1,24,0.528353215799265,0.9183333333333332,-0.38998011753406825,0.01,10.58,0.6,0.017586326597986535,1.0,True,open_meteo_previous_runs,72,2026-01-11T06:00:00+00:00,2025-12-31T18:00:00+00:00,288.0,2025-11-30T19:00:00+00:00,2025-12-31T19:00:00+00:00,0
2026-01-12T19:00:00+00:00,2026-01-13T19:00:00+00:00,turbine_1,25,0.28020907208658047,0.7583333333333333,-0.47812426124675284,0.01,9.83,0.1,0.0,0.7617242656879901,True,open_meteo_previous_runs,72,2026-01-11T07:00:00+00:00,2025-12-31T18:00:00+00:00,288.0,2025-11-30T19:00:00+00:00,2025-12-31T19:00:00+00:00,0
2026-01-12T19:00:00+00:00,2026-01-13T20:00:00+00:00,turbine_1,26,0.26671531476901084,0.8383333333333334,-0.5716180185643225,0.01,9.45,-0.0,0.0,0.7482305083704206,True,open_meteo_previous_runs,72,2026-01-11T08:00:00+00:00,2025-12-31T18:00:00+00:00,288.0,2025-11-30T19:00:00+00:00,2025-12-31T19:00:00+00:00,0
2026-01-12T19:00:00+00:00,2026-01-13T21:00:00+00:00,turbine_1,27,0.2731609526060029,0.935,-0.6618390473939971,0.01,9.72,0.0,0.0,0.7546761462074126,True,open_meteo_previous_runs,72,2026-01-11T09:00:00+00:00,2025-12-31T18:00:00+00:00,288.0,2025-11-30T19:00:00+00:00,2025-12-31T19:00:00+00:00,0
2026-01-12T19:00:00+00:00,2026-01-13T22:00:00+00:00,turbine_1,28,0.24852796570710992,0.8633333333333333,-0.6148053676262234,0.01,9.33,-0.3,0.0,0.7300431593085196,True,open_meteo_previous_runs,72,2026-01-11T10:00:00+00:00,2025-12-31T18:00:00+00:00,288.0,2025-11-30T19:00:00+00:00,2025-12-31T19:00:00+00:00,0
2026-01-12T19:00:00+00:00,2026-01-13T23:00:00+00:00,turbine_1,29,0.2346705846823932,0.57,-0.33532941531760674,0.01,9.09,-0.6,0.0,0.7161857782838029,True,open_meteo_previous_runs,72,2026-01-11T11:00:00+00:00,2025-12-31T18:00:00+00:00,288.0,2025-11-30T19:00:00+00:00,2025-12-31T19:00:00+00:00,0
2026-01-12T19:00:00+00:00,2026-01-14T00:00:00+00:00,turbine_1,30,0.3908215127232061,0.36,0.0308215127232061,0.01,10.52,0.2,0.0,0.8723367063246158,True,open_meteo_previous_runs,72,2026-01-11T12:00:00+00:00,2025-12-31T18:00:00+00:00,288.0,2025-11-30T19:00:00+00:00,2025-12-31T19:00:00+00:00,0
2026-01-12T19:00:00+00:00,2026-01-14T01:00:00+00:00,turbine_1,31,0.3875980754842254,0.0916666666666666,0.2959314088175588,0.01,10.51,-0.2,0.0,0.8691132690856351,True,open_meteo_previous_runs,72,2026-01-11T13:00:00+00:00,2025-12-31T18:00:00+00:00,288.0,2025-11-30T19:00:00+00:00,2025-12-31T19:00:00+00:00,0
2026-01-12T19:00:00+00:00,2026-01-14T02:00:00+00:00,turbine_1,32,0.35927211818081617,0.0366666666666666,0.32260545151414954,0.01,10.24,-0.5,0.0,0.8407873117822259,True,open_meteo_previous_runs,72,2026-01-11T14:00:00+00:00,2025-12-31T18:00:00+00:00,288.0,2025-11-30T19:00:00+00:00,2025-12-31T19:00:00+00:00,0
2026-01-12T19:00:00+00:00,2026-01-14T03:00:00+00:00,turbine_1,33,0.35942250152260097,0.3166666666666666,0.04275583485593437,0.01,10.26,-0.2,0.0,0.8409376951240106,True,open_meteo_previous_runs,72,2026-01-11T15:00:00+00:00,2025-12-31T18:00:00+00:00,288.0,2025-11-30T19:00:00+00:00,2025-12-31T19:00:00+00:00,0
2026-01-12T19:00:00+00:00,2026-01-14T04:00:00+00:00,turbine_1,34,0.24814532491556246,0.26,-0.01185467508443755,0.01,9.43,1.2,0.0,0.7296605185169722,True,open_meteo_previous_runs,72,2026-01-11T16:00:00+00:00,2025-12-31T18:00:00+00:00,288.0,2025-11-30T19:00:00+00:00,2025-12-31T19:00:00+00:00,0
2026-01-12T19:00:00+00:00,2026-01-14T05:00:00+00:00,turbine_1,35,0.2558178061342676,0.045,0.2108178061342676,0.01,9.19,2.6,0.0,0.7373329997356772,True,open_meteo_previous_runs,72,2026-01-11T17:00:00+00:00,2025-12-31T18:00:00+00:00,288.0,2025-11-30T19:00:00+00:00,2025-12-31T19:00:00+00:00,0
2026-01-12T19:00:00+00:00,2026-01-14T06:00:00+00:00,turbine_1,36,0.16747095139686968,0.015,0.15247095139686967,0.01,8.32,3.9,0.0,0.6489861449982794,True,open_meteo_previous_runs,72,2026-01-11T18:00:00+00:00,2025-12-31T18:00:00+00:00,288.0,2025-11-30T19:00:00+00:00,2025-12-31T19:00:00+00:00,0
2026-01-12T19:00:00+00:00,2026-01-14T07:00:00+00:00,turbine_1,37,0.1373944739714184,0.0633333333333333,0.07406114063808511,0.01,7.24,4.4,0.0,0.6189096675728281,True,open_meteo_previous_runs,72,2026-01-11T19:00:00+00:00,2025-12-31T18:00:00+00:00,288.0,2025-11-30T19:00:00+00:00,2025-12-31T19:00:00+00:00,0
2026-01-12T19:00:00+00:00,2026-01-14T08:00:00+00:00,turbine_1,38,0.14836451664707886,0.1133333333333333,0.035031183313745565,0.01,5.69,4.5,0.0,0.6298797102484885,True,open_meteo_previous_runs,72,2026-01-11T20:00:00+00:00,2025-12-31T18:00:00+00:00,288.0,2025-11-30T19:00:00+00:00,2025-12-31T19:00:00+00:00,0
2026-01-12T19:00:00+00:00,2026-01-14T09:00:00+00:00,turbine_1,39,0.11603368682474707,0.1366666666666667,-0.020632979841919613,0.01,3.64,4.6,0.0,0.5975488804261568,True,open_meteo_previous_runs,72,2026-01-11T21:00:00+00:00,2025-12-31T18:00:00+00:00,288.0,2025-11-30T19:00:00+00:00,2025-12-31T19:00:00+00:00,0
2026-01-12T19:00:00+00:00,2026-01-14T10:00:00+00:00,turbine_1,40,0.11648217168242347,0.17,-0.05351782831757654,0.01,2.57,4.3,0.0,0.5979973652838332,True,open_meteo_previous_runs,72,2026-01-11T22:00:00+00:00,2025-12-31T18:00:00+00:00,288.0,2025-11-30T19:00:00+00:00,2025-12-31T19:00:00+00:00,0
2026-01-12T19:00:00+00:00,2026-01-14T11:00:00+00:00,turbine_1,41,0.13756864262406165,0.1149999999999999,0.02256864262406176,0.01,1.61,2.6,0.0,0.6190838362254714,True,open_meteo_previous_runs,72,2026-01-11T23:00:00+00:00,2025-12-31T18:00:00+00:00,288.0,2025-11-30T19:00:00+00:00,2025-12-31T19:00:00+00:00,0
2026-01-12T19:00:00+00:00,2026-01-14T12:00:00+00:00,turbine_1,42,0.1356576296548957,0.155,-0.019342370345104304,0.01,1.12,2.0,0.0,0.6171728232563054,True,open_meteo_previous_runs,72,2026-01-12T00:00:00+00:00,2025-12-31T18:00:00+00:00,288.0,2025-11-30T19:00:00+00:00,2025-12-31T19:00:00+00:00,0
2026-01-12T19:00:00+00:00,2026-01-14T13:00:00+00:00,turbine_1,43,0.1394566525512795,0.14,-0.0005433474487205048,0.01,1.97,1.8,0.0,0.6209718461526892,True,open_meteo_previous_runs,72,2026-01-12T01:00:00+00:00,2025-12-31T18:00:00+00:00,288.0,2025-11-30T19:00:00+00:00,2025-12-31T19:00:00+00:00,0
2026-01-12T19:00:00+00:00,2026-01-14T14:00:00+00:00,turbine_1,44,0.15139430439073942,0.1333333333333333,0.018060971057406117,0.01,2.42,1.4,0.0,0.6329094979921491,True,open_meteo_previous_runs,72,2026-01-12T02:00:00+00:00,2025-12-31T18:00:00+00:00,288.0,2025-11-30T19:00:00+00:00,2025-12-31T19:00:00+00:00,0
2026-01-12T19:00:00+00:00,2026-01-14T15:00:00+00:00,turbine_1,45,0.15139430439073942,0.2,-0.04860569560926059,0.01,3.0,1.1,0.0,0.6329094979921491,True,open_meteo_previous_runs,72,2026-01-12T03:00:00+00:00,2025-12-31T18:00:00+00:00,288.0,2025-11-30T19:00:00+00:00,2025-12-31T19:00:00+00:00,0
2026-01-12T19:00:00+00:00,2026-01-14T16:00:00+00:00,turbine_1,46,0.1672118261260958,0.3616666666666666,-0.19445484054057077,0.01,4.08,0.5,0.0,0.6487270197275055,True,open_meteo_previous_runs,72,2026-01-12T04:00:00+00:00,2025-12-31T18:00:00+00:00,288.0,2025-11-30T19:00:00+00:00,2025-12-31T19:00:00+00:00,0
2026-01-12T19:00:00+00:00,2026-01-14T17:00:00+00:00,turbine_1,47,0.16846795623658017,0.24,-0.07153204376341982,0.01,4.88,0.3,0.0,0.6499831498379899,True,open_meteo_previous_runs,72,2026-01-12T05:00:00+00:00,2025-12-31T18:00:00+00:00,288.0,2025-11-30T19:00:00+00:00,2025-12-31T19:00:00+00:00,0
2026-01-12T19:00:00+00:00,2026-01-14T18:00:00+00:00,turbine_1,48,0.1717085968485092,0.1083333333333333,0.0633752635151759,0.01,5.41,-0.6,0.0,0.653223790449919,True,open_meteo_previous_runs,72,2026-01-12T06:00:00+00:00,2025-12-31T18:00:00+00:00,288.0,2025-11-30T19:00:00+00:00,2025-12-31T19:00:00+00:00,0
2026-01-13T19:00:00+00:00,2026-01-13T19:00:00+00:00,turbine_1,1,0.2830225387231374,0.7583333333333333,-0.47531079461019593,0.01,9.83,0.1,0.0,0.7937894279244158,True,open_meteo_previous_runs,72,2026-01-11T07:00:00+00:00,2025-12-31T18:00:00+00:00,312.0,2025-11-30T19:00:00+00:00,2025-12-31T19:00:00+00:00,0
2026-01-13T19:00:00+00:00,2026-01-13T20:00:00+00:00,turbine_1,2,0.26952878140556774,0.8383333333333334,-0.5688045519277656,0.01,9.45,-0.0,0.0,0.7802956706068462,True,open_meteo_previous_runs,72,2026-01-11T08:00:00+00:00,2025-12-31T18:00:00+00:00,312.0,2025-11-30T19:00:00+00:00,2025-12-31T19:00:00+00:00,0
2026-01-13T19:00:00+00:00,2026-01-13T21:00:00+00:00,turbine_1,3,0.27597441924255983,0.935,-0.6590255807574402,0.01,9.72,0.0,0.0,0.7867413084438383,True,open_meteo_previous_runs,72,2026-01-11T09:00:00+00:00,2025-12-31T18:00:00+00:00,312.0,2025-11-30T19:00:00+00:00,2025-12-31T19:00:00+00:00,0
2026-01-13T19:00:00+00:00,2026-01-13T22:00:00+00:00,turbine_1,4,0.2536239086839242,0.8633333333333333,-0.609709424649409,0.01,9.33,-0.3,0.0,0.7643907978852027,True,open_meteo_previous_runs,72,2026-01-11T10:00:00+00:00,2025-12-31T18:00:00+00:00,312.0,2025-11-30T19:00:00+00:00,2025-12-31T19:00:00+00:00,0
2026-01-13T19:00:00+00:00,2026-01-13T23:00:00+00:00,turbine_1,5,0.23401486919480108,0.57,-0.3359851308051989,0.01,9.09,-0.6,0.0,0.7447817583960795,True,open_meteo_previous_runs,72,2026-01-11T11:00:00+00:00,2025-12-31T18:00:00+00:00,312.0,2025-11-30T19:00:00+00:00,2025-12-31T19:00:00+00:00,0
2026-01-13T19:00:00+00:00,2026-01-14T00:00:00+00:00,turbine_1,6,0.38788332089535665,0.36,0.027883320895356667,0.01,10.52,0.2,0.0,0.8986502100966351,True,open_meteo_previous_runs,72,2026-01-11T12:00:00+00:00,2025-12-31T18:00:00+00:00,312.0,2025-11-30T19:00:00+00:00,2025-12-31T19:00:00+00:00,0
2026-01-13T19:00:00+00:00,2026-01-14T01:00:00+00:00,turbine_1,7,0.384659883656376,0.0916666666666666,0.29299321698970937,0.01,10.51,-0.2,0.0,0.8954267728576544,True,open_meteo_previous_runs,72,2026-01-11T13:00:00+00:00,2025-12-31T18:00:00+00:00,312.0,2025-11-30T19:00:00+00:00,2025-12-31T19:00:00+00:00,0
2026-01-13T19:00:00+00:00,2026-01-14T02:00:00+00:00,turbine_1,8,0.35633392635296673,0.0366666666666666,0.31966725968630016,0.01,10.24,-0.5,0.0,0.8671008155542452,True,open_meteo_previous_runs,72,2026-01-11T14:00:00+00:00,2025-12-31T18:00:00+00:00,312.0,2025-11-30T19:00:00+00:00,2025-12-31T19:00:00+00:00,0
2026-01-13T19:00:00+00:00,2026-01-14T03:00:00+00:00,turbine_1,9,0.35648430969475153,0.3166666666666666,0.03981764302808494,0.01,10.26,-0.2,0.0,0.86725119889603,True,open_meteo_previous_runs,72,2026-01-11T15:00:00+00:00,2025-12-31T18:00:00+00:00,312.0,2025-11-30T19:00:00+00:00,2025-12-31T19:00:00+00:00,0
2026-01-13T19:00:00+00:00,2026-01-14T04:00:00+00:00,turbine_1,10,0.24814532491556246,0.26,-0.01185467508443755,0.01,9.43,1.2,0.0,0.758912214116841,True,open_meteo_previous_runs,72,2026-01-11T16:00:00+00:00,2025-12-31T18:00:00+00:00,312.0,2025-11-30T19:00:00+00:00,2025-12-31T19:00:00+00:00,0
2026-01-13T19:00:00+00:00,2026-01-14T05:00:00+00:00,turbine_1,11,0.2558178061342676,0.045,0.2108178061342676,0.01,9.19,2.6,0.0,0.766584695335546,True,open_meteo_previous_runs,72,2026-01-11T17:00:00+00:00,2025-12-31T18:00:00+00:00,312.0,2025-11-30T19:00:00+00:00,2025-12-31T19:00:00+00:00,0
2026-01-13T19:00:00+00:00,2026-01-14T06:00:00+00:00,turbine_1,12,0.16747095139686968,0.015,0.15247095139686967,0.01,8.32,3.9,0.0,0.6782378405981482,True,open_meteo_previous_runs,72,2026-01-11T18:00:00+00:00,2025-12-31T18:00:00+00:00,312.0,2025-11-30T19:00:00+00:00,2025-12-31T19:00:00+00:00,0
2026-01-13T19:00:00+00:00,2026-01-14T07:00:00+00:00,turbine_1,13,0.1373944739714184,0.0633333333333333,0.07406114063808511,0.01,7.24,4.4,0.0,0.6481613631726968,True,open_meteo_previous_runs,72,2026-01-11T19:00:00+00:00,2025-12-31T18:00:00+00:00,312.0,2025-11-30T19:00:00+00:00,2025-12-31T19:00:00+00:00,0
2026-01-13T19:00:00+00:00,2026-01-14T08:00:00+00:00,turbine_1,14,0.14836451664707886,0.1133333333333333,0.035031183313745565,0.01,5.69,4.5,0.0,0.6591314058483573,True,open_meteo_previous_runs,72,2026-01-11T20:00:00+00:00,2025-12-31T18:00:00+00:00,312.0,2025-11-30T19:00:00+00:00,2025-12-31T19:00:00+00:00,0
2026-01-13T19:00:00+00:00,2026-01-14T09:00:00+00:00,turbine_1,15,0.11603368682474707,0.1366666666666667,-0.020632979841919613,0.01,3.64,4.6,0.0,0.6268005760260256,True,open_meteo_previous_runs,72,2026-01-11T21:00:00+00:00,2025-12-31T18:00:00+00:00,312.0,2025-11-30T19:00:00+00:00,2025-12-31T19:00:00+00:00,0
2026-01-13T19:00:00+00:00,2026-01-14T10:00:00+00:00,turbine_1,16,0.11648217168242347,0.17,-0.05351782831757654,0.01,2.57,4.3,0.0,0.6272490608837019,True,open_meteo_previous_runs,72,2026-01-11T22:00:00+00:00,2025-12-31T18:00:00+00:00,312.0,2025-11-30T19:00:00+00:00,2025-12-31T19:00:00+00:00,0
2026-01-13T19:00:00+00:00,2026-01-14T11:00:00+00:00,turbine_1,17,0.13756864262406165,0.1149999999999999,0.02256864262406176,0.01,1.61,2.6,0.0,0.6483355318253401,True,open_meteo_previous_runs,72,2026-01-11T23:00:00+00:00,2025-12-31T18:00:00+00:00,312.0,2025-11-30T19:00:00+00:00,2025-12-31T19:00:00+00:00,0
2026-01-13T19:00:00+00:00,2026-01-14T12:00:00+00:00,turbine_1,18,0.1356576296548957,0.155,-0.019342370345104304,0.01,1.12,2.0,0.0,0.6464245188561741,True,open_meteo_previous_runs,72,2026-01-12T00:00:00+00:00,2025-12-31T18:00:00+00:00,312.0,2025-11-30T19:00:00+00:00,2025-12-31T19:00:00+00:00,0
2026-01-13T19:00:00+00:00,2026-01-14T13:00:00+00:00,turbine_1,19,0.1394566525512795,0.14,-0.0005433474487205048,0.01,1.97,1.8,0.0,0.6502235417525579,True,open_meteo_previous_runs,72,2026-01-12T01:00:00+00:00,2025-12-31T18:00:00+00:00,312.0,2025-11-30T19:00:00+00:00,2025-12-31T19:00:00+00:00,0
2026-01-13T19:00:00+00:00,2026-01-14T14:00:00+00:00,turbine_1,20,0.15139430439073942,0.1333333333333333,0.018060971057406117,0.01,2.42,1.4,0.0,0.6621611935920179,True,open_meteo_previous_runs,72,2026-01-12T02:00:00+00:00,2025-12-31T18:00:00+00:00,312.0,2025-11-30T19:00:00+00:00,2025-12-31T19:00:00+00:00,0
2026-01-13T19:00:00+00:00,2026-01-14T15:00:00+00:00,turbine_1,21,0.15139430439073942,0.2,-0.04860569560926059,0.01,3.0,1.1,0.0,0.6621611935920179,True,open_meteo_previous_runs,72,2026-01-12T03:00:00+00:00,2025-12-31T18:00:00+00:00,312.0,2025-11-30T19:00:00+00:00,2025-12-31T19:00:00+00:00,0
2026-01-13T19:00:00+00:00,2026-01-14T16:00:00+00:00,turbine_1,22,0.1672118261260958,0.3616666666666666,-0.19445484054057077,0.01,4.08,0.5,0.0,0.6779787153273742,True,open_meteo_previous_runs,72,2026-01-12T04:00:00+00:00,2025-12-31T18:00:00+00:00,312.0,2025-11-30T19:00:00+00:00,2025-12-31T19:00:00+00:00,0
2026-01-13T19:00:00+00:00,2026-01-14T17:00:00+00:00,turbine_1,23,0.16846795623658017,0.24,-0.07153204376341982,0.01,4.88,0.3,0.0,0.6792348454378586,True,open_meteo_previous_runs,72,2026-01-12T05:00:00+00:00,2025-12-31T18:00:00+00:00,312.0,2025-11-30T19:00:00+00:00,2025-12-31T19:00:00+00:00,0
2026-01-13T19:00:00+00:00,2026-01-14T18:00:00+00:00,turbine_1,24,0.1717085968485092,0.1083333333333333,0.0633752635151759,0.01,5.41,-0.6,0.0,0.6824754860497877,True,open_meteo_previous_runs,72,2026-01-12T06:00:00+00:00,2025-12-31T18:00:00+00:00,312.0,2025-11-30T19:00:00+00:00,2025-12-31T19:00:00+00:00,0
2026-01-13T19:00:00+00:00,2026-01-14T19:00:00+00:00,turbine_1,25,0.16705584280949307,0.0466666666666666,0.12038917614282646,0.01,5.15,-1.1,0.0,0.6485710364109027,True,open_meteo_previous_runs,72,2026-01-12T07:00:00+00:00,2025-12-31T18:00:00+00:00,312.0,2025-11-30T19:00:00+00:00,2025-12-31T19:00:00+00:00,0
2026-01-13T19:00:00+00:00,2026-01-14T20:00:00+00:00,turbine_1,26,0.16562917238905497,0.02,0.14562917238905498,0.01,4.59,-1.5,0.0,0.6471443659904647,True,open_meteo_previous_runs,72,2026-01-12T08:00:00+00:00,2025-12-31T18:00:00+00:00,312.0,2025-11-30T19:00:00+00:00,2025-12-31T19:00:00+00:00,0
2026-01-13T19:00:00+00:00,2026-01-14T21:00:00+00:00,turbine_1,27,0.14088560857685364,0.02,0.12088560857685364,0.01,3.81,-2.0,0.0,0.6224008021782633,True,open_meteo_previous_runs,72,2026-01-12T09:00:00+00:00,2025-12-31T18:00:00+00:00,312.0,2025-11-30T19:00:00+00:00,2025-12-31T19:00:00+00:00,0
2026-01-13T19:00:00+00:00,2026-01-14T22:00:00+00:00,turbine_1,28,0.12921545962351788,0.0116666666666666,0.11754879295685128,0.01,3.34,-2.6,0.0,0.6107306532249276,True,open_meteo_previous_runs,72,2026-01-12T10:00:00+00:00,2025-12-31T18:00:00+00:00,312.0,2025-11-30T19:00:00+00:00,2025-12-31T19:00:00+00:00,0
2026-01-13T19:00:00+00:00,2026-01-14T23:00:00+00:00,turbine_1,29,0.12244908588909897,0.01,0.11244908588909898,0.01,2.65,-3.1,0.0,0.6039642794905087,True,open_meteo_previous_runs,72,2026-01-12T11:00:00+00:00,2025-12-31T18:00:00+00:00,312.0,2025-11-30T19:00:00+00:00,2025-12-31T19:00:00+00:00,0
2026-01-13T19:00:00+00:00,2026-01-15T00:00:00+00:00,turbine_1,30,0.14331670047804373,0.01,0.13331670047804373,0.01,3.54,-3.5,0.0,0.6248318940794535,True,open_meteo_previous_runs,72,2026-01-12T12:00:00+00:00,2025-12-31T18:00:00+00:00,312.0,2025-11-30T19:00:00+00:00,2025-12-31T19:00:00+00:00,0
2026-01-13T19:00:00+00:00,2026-01-15T01:00:00+00:00,turbine_1,31,0.1339118949661058,0.01,0.12391189496610581,0.01,3.4,-3.8,0.0,0.6154270885675155,True,open_meteo_previous_runs,72,2026-01-12T13:00:00+00:00,2025-12-31T18:00:00+00:00,312.0,2025-11-30T19:00:00+00:00,2025-12-31T19:00:00+00:00,0
2026-01-13T19:00:00+00:00,2026-01-15T02:00:00+00:00,turbine_1,32,0.13058983595208254,0.01,0.12058983595208254,0.01,3.23,-3.9,0.0,0.6121050295534922,True,open_meteo_previous_runs,72,2026-01-12T14:00:00+00:00,2025-12-31T18:00:00+00:00,312.0,2025-11-30T19:00:00+00:00,2025-12-31T19:00:00+00:00,0
2026-01-13T19:00:00+00:00,2026-01-15T03:00:00+00:00,turbine_1,33,0.13058983595208254,0.01,0.12058983595208254,0.01,3.01,-3.8,0.0,0.6121050295534922,True,open_meteo_previous_runs,72,2026-01-12T15:00:00+00:00,2025-12-31T18:00:00+00:00,312.0,2025-11-30T19:00:00+00:00,2025-12-31T19:00:00+00:00,0
2026-01-13T19:00:00+00:00,2026-01-15T04:00:00+00:00,turbine_1,34,0.10826588449991147,0.01,0.09826588449991147,0.01,2.6,-3.0,0.0,0.5897810781013212,True,open_meteo_previous_runs,72,2026-01-12T16:00:00+00:00,2025-12-31T18:00:00+00:00,312.0,2025-11-30T19:00:00+00:00,2025-12-31T19:00:00+00:00,0
2026-01-13T19:00:00+00:00,2026-01-15T05:00:00+00:00,turbine_1,35,0.10776930666210231,0.01,0.09776930666210232,0.01,2.3,-2.1,0.0,0.589284500263512,True,open_meteo_previous_runs,72,2026-01-12T17:00:00+00:00,2025-12-31T18:00:00+00:00,312.0,2025-11-30T19:00:00+00:00,2025-12-31T19:00:00+00:00,0
2026-01-13T19:00:00+00:00,2026-01-15T06:00:00+00:00,turbine_1,36,0.12123271469040463,0.01,0.11123271469040463,0.01,1.53,-1.4,0.0,0.6027479082918143,True,open_meteo_previous_runs,72,2026-01-12T18:00:00+00:00,2025-12-31T18:00:00+00:00,312.0,2025-11-30T19:00:00+00:00,2025-12-31T19:00:00+00:00,0
2026-01-13T19:00:00+00:00,2026-01-15T07:00:00+00:00,turbine_1,37,0.11438574263796755,0.01,0.10438574263796756,0.01,2.82,-0.8,0.0,0.5959009362393772,True,open_meteo_previous_runs,72,2026-01-12T19:00:00+00:00,2025-12-31T18:00:00+00:00,312.0,2025-11-30T19:00:00+00:00,2025-12-31T19:00:00+00:00,0
2026-01-13T19:00:00+00:00,2026-01-15T08:00:00+00:00,turbine_1,38,0.11664908530097805,0.01,0.10664908530097805,0.01,3.32,-0.6,0.0,0.5981642789023878,True,open_meteo_previous_runs,72,2026-01-12T20:00:00+00:00,2025-12-31T18:00:00+00:00,312.0,2025-11-30T19:00:00+00:00,2025-12-31T19:00:00+00:00,0
2026-01-13T19:00:00+00:00,2026-01-15T09:00:00+00:00,turbine_1,39,0.14897991512330985,0.01,0.13897991512330984,0.01,5.68,-0.9,0.0,0.6304951087247196,True,open_meteo_previous_runs,72,2026-01-12T21:00:00+00:00,2025-12-31T18:00:00+00:00,312.0,2025-11-30T19:00:00+00:00,2025-12-31T19:00:00+00:00,0
2026-01-13T19:00:00+00:00,2026-01-15T10:00:00+00:00,turbine_1,40,0.13866329538679853,0.02,0.11866329538679853,0.01,7.12,-1.4,0.0,0.6201784889882083,True,open_meteo_previous_runs,72,2026-01-12T22:00:00+00:00,2025-12-31T18:00:00+00:00,312.0,2025-11-30T19:00:00+00:00,2025-12-31T19:00:00+00:00,0
2026-01-13T19:00:00+00:00,2026-01-15T11:00:00+00:00,turbine_1,41,0.15571322434827758,0.04,0.11571322434827758,0.01,5.06,-2.0,0.0,0.6372284179496873,True,open_meteo_previous_runs,72,2026-01-12T23:00:00+00:00,2025-12-31T18:00:00+00:00,312.0,2025-11-30T19:00:00+00:00,2025-12-31T19:00:00+00:00,0
2026-01-13T19:00:00+00:00,2026-01-15T12:00:00+00:00,turbine_1,42,0.13364967913943124,0.0833333333333333,0.05031634580609794,0.01,2.93,-0.3,0.0,0.615164872740841,True,open_meteo_previous_runs,72,2026-01-13T00:00:00+00:00,2025-12-31T18:00:00+00:00,312.0,2025-11-30T19:00:00+00:00,2025-12-31T19:00:00+00:00,0
2026-01-13T19:00:00+00:00,2026-01-15T13:00:00+00:00,turbine_1,43,0.1534358309880478,0.0916666666666666,0.0617691643213812,0.01,1.6,-0.3,0.0,0.6349510245894575,True,open_meteo_previous_runs,72,2026-01-13T01:00:00+00:00,2025-12-31T18:00:00+00:00,312.0,2025-11-30T19:00:00+00:00,2025-12-31T19:00:00+00:00,0
2026-01-13T19:00:00+00:00,2026-01-15T14:00:00+00:00,turbine_1,44,0.15927265443919844,0.0633333333333333,0.09593932110586514,0.01,1.91,-1.1,0.0,0.6407878480406082,True,open_meteo_previous_runs,72,2026-01-13T02:00:00+00:00,2025-12-31T18:00:00+00:00,312.0,2025-11-30T19:00:00+00:00,2025-12-31T19:00:00+00:00,0
2026-01-13T19:00:00+00:00,2026-01-15T15:00:00+00:00,turbine_1,45,0.15927265443919844,0.1133333333333333,0.04593932110586514,0.01,1.79,-0.8,0.0,0.6407878480406082,True,open_meteo_previous_runs,72,2026-01-13T03:00:00+00:00,2025-12-31T18:00:00+00:00,312.0,2025-11-30T19:00:00+00:00,2025-12-31T19:00:00+00:00,0
2026-01-13T19:00:00+00:00,2026-01-15T16:00:00+00:00,turbine_1,46,0.17655331529597804,0.2083333333333333,-0.03178001803735525,0.01,0.36,-1.0,0.0,0.6580685088973878,True,open_meteo_previous_runs,72,2026-01-13T04:00:00+00:00,2025-12-31T18:00:00+00:00,312.0,2025-11-30T19:00:00+00:00,2025-12-31T19:00:00+00:00,0
2026-01-13T19:00:00+00:00,2026-01-15T17:00:00+00:00,turbine_1,47,0.1697564474292048,0.045,0.12475644742920479,0.01,0.5,-1.1,0.0,0.6512716410306145,True,open_meteo_previous_runs,72,2026-01-13T05:00:00+00:00,2025-12-31T18:00:00+00:00,312.0,2025-11-30T19:00:00+00:00,2025-12-31T19:00:00+00:00,0
2026-01-13T19:00:00+00:00,2026-01-15T18:00:00+00:00,turbine_1,48,0.18177307346166677,0.01,0.17177307346166676,0.01,5.33,-2.7,0.0,0.6632882670630764,True,open_meteo_previous_runs,72,2026-01-13T06:00:00+00:00,2025-12-31T18:00:00+00:00,312.0,2025-11-30T19:00:00+00:00,2025-12-31T19:00:00+00:00,0
2026-01-14T19:00:00+00:00,2026-01-14T19:00:00+00:00,turbine_1,1,0.17280750127389946,0.0466666666666666,0.12614083460723285,0.01,5.15,-1.1,0.0,0.6835743904751779,True,open_meteo_previous_runs,72,2026-01-12T07:00:00+00:00,2025-12-31T18:00:00+00:00,336.0,2025-11-30T19:00:00+00:00,2025-12-31T19:00:00+00:00,0
2026-01-14T19:00:00+00:00,2026-01-14T20:00:00+00:00,turbine_1,2,0.17138083085346137,0.02,0.15138083085346138,0.01,4.59,-1.5,0.0,0.6821477200547398,True,open_meteo_previous_runs,72,2026-01-12T08:00:00+00:00,2025-12-31T18:00:00+00:00,336.0,2025-11-30T19:00:00+00:00,2025-12-31T19:00:00+00:00,0
2026-01-14T19:00:00+00:00,2026-01-14T21:00:00+00:00,turbine_1,3,0.14663726704126004,0.02,0.12663726704126005,0.01,3.81,-2.0,0.0,0.6574041562425385,True,open_meteo_previous_runs,72,2026-01-12T09:00:00+00:00,2025-12-31T18:00:00+00:00,336.0,2025-11-30T19:00:00+00:00,2025-12-31T19:00:00+00:00,0
2026-01-14T19:00:00+00:00,2026-01-14T22:00:00+00:00,turbine_1,4,0.13576919285192549,0.0116666666666666,0.12410252618525888,0.01,3.34,-2.6,0.0,0.6465360820532039,True,open_meteo_previous_runs,72,2026-01-12T10:00:00+00:00,2025-12-31T18:00:00+00:00,336.0,2025-11-30T19:00:00+00:00,2025-12-31T19:00:00+00:00,0
2026-01-14T19:00:00+00:00,2026-01-14T23:00:00+00:00,turbine_1,5,0.12244908588909897,0.01,0.11244908588909898,0.01,2.65,-3.1,0.0,0.6332159750903774,True,open_meteo_previous_runs,72,2026-01-12T11:00:00+00:00,2025-12-31T18:00:00+00:00,336.0,2025-11-30T19:00:00+00:00,2025-12-31T19:00:00+00:00,0
2026-01-14T19:00:00+00:00,2026-01-15T00:00:00+00:00,turbine_1,6,0.14331670047804373,0.01,0.13331670047804373,0.01,3.54,-3.5,0.0,0.6540835896793222,True,open_meteo_previous_runs,72,2026-01-12T12:00:00+00:00,2025-12-31T18:00:00+00:00,336.0,2025-11-30T19:00:00+00:00,2025-12-31T19:00:00+00:00,0
2026-01-14T19:00:00+00:00,2026-01-15T01:00:00+00:00,turbine_1,7,0.1339118949661058,0.01,0.12391189496610581,0.01,3.4,-3.8,0.0,0.6446787841673842,True,open_meteo_previous_runs,72,2026-01-12T13:00:00+00:00,2025-12-31T18:00:00+00:00,336.0,2025-11-30T19:00:00+00:00,2025-12-31T19:00:00+00:00,0
2026-01-14T19:00:00+00:00,2026-01-15T02:00:00+00:00,turbine_1,8,0.13058983595208254,0.01,0.12058983595208254,0.01,3.23,-3.9,0.0,0.641356725153361,True,open_meteo_previous_runs,72,2026-01-12T14:00:00+00:00,2025-12-31T18:00:00+00:00,336.0,2025-11-30T19:00:00+00:00,2025-12-31T19:00:00+00:00,0
2026-01-14T19:00:00+00:00,2026-01-15T03:00:00+00:00,turbine_1,9,0.13058983595208254,0.01,0.12058983595208254,0.01,3.01,-3.8,0.0,0.641356725153361,True,open_meteo_previous_runs,72,2026-01-12T15:00:00+00:00,2025-12-31T18:00:00+00:00,336.0,2025-11-30T19:00:00+00:00,2025-12-31T19:00:00+00:00,0
2026-01-14T19:00:00+00:00,2026-01-15T04:00:00+00:00,turbine_1,10,0.10826588449991147,0.01,0.09826588449991147,0.01,2.6,-3.0,0.0,0.6190327737011899,True,open_meteo_previous_runs,72,2026-01-12T16:00:00+00:00,2025-12-31T18:00:00+00:00,336.0,2025-11-30T19:00:00+00:00,2025-12-31T19:00:00+00:00,0
2026-01-14T19:00:00+00:00,2026-01-15T05:00:00+00:00,turbine_1,11,0.10776930666210231,0.01,0.09776930666210232,0.01,2.3,-2.1,0.0,0.6185361958633807,True,open_meteo_previous_runs,72,2026-01-12T17:00:00+00:00,2025-12-31T18:00:00+00:00,336.0,2025-11-30T19:00:00+00:00,2025-12-31T19:00:00+00:00,0
2026-01-14T19:00:00+00:00,2026-01-15T06:00:00+00:00,turbine_1,12,0.12123271469040463,0.01,0.11123271469040463,0.01,1.53,-1.4,0.0,0.6319996038916831,True,open_meteo_previous_runs,72,2026-01-12T18:00:00+00:00,2025-12-31T18:00:00+00:00,336.0,2025-11-30T19:00:00+00:00,2025-12-31T19:00:00+00:00,0
2026-01-14T19:00:00+00:00,2026-01-15T07:00:00+00:00,turbine_1,13,0.11438574263796755,0.01,0.10438574263796756,0.01,2.82,-0.8,0.0,0.625152631839246,True,open_meteo_previous_runs,72,2026-01-12T19:00:00+00:00,2025-12-31T18:00:00+00:00,336.0,2025-11-30T19:00:00+00:00,2025-12-31T19:00:00+00:00,0
2026-01-14T19:00:00+00:00,2026-01-15T08:00:00+00:00,turbine_1,14,0.11664908530097805,0.01,0.10664908530097805,0.01,3.32,-0.6,0.0,0.6274159745022565,True,open_meteo_previous_runs,72,2026-01-12T20:00:00+00:00,2025-12-31T18:00:00+00:00,336.0,2025-11-30T19:00:00+00:00,2025-12-31T19:00:00+00:00,0
2026-01-14T19:00:00+00:00,2026-01-15T09:00:00+00:00,turbine_1,15,0.14897991512330985,0.01,0.13897991512330984,0.01,5.68,-0.9,0.0,0.6597468043245883,True,open_meteo_previous_runs,72,2026-01-12T21:00:00+00:00,2025-12-31T18:00:00+00:00,336.0,2025-11-30T19:00:00+00:00,2025-12-31T19:00:00+00:00,0
2026-01-14T19:00:00+00:00,2026-01-15T10:00:00+00:00,turbine_1,16,0.13866329538679853,0.02,0.11866329538679853,0.01,7.12,-1.4,0.0,0.649430184588077,True,open_meteo_previous_runs,72,2026-01-12T22:00:00+00:00,2025-12-31T18:00:00+00:00,336.0,2025-11-30T19:00:00+00:00,2025-12-31T19:00:00+00:00,0
2026-01-14T19:00:00+00:00,2026-01-15T11:00:00+00:00,turbine_1,17,0.15571322434827758,0.04,0.11571322434827758,0.01,5.06,-2.0,0.0,0.666480113549556,True,open_meteo_previous_runs,72,2026-01-12T23:00:00+00:00,2025-12-31T18:00:00+00:00,336.0,2025-11-30T19:00:00+00:00,2025-12-31T19:00:00+00:00,0
2026-01-14T19:00:00+00:00,2026-01-15T12:00:00+00:00,turbine_1,18,0.13364967913943124,0.0833333333333333,0.05031634580609794,0.01,2.93,-0.3,0.0,0.6444165683407097,True,open_meteo_previous_runs,72,2026-01-13T00:00:00+00:00,2025-12-31T18:00:00+00:00,336.0,2025-11-30T19:00:00+00:00,2025-12-31T19:00:00+00:00,0
2026-01-14T19:00:00+00:00,2026-01-15T13:00:00+00:00,turbine_1,19,0.1534358309880478,0.0916666666666666,0.0617691643213812,0.01,1.6,-0.3,0.0,0.6642027201893262,True,open_meteo_previous_runs,72,2026-01-13T01:00:00+00:00,2025-12-31T18:00:00+00:00,336.0,2025-11-30T19:00:00+00:00,2025-12-31T19:00:00+00:00,0
2026-01-14T19:00:00+00:00,2026-01-15T14:00:00+00:00,turbine_1,20,0.15927265443919844,0.0633333333333333,0.09593932110586514,0.01,1.91,-1.1,0.0,0.6700395436404769,True,open_meteo_previous_runs,72,2026-01-13T02:00:00+00:00,2025-12-31T18:00:00+00:00,336.0,2025-11-30T19:00:00+00:00,2025-12-31T19:00:00+00:00,0
2026-01-14T19:00:00+00:00,2026-01-15T15:00:00+00:00,turbine_1,21,0.15927265443919844,0.1133333333333333,0.04593932110586514,0.01,1.79,-0.8,0.0,0.6700395436404769,True,open_meteo_previous_runs,72,2026-01-13T03:00:00+00:00,2025-12-31T18:00:00+00:00,336.0,2025-11-30T19:00:00+00:00,2025-12-31T19:00:00+00:00,0
2026-01-14T19:00:00+00:00,2026-01-15T16:00:00+00:00,turbine_1,22,0.17655331529597804,0.2083333333333333,-0.03178001803735525,0.01,0.36,-1.0,0.0,0.6873202044972565,True,open_meteo_previous_runs,72,2026-01-13T04:00:00+00:00,2025-12-31T18:00:00+00:00,336.0,2025-11-30T19:00:00+00:00,2025-12-31T19:00:00+00:00,0
2026-01-14T19:00:00+00:00,2026-01-15T17:00:00+00:00,turbine_1,23,0.1697564474292048,0.045,0.12475644742920479,0.01,0.5,-1.1,0.0,0.6805233366304833,True,open_meteo_previous_runs,72,2026-01-13T05:00:00+00:00,2025-12-31T18:00:00+00:00,336.0,2025-11-30T19:00:00+00:00,2025-12-31T19:00:00+00:00,0
2026-01-14T19:00:00+00:00,2026-01-15T18:00:00+00:00,turbine_1,24,0.18177307346166677,0.01,0.17177307346166676,0.01,5.33,-2.7,0.0,0.6925399626629452,True,open_meteo_previous_runs,72,2026-01-13T06:00:00+00:00,2025-12-31T18:00:00+00:00,336.0,2025-11-30T19:00:00+00:00,2025-12-31T19:00:00+00:00,0
2026-01-14T19:00:00+00:00,2026-01-15T19:00:00+00:00,turbine_1,25,0.1583532198069108,0.095,0.0633532198069108,0.01,6.35,-3.9,0.0,0.6398684134083206,True,open_meteo_previous_runs,72,2026-01-13T07:00:00+00:00,2025-12-31T18:00:00+00:00,336.0,2025-11-30T19:00:00+00:00,2025-12-31T19:00:00+00:00,0
2026-01-14T19:00:00+00:00,2026-01-15T20:00:00+00:00,turbine_1,26,0.16728003127450905,0.1383333333333333,0.028946697941175742,0.01,4.9,-4.0,0.0,0.6487952248759188,True,open_meteo_previous_runs,72,2026-01-13T08:00:00+00:00,2025-12-31T18:00:00+00:00,336.0,2025-11-30T19:00:00+00:00,2025-12-31T19:00:00+00:00,0
2026-01-14T19:00:00+00:00,2026-01-15T21:00:00+00:00,turbine_1,27,0.16008334492504991,0.0733333333333333,0.08675001159171661,0.01,4.84,-3.8,0.0,0.6415985385264596,True,open_meteo_previous_runs,72,2026-01-13T09:00:00+00:00,2025-12-31T18:00:00+00:00,336.0,2025-11-30T19:00:00+00:00,2025-12-31T19:00:00+00:00,0
2026-01-14T19:00:00+00:00,2026-01-15T22:00:00+00:00,turbine_1,28,0.1635476658478415,0.0499999999999999,0.1135476658478416,0.01,5.69,-4.0,0.0,0.6450628594492512,True,open_meteo_previous_runs,72,2026-01-13T10:00:00+00:00,2025-12-31T18:00:00+00:00,336.0,2025-11-30T19:00:00+00:00,2025-12-31T19:00:00+00:00,0
2026-01-14T19:00:00+00:00,2026-01-15T23:00:00+00:00,turbine_1,29,0.14543432760055594,0.04,0.10543432760055593,0.01,5.99,-4.1,0.0,0.6269495212019657,True,open_meteo_previous_runs,72,2026-01-13T11:00:00+00:00,2025-12-31T18:00:00+00:00,336.0,2025-11-30T19:00:00+00:00,2025-12-31T19:00:00+00:00,0
2026-01-14T19:00:00+00:00,2026-01-16T00:00:00+00:00,turbine_1,30,0.1506592705781785,0.0133333333333333,0.13732593724484518,0.01,8.18,-3.4,0.0,0.6321744641795882,True,open_meteo_previous_runs,72,2026-01-13T12:00:00+00:00,2025-12-31T18:00:00+00:00,336.0,2025-11-30T19:00:00+00:00,2025-12-31T19:00:00+00:00,0
2026-01-14T19:00:00+00:00,2026-01-16T01:00:00+00:00,turbine_1,31,0.14743583333919782,0.0316666666666666,0.11576916667253123,0.01,7.99,-3.6,0.0,0.6289510269406076,True,open_meteo_previous_runs,72,2026-01-13T13:00:00+00:00,2025-12-31T18:00:00+00:00,336.0,2025-11-30T19:00:00+00:00,2025-12-31T19:00:00+00:00,0
2026-01-14T19:00:00+00:00,2026-01-16T02:00:00+00:00,turbine_1,32,0.13420949765208642,0.02,0.11420949765208642,0.01,8.05,-4.1,0.0,0.6157246912534962,True,open_meteo_previous_runs,72,2026-01-13T14:00:00+00:00,2025-12-31T18:00:00+00:00,336.0,2025-11-30T19:00:00+00:00,2025-12-31T19:00:00+00:00,0
2026-01-14T19:00:00+00:00,2026-01-16T03:00:00+00:00,turbine_1,33,0.17179235173635335,0.03,0.14179235173635335,0.01,8.47,-4.3,0.0,0.653307545337763,True,open_meteo_previous_runs,72,2026-01-13T15:00:00+00:00,2025-12-31T18:00:00+00:00,336.0,2025-11-30T19:00:00+00:00,2025-12-31T19:00:00+00:00,0
2026-01-14T19:00:00+00:00,2026-01-16T04:00:00+00:00,turbine_1,34,0.24828926227737572,0.0716666666666666,0.17662259561070912,0.01,9.66,-4.5,0.0,0.7298044558787854,True,open_meteo_previous_runs,72,2026-01-13T16:00:00+00:00,2025-12-31T18:00:00+00:00,336.0,2025-11-30T19:00:00+00:00,2025-12-31T19:00:00+00:00,0
2026-01-14T19:00:00+00:00,2026-01-16T05:00:00+00:00,turbine_1,35,0.2440514621751538,0.0166666666666666,0.2273847955084872,0.01,9.3,-4.0,0.0,0.7255666557765635,True,open_meteo_previous_runs,72,2026-01-13T17:00:00+00:00,2025-12-31T18:00:00+00:00,336.0,2025-11-30T19:00:00+00:00,2025-12-31T19:00:00+00:00,0
2026-01-14T19:00:00+00:00,2026-01-16T06:00:00+00:00,turbine_1,36,0.12883800198931375,0.0483333333333333,0.08050466865598045,0.01,7.06,-2.9,0.0,0.6103531955907234,True,open_meteo_previous_runs,72,2026-01-13T18:00:00+00:00,2025-12-31T18:00:00+00:00,336.0,2025-11-30T19:00:00+00:00,2025-12-31T19:00:00+00:00,0
2026-01-14T19:00:00+00:00,2026-01-16T07:00:00+00:00,turbine_1,37,0.1265746593263032,0.04,0.0865746593263032,0.01,7.91,-2.7,0.0,0.6080898529277129,True,open_meteo_previous_runs,72,2026-01-13T19:00:00+00:00,2025-12-31T18:00:00+00:00,336.0,2025-11-30T19:00:00+00:00,2025-12-31T19:00:00+00:00,0
2026-01-14T19:00:00+00:00,2026-01-16T08:00:00+00:00,turbine_1,38,0.16231404617458706,0.09,0.07231404617458706,0.01,8.38,-3.1,0.0,0.6438292397759968,True,open_meteo_previous_runs,72,2026-01-13T20:00:00+00:00,2025-12-31T18:00:00+00:00,336.0,2025-11-30T19:00:00+00:00,2025-12-31T19:00:00+00:00,0
2026-01-14T19:00:00+00:00,2026-01-16T09:00:00+00:00,turbine_1,39,0.2700624070244952,0.2299999999999999,0.04006240702449529,0.01,9.15,-3.4,0.0,0.751577600625905,True,open_meteo_previous_runs,72,2026-01-13T21:00:00+00:00,2025-12-31T18:00:00+00:00,336.0,2025-11-30T19:00:00+00:00,2025-12-31T19:00:00+00:00,0
2026-01-14T19:00:00+00:00,2026-01-16T10:00:00+00:00,turbine_1,40,0.19206890312611405,0.3833333333333333,-0.19126443020721925,0.01,8.68,-3.6,0.0,0.6735840967275237,True,open_meteo_previous_runs,72,2026-01-13T22:00:00+00:00,2025-12-31T18:00:00+00:00,336.0,2025-11-30T19:00:00+00:00,2025-12-31T19:00:00+00:00,0
2026-01-14T19:00:00+00:00,2026-01-16T11:00:00+00:00,turbine_1,41,0.20571731931488663,0.375,-0.16928268068511337,0.01,8.9,-4.6,0.0,0.6872325129162964,True,open_meteo_previous_runs,72,2026-01-13T23:00:00+00:00,2025-12-31T18:00:00+00:00,336.0,2025-11-30T19:00:00+00:00,2025-12-31T19:00:00+00:00,0
2026-01-14T19:00:00+00:00,2026-01-16T12:00:00+00:00,turbine_1,42,0.6922995732507228,0.4466666666666667,0.24563290658405607,0.01,10.94,-6.1,0.21078437964931307,1.0,True,open_meteo_previous_runs,72,2026-01-14T00:00:00+00:00,2025-12-31T18:00:00+00:00,336.0,2025-11-30T19:00:00+00:00,2025-12-31T19:00:00+00:00,0
2026-01-14T19:00:00+00:00,2026-01-16T13:00:00+00:00,turbine_1,43,0.778722095560036,0.605,0.17372209556003604,0.01,11.05,-6.5,0.2972069019586263,1.0,True,open_meteo_previous_runs,72,2026-01-14T01:00:00+00:00,2025-12-31T18:00:00+00:00,336.0,2025-11-30T19:00:00+00:00,2025-12-31T19:00:00+00:00,0
2026-01-14T19:00:00+00:00,2026-01-16T14:00:00+00:00,turbine_1,44,0.7844783791265387,0.7666666666666666,0.01781171245987212,0.01,11.32,-6.7,0.302963185525129,1.0,True,open_meteo_previous_runs,72,2026-01-14T02:00:00+00:00,2025-12-31T18:00:00+00:00,336.0,2025-11-30T19:00:00+00:00,2025-12-31T19:00:00+00:00,0
2026-01-14T19:00:00+00:00,2026-01-16T15:00:00+00:00,turbine_1,45,0.44794764956993127,0.9716666666666668,-0.5237190170967355,0.01,9.98,-6.9,0.0,0.929462843171341,True,open_meteo_previous_runs,72,2026-01-14T03:00:00+00:00,2025-12-31T18:00:00+00:00,336.0,2025-11-30T19:00:00+00:00,2025-12-31T19:00:00+00:00,0
2026-01-14T19:00:00+00:00,2026-01-16T16:00:00+00:00,turbine_1,46,0.36494460043933813,0.9283333333333332,-0.563388732893995,0.01,9.69,-7.6,0.0,0.8464597940407479,True,open_meteo_previous_runs,72,2026-01-14T04:00:00+00:00,2025-12-31T18:00:00+00:00,336.0,2025-11-30T19:00:00+00:00,2025-12-31T19:00:00+00:00,0
2026-01-14T19:00:00+00:00,2026-01-16T17:00:00+00:00,turbine_1,47,0.24837798802780625,0.8766666666666666,-0.6282886786388604,0.01,8.8,-8.1,0.0,0.729893181629216,True,open_meteo_previous_runs,72,2026-01-14T05:00:00+00:00,2025-12-31T18:00:00+00:00,336.0,2025-11-30T19:00:00+00:00,2025-12-31T19:00:00+00:00,0
2026-01-14T19:00:00+00:00,2026-01-16T18:00:00+00:00,turbine_1,48,0.7775942136004272,0.85,-0.07240578639957274,0.01,11.08,-9.3,0.29607901999901753,1.0,True,open_meteo_previous_runs,72,2026-01-14T06:00:00+00:00,2025-12-31T18:00:00+00:00,336.0,2025-11-30T19:00:00+00:00,2025-12-31T19:00:00+00:00,0
2026-01-15T19:00:00+00:00,2026-01-15T19:00:00+00:00,turbine_1,1,0.1641048782713172,0.095,0.0691048782713172,0.01,6.35,-3.9,0.0,0.6748717674725957,True,open_meteo_previous_runs,72,2026-01-13T07:00:00+00:00,2025-12-31T18:00:00+00:00,360.0,2025-11-30T19:00:00+00:00,2025-12-31T19:00:00+00:00,0
2026-01-15T19:00:00+00:00,2026-01-15T20:00:00+00:00,turbine_1,2,0.17303168973891545,0.1383333333333333,0.03469835640558214,0.01,4.9,-4.0,0.0,0.6837985789401939,True,open_meteo_previous_runs,72,2026-01-13T08:00:00+00:00,2025-12-31T18:00:00+00:00,360.0,2025-11-30T19:00:00+00:00,2025-12-31T19:00:00+00:00,0
2026-01-15T19:00:00+00:00,2026-01-15T21:00:00+00:00,turbine_1,3,0.1658350033894563,0.0733333333333333,0.092501670056123,0.01,4.84,-3.8,0.0,0.6766018925907348,True,open_meteo_previous_runs,72,2026-01-13T09:00:00+00:00,2025-12-31T18:00:00+00:00,360.0,2025-11-30T19:00:00+00:00,2025-12-31T19:00:00+00:00,0
2026-01-15T19:00:00+00:00,2026-01-15T22:00:00+00:00,turbine_1,4,0.1692993243122479,0.0499999999999999,0.11929932431224799,0.01,5.69,-4.0,0.0,0.6800662135135264,True,open_meteo_previous_runs,72,2026-01-13T10:00:00+00:00,2025-12-31T18:00:00+00:00,360.0,2025-11-30T19:00:00+00:00,2025-12-31T19:00:00+00:00,0
2026-01-15T19:00:00+00:00,2026-01-15T23:00:00+00:00,turbine_1,5,0.14543432760055594,0.04,0.10543432760055593,0.01,5.99,-4.1,0.0,0.6562012168018344,True,open_meteo_previous_runs,72,2026-01-13T11:00:00+00:00,2025-12-31T18:00:00+00:00,360.0,2025-11-30T19:00:00+00:00,2025-12-31T19:00:00+00:00,0
2026-01-15T19:00:00+00:00,2026-01-16T00:00:00+00:00,turbine_1,6,0.15000355509058638,0.0133333333333333,0.13667022175725307,0.01,8.18,-3.4,0.0,0.6607704442918648,True,open_meteo_previous_runs,72,2026-01-13T12:00:00+00:00,2025-12-31T18:00:00+00:00,360.0,2025-11-30T19:00:00+00:00,2025-12-31T19:00:00+00:00,0
2026-01-15T19:00:00+00:00,2026-01-16T01:00:00+00:00,turbine_1,7,0.14678011785160572,0.0316666666666666,0.11511345118493913,0.01,7.99,-3.6,0.0,0.6575470070528842,True,open_meteo_previous_runs,72,2026-01-13T13:00:00+00:00,2025-12-31T18:00:00+00:00,360.0,2025-11-30T19:00:00+00:00,2025-12-31T19:00:00+00:00,0
2026-01-15T19:00:00+00:00,2026-01-16T02:00:00+00:00,turbine_1,8,0.13355378216449432,0.02,0.11355378216449431,0.01,8.05,-4.1,0.0,0.6443206713657728,True,open_meteo_previous_runs,72,2026-01-13T14:00:00+00:00,2025-12-31T18:00:00+00:00,360.0,2025-11-30T19:00:00+00:00,2025-12-31T19:00:00+00:00,0
2026-01-15T19:00:00+00:00,2026-01-16T03:00:00+00:00,turbine_1,9,0.17113663624876124,0.03,0.14113663624876124,0.01,8.47,-4.3,0.0,0.6819035254500396,True,open_meteo_previous_runs,72,2026-01-13T15:00:00+00:00,2025-12-31T18:00:00+00:00,360.0,2025-11-30T19:00:00+00:00,2025-12-31T19:00:00+00:00,0
2026-01-15T19:00:00+00:00,2026-01-16T04:00:00+00:00,turbine_1,10,0.24828926227737572,0.0716666666666666,0.17662259561070912,0.01,9.66,-4.5,0.0,0.7590561514786541,True,open_meteo_previous_runs,72,2026-01-13T16:00:00+00:00,2025-12-31T18:00:00+00:00,360.0,2025-11-30T19:00:00+00:00,2025-12-31T19:00:00+00:00,0
2026-01-15T19:00:00+00:00,2026-01-16T05:00:00+00:00,turbine_1,11,0.2440514621751538,0.0166666666666666,0.2273847955084872,0.01,9.3,-4.0,0.0,0.7548183513764323,True,open_meteo_previous_runs,72,2026-01-13T17:00:00+00:00,2025-12-31T18:00:00+00:00,360.0,2025-11-30T19:00:00+00:00,2025-12-31T19:00:00+00:00,0
2026-01-15T19:00:00+00:00,2026-01-16T06:00:00+00:00,turbine_1,12,0.12883800198931375,0.0483333333333333,0.08050466865598045,0.01,7.06,-2.9,0.0,0.6396048911905922,True,open_meteo_previous_runs,72,2026-01-13T18:00:00+00:00,2025-12-31T18:00:00+00:00,360.0,2025-11-30T19:00:00+00:00,2025-12-31T19:00:00+00:00,0
2026-01-15T19:00:00+00:00,2026-01-16T07:00:00+00:00,turbine_1,13,0.1265746593263032,0.04,0.0865746593263032,0.01,7.91,-2.7,0.0,0.6373415485275816,True,open_meteo_previous_runs,72,2026-01-13T19:00:00+00:00,2025-12-31T18:00:00+00:00,360.0,2025-11-30T19:00:00+00:00,2025-12-31T19:00:00+00:00,0
2026-01-15T19:00:00+00:00,2026-01-16T08:00:00+00:00,turbine_1,14,0.16231404617458706,0.09,0.07231404617458706,0.01,8.38,-3.1,0.0,0.6730809353758656,True,open_meteo_previous_runs,72,2026-01-13T20:00:00+00:00,2025-12-31T18:00:00+00:00,360.0,2025-11-30T19:00:00+00:00,2025-12-31T19:00:00+00:00,0
2026-01-15T19:00:00+00:00,2026-01-16T09:00:00+00:00,turbine_1,15,0.2700624070244952,0.2299999999999999,0.04006240702449529,0.01,9.15,-3.4,0.0,0.7808292962257737,True,open_meteo_previous_runs,72,2026-01-13T21:00:00+00:00,2025-12-31T18:00:00+00:00,360.0,2025-11-30T19:00:00+00:00,2025-12-31T19:00:00+00:00,0
2026-01-15T19:00:00+00:00,2026-01-16T10:00:00+00:00,turbine_1,16,0.19206890312611405,0.3833333333333333,-0.19126443020721925,0.01,8.68,-3.6,0.0,0.7028357923273925,True,open_meteo_previous_runs,72,2026-01-13T22:00:00+00:00,2025-12-31T18:00:00+00:00,360.0,2025-11-30T19:00:00+00:00,2025-12-31T19:00:00+00:00,0
2026-01-15T19:00:00+00:00,2026-01-16T11:00:00+00:00,turbine_1,17,0.20571731931488663,0.375,-0.16928268068511337,0.01,8.9,-4.6,0.0,0.7164842085161651,True,open_meteo_previous_runs,72,2026-01-13T23:00:00+00:00,2025-12-31T18:00:00+00:00,360.0,2025-11-30T19:00:00+00:00,2025-12-31T19:00:00+00:00,0
2026-01-15T19:00:00+00:00,2026-01-16T12:00:00+00:00,turbine_1,18,0.6922995732507228,0.4466666666666667,0.24563290658405607,0.01,10.94,-6.1,0.18153268404944434,1.0,True,open_meteo_previous_runs,72,2026-01-14T00:00:00+00:00,2025-12-31T18:00:00+00:00,360.0,2025-11-30T19:00:00+00:00,2025-12-31T19:00:00+00:00,0
2026-01-15T19:00:00+00:00,2026-01-16T13:00:00+00:00,turbine_1,19,0.778722095560036,0.605,0.17372209556003604,0.01,11.05,-6.5,0.2679552063587576,1.0,True,open_meteo_previous_runs,72,2026-01-14T01:00:00+00:00,2025-12-31T18:00:00+00:00,360.0,2025-11-30T19:00:00+00:00,2025-12-31T19:00:00+00:00,0
2026-01-15T19:00:00+00:00,2026-01-16T14:00:00+00:00,turbine_1,20,0.7844783791265387,0.7666666666666666,0.01781171245987212,0.01,11.32,-6.7,0.2737114899252603,1.0,True,open_meteo_previous_runs,72,2026-01-14T02:00:00+00:00,2025-12-31T18:00:00+00:00,360.0,2025-11-30T19:00:00+00:00,2025-12-31T19:00:00+00:00,0
2026-01-15T19:00:00+00:00,2026-01-16T15:00:00+00:00,turbine_1,21,0.44794764956993127,0.9716666666666668,-0.5237190170967355,0.01,9.98,-6.9,0.0,0.9587145387712097,True,open_meteo_previous_runs,72,2026-01-14T03:00:00+00:00,2025-12-31T18:00:00+00:00,360.0,2025-11-30T19:00:00+00:00,2025-12-31T19:00:00+00:00,0
2026-01-15T19:00:00+00:00,2026-01-16T16:00:00+00:00,turbine_1,22,0.36494460043933813,0.9283333333333332,-0.563388732893995,0.01,9.69,-7.6,0.0,0.8757114896406166,True,open_meteo_previous_runs,72,2026-01-14T04:00:00+00:00,2025-12-31T18:00:00+00:00,360.0,2025-11-30T19:00:00+00:00,2025-12-31T19:00:00+00:00,0
2026-01-15T19:00:00+00:00,2026-01-16T17:00:00+00:00,turbine_1,23,0.24837798802780625,0.8766666666666666,-0.6282886786388604,0.01,8.8,-8.1,0.0,0.7591448772290847,True,open_meteo_previous_runs,72,2026-01-14T05:00:00+00:00,2025-12-31T18:00:00+00:00,360.0,2025-11-30T19:00:00+00:00,2025-12-31T19:00:00+00:00,0
2026-01-15T19:00:00+00:00,2026-01-16T18:00:00+00:00,turbine_1,24,0.7775942136004272,0.85,-0.07240578639957274,0.01,11.08,-9.3,0.2668273243991488,1.0,True,open_meteo_previous_runs,72,2026-01-14T06:00:00+00:00,2025-12-31T18:00:00+00:00,360.0,2025-11-30T19:00:00+00:00,2025-12-31T19:00:00+00:00,0
2026-01-15T19:00:00+00:00,2026-01-16T19:00:00+00:00,turbine_1,25,0.3893198446170082,0.9683333333333334,-0.5790134887163252,0.01,10.48,-9.7,0.0,0.8708350382184179,True,open_meteo_previous_runs,72,2026-01-14T07:00:00+00:00,2025-12-31T18:00:00+00:00,360.0,2025-11-30T19:00:00+00:00,2025-12-31T19:00:00+00:00,0
2026-01-15T19:00:00+00:00,2026-01-16T20:00:00+00:00,turbine_1,26,0.6163580873983981,0.96,-0.3436419126016018,0.01,10.83,-9.9,0.13484289379698844,1.0,True,open_meteo_previous_runs,72,2026-01-14T08:00:00+00:00,2025-12-31T18:00:00+00:00,360.0,2025-11-30T19:00:00+00:00,2025-12-31T19:00:00+00:00,0
2026-01-15T19:00:00+00:00,2026-01-16T21:00:00+00:00,turbine_1,27,0.3578514944963548,0.895,-0.5371485055036452,0.01,10.3,-10.9,0.0,0.8393666880977645,True,open_meteo_previous_runs,72,2026-01-14T09:00:00+00:00,2025-12-31T18:00:00+00:00,360.0,2025-11-30T19:00:00+00:00,2025-12-31T19:00:00+00:00,0
2026-01-15T19:00:00+00:00,2026-01-16T22:00:00+00:00,turbine_1,28,0.28036872946528396,0.8250000000000001,-0.544631270534716,0.01,9.18,-11.7,0.0,0.7618839230666936,True,open_meteo_previous_runs,72,2026-01-14T10:00:00+00:00,2025-12-31T18:00:00+00:00,360.0,2025-11-30T19:00:00+00:00,2025-12-31T19:00:00+00:00,0
2026-01-15T19:00:00+00:00,2026-01-16T23:00:00+00:00,turbine_1,29,0.34125712719859824,0.8166666666666665,-0.4754095394680683,0.01,9.95,-12.9,0.0,0.822772320800008,True,open_meteo_previous_runs,72,2026-01-14T11:00:00+00:00,2025-12-31T18:00:00+00:00,360.0,2025-11-30T19:00:00+00:00,2025-12-31T19:00:00+00:00,0
2026-01-15T19:00:00+00:00,2026-01-17T00:00:00+00:00,turbine_1,30,0.8800619868772638,0.9033333333333332,-0.02327134645606943,0.01,15.43,-14.3,0.39854679327585407,1.0,True,open_meteo_previous_runs,72,2026-01-14T12:00:00+00:00,2025-12-31T18:00:00+00:00,360.0,2025-11-30T19:00:00+00:00,2025-12-31T19:00:00+00:00,0
2026-01-15T19:00:00+00:00,2026-01-17T01:00:00+00:00,turbine_1,31,0.7680764321366603,0.7000000000000001,0.06807643213666026,0.01,13.19,-14.4,0.2865612385352506,1.0,True,open_meteo_previous_runs,72,2026-01-14T13:00:00+00:00,2025-12-31T18:00:00+00:00,360.0,2025-11-30T19:00:00+00:00,2025-12-31T19:00:00+00:00,0
2026-01-15T19:00:00+00:00,2026-01-17T02:00:00+00:00,turbine_1,32,0.804493130408955,0.62,0.184493130408955,0.01,13.95,-15.0,0.3229779368075453,1.0,True,open_meteo_previous_runs,72,2026-01-14T14:00:00+00:00,2025-12-31T18:00:00+00:00,360.0,2025-11-30T19:00:00+00:00,2025-12-31T19:00:00+00:00,0
2026-01-15T19:00:00+00:00,2026-01-17T03:00:00+00:00,turbine_1,33,0.7111517090692715,0.4083333333333334,0.3028183757359381,0.01,12.0,-14.4,0.2296365154678618,1.0,True,open_meteo_previous_runs,72,2026-01-14T15:00:00+00:00,2025-12-31T18:00:00+00:00,360.0,2025-11-30T19:00:00+00:00,2025-12-31T19:00:00+00:00,0
2026-01-15T19:00:00+00:00,2026-01-17T04:00:00+00:00,turbine_1,34,0.7037350786483023,0.4183333333333333,0.28540174531496904,0.01,12.01,-14.1,0.2222198850468926,1.0,True,open_meteo_previous_runs,72,2026-01-14T16:00:00+00:00,2025-12-31T18:00:00+00:00,360.0,2025-11-30T19:00:00+00:00,2025-12-31T19:00:00+00:00,0
2026-01-15T19:00:00+00:00,2026-01-17T05:00:00+00:00,turbine_1,35,0.3396532602831351,0.2833333333333333,0.05631992694980176,0.01,9.97,-12.9,0.0,0.8211684538845447,True,open_meteo_previous_runs,72,2026-01-14T17:00:00+00:00,2025-12-31T18:00:00+00:00,360.0,2025-11-30T19:00:00+00:00,2025-12-31T19:00:00+00:00,0
2026-01-15T19:00:00+00:00,2026-01-17T06:00:00+00:00,turbine_1,36,0.38678849311472613,0.1316666666666666,0.25512182644805953,0.01,10.51,-12.5,0.0,0.8683036867161358,True,open_meteo_previous_runs,72,2026-01-14T18:00:00+00:00,2025-12-31T18:00:00+00:00,360.0,2025-11-30T19:00:00+00:00,2025-12-31T19:00:00+00:00,0
2026-01-15T19:00:00+00:00,2026-01-17T07:00:00+00:00,turbine_1,37,0.21564155418635383,0.0516666666666666,0.16397488751968725,0.01,8.68,-11.6,0.0,0.6971567477877636,True,open_meteo_previous_runs,72,2026-01-14T19:00:00+00:00,2025-12-31T18:00:00+00:00,360.0,2025-11-30T19:00:00+00:00,2025-12-31T19:00:00+00:00,0
2026-01-15T19:00:00+00:00,2026-01-17T08:00:00+00:00,turbine_1,38,0.16105372940656404,0.0633333333333333,0.09772039607323074,0.01,7.87,-11.1,0.0,0.6425689230079737,True,open_meteo_previous_runs,72,2026-01-14T20:00:00+00:00,2025-12-31T18:00:00+00:00,360.0,2025-11-30T19:00:00+00:00,2025-12-31T19:00:00+00:00,0
2026-01-15T19:00:00+00:00,2026-01-17T09:00:00+00:00,turbine_1,39,0.16105372940656404,0.0883333333333333,0.07272039607323073,0.01,7.34,-10.8,0.0,0.6425689230079737,True,open_meteo_previous_runs,72,2026-01-14T21:00:00+00:00,2025-12-31T18:00:00+00:00,360.0,2025-11-30T19:00:00+00:00,2025-12-31T19:00:00+00:00,0
2026-01-15T19:00:00+00:00,2026-01-17T10:00:00+00:00,turbine_1,40,0.1583055332815454,0.0533333333333333,0.1049721999482121,0.01,7.22,-11.0,0.0,0.6398207268829551,True,open_meteo_previous_runs,72,2026-01-14T22:00:00+00:00,2025-12-31T18:00:00+00:00,360.0,2025-11-30T19:00:00+00:00,2025-12-31T19:00:00+00:00,0
2026-01-15T19:00:00+00:00,2026-01-17T11:00:00+00:00,turbine_1,41,0.17737083716555685,0.0333333333333333,0.14403750383222355,0.01,5.56,-11.5,0.0,0.6588860307669666,True,open_meteo_previous_runs,72,2026-01-14T23:00:00+00:00,2025-12-31T18:00:00+00:00,360.0,2025-11-30T19:00:00+00:00,2025-12-31T19:00:00+00:00,0
2026-01-15T19:00:00+00:00,2026-01-17T12:00:00+00:00,turbine_1,42,0.18429178465363727,0.01,0.17429178465363726,0.01,5.03,-13.1,0.0,0.665806978255047,True,open_meteo_previous_runs,72,2026-01-15T00:00:00+00:00,2025-12-31T18:00:00+00:00,360.0,2025-11-30T19:00:00+00:00,2025-12-31T19:00:00+00:00,0
2026-01-15T19:00:00+00:00,2026-01-17T13:00:00+00:00,turbine_1,43,0.19910333226807606,0.01,0.18910333226807605,0.01,4.33,-13.3,0.0,0.6806185258694858,True,open_meteo_previous_runs,72,2026-01-15T01:00:00+00:00,2025-12-31T18:00:00+00:00,360.0,2025-11-30T19:00:00+00:00,2025-12-31T19:00:00+00:00,0
2026-01-15T19:00:00+00:00,2026-01-17T14:00:00+00:00,turbine_1,44,0.1789148923339453,0.0283333333333333,0.15058155900061201,0.01,3.14,-13.9,0.0,0.660430085935355,True,open_meteo_previous_runs,72,2026-01-15T02:00:00+00:00,2025-12-31T18:00:00+00:00,360.0,2025-11-30T19:00:00+00:00,2025-12-31T19:00:00+00:00,0
2026-01-15T19:00:00+00:00,2026-01-17T15:00:00+00:00,turbine_1,45,0.19236602006165307,0.0133333333333333,0.17903268672831976,0.01,1.6,-14.3,0.0,0.6738812136630628,True,open_meteo_previous_runs,72,2026-01-15T03:00:00+00:00,2025-12-31T18:00:00+00:00,360.0,2025-11-30T19:00:00+00:00,2025-12-31T19:00:00+00:00,0
2026-01-15T19:00:00+00:00,2026-01-17T16:00:00+00:00,turbine_1,46,0.20506305152900609,0.01,0.19506305152900608,0.01,0.63,-14.7,0.0,0.6865782451304158,True,open_meteo_previous_runs,72,2026-01-15T04:00:00+00:00,2025-12-31T18:00:00+00:00,360.0,2025-11-30T19:00:00+00:00,2025-12-31T19:00:00+00:00,0
2026-01-15T19:00:00+00:00,2026-01-17T17:00:00+00:00,turbine_1,47,0.19826618366223284,0.01,0.18826618366223283,0.01,0.45,-15.2,0.0,0.6797813772636425,True,open_meteo_previous_runs,72,2026-01-15T05:00:00+00:00,2025-12-31T18:00:00+00:00,360.0,2025-11-30T19:00:00+00:00,2025-12-31T19:00:00+00:00,0
2026-01-15T19:00:00+00:00,2026-01-17T18:00:00+00:00,turbine_1,48,0.1917116078871398,0.01,0.1817116078871398,0.01,0.3,-15.0,0.0,0.6732268014885495,True,open_meteo_previous_runs,72,2026-01-15T06:00:00+00:00,2025-12-31T18:00:00+00:00,360.0,2025-11-30T19:00:00+00:00,2025-12-31T19:00:00+00:00,0
2026-01-16T19:00:00+00:00,2026-01-16T19:00:00+00:00,turbine_1,1,0.3921333112535651,0.9683333333333334,-0.5762000220797683,0.01,10.48,-9.7,0.0,0.9029002004548435,True,open_meteo_previous_runs,72,2026-01-14T07:00:00+00:00,2025-12-31T18:00:00+00:00,384.0,2025-11-30T19:00:00+00:00,2025-12-31T19:00:00+00:00,0
2026-01-16T19:00:00+00:00,2026-01-16T20:00:00+00:00,turbine_1,2,0.6191715540349552,0.96,-0.3408284459650448,0.01,10.83,-9.9,0.10840466483367672,1.0,True,open_meteo_previous_runs,72,2026-01-14T08:00:00+00:00,2025-12-31T18:00:00+00:00,384.0,2025-11-30T19:00:00+00:00,2025-12-31T19:00:00+00:00,0
2026-01-16T19:00:00+00:00,2026-01-16T21:00:00+00:00,turbine_1,3,0.3606649611329117,0.895,-0.5343350388670883,0.01,10.3,-10.9,0.0,0.8714318503341901,True,open_meteo_previous_runs,72,2026-01-14T09:00:00+00:00,2025-12-31T18:00:00+00:00,384.0,2025-11-30T19:00:00+00:00,2025-12-31T19:00:00+00:00,0
2026-01-16T19:00:00+00:00,2026-01-16T22:00:00+00:00,turbine_1,4,0.28546467244209817,0.8250000000000001,-0.5395353275579019,0.01,9.18,-11.7,0.0,0.7962315616433766,True,open_meteo_previous_runs,72,2026-01-14T10:00:00+00:00,2025-12-31T18:00:00+00:00,384.0,2025-11-30T19:00:00+00:00,2025-12-31T19:00:00+00:00,0
2026-01-16T19:00:00+00:00,2026-01-16T23:00:00+00:00,turbine_1,5,0.3383189353707488,0.8166666666666665,-0.47834773129591773,0.01,9.95,-12.9,0.0,0.8490858245720272,True,open_meteo_previous_runs,72,2026-01-14T11:00:00+00:00,2025-12-31T18:00:00+00:00,384.0,2025-11-30T19:00:00+00:00,2025-12-31T19:00:00+00:00,0
2026-01-16T19:00:00+00:00,2026-01-17T00:00:00+00:00,turbine_1,6,0.8771237950494144,0.9033333333333332,-0.02620953828391881,0.01,15.43,-14.3,0.36635690584813596,1.0,True,open_meteo_previous_runs,72,2026-01-14T12:00:00+00:00,2025-12-31T18:00:00+00:00,384.0,2025-11-30T19:00:00+00:00,2025-12-31T19:00:00+00:00,0
2026-01-16T19:00:00+00:00,2026-01-17T01:00:00+00:00,turbine_1,7,0.765138240308811,0.7000000000000001,0.06513824030881088,0.01,13.19,-14.4,0.2543713511075325,1.0,True,open_meteo_previous_runs,72,2026-01-14T13:00:00+00:00,2025-12-31T18:00:00+00:00,384.0,2025-11-30T19:00:00+00:00,2025-12-31T19:00:00+00:00,0
2026-01-16T19:00:00+00:00,2026-01-17T02:00:00+00:00,turbine_1,8,0.8015549385811056,0.62,0.1815549385811056,0.01,13.95,-15.0,0.29078804937982716,1.0,True,open_meteo_previous_runs,72,2026-01-14T14:00:00+00:00,2025-12-31T18:00:00+00:00,384.0,2025-11-30T19:00:00+00:00,2025-12-31T19:00:00+00:00,0
2026-01-16T19:00:00+00:00,2026-01-17T03:00:00+00:00,turbine_1,9,0.7082135172414221,0.4083333333333334,0.29988018390808874,0.01,12.0,-14.4,0.19744662804014368,1.0,True,open_meteo_previous_runs,72,2026-01-14T15:00:00+00:00,2025-12-31T18:00:00+00:00,384.0,2025-11-30T19:00:00+00:00,2025-12-31T19:00:00+00:00,0
2026-01-16T19:00:00+00:00,2026-01-17T04:00:00+00:00,turbine_1,10,0.7037350786483023,0.4183333333333333,0.28540174531496904,0.01,12.01,-14.1,0.19296818944702387,1.0,True,open_meteo_previous_runs,72,2026-01-14T16:00:00+00:00,2025-12-31T18:00:00+00:00,384.0,2025-11-30T19:00:00+00:00,2025-12-31T19:00:00+00:00,0
2026-01-16T19:00:00+00:00,2026-01-17T05:00:00+00:00,turbine_1,11,0.3396532602831351,0.2833333333333333,0.05631992694980176,0.01,9.97,-12.9,0.0,0.8504201494844135,True,open_meteo_previous_runs,72,2026-01-14T17:00:00+00:00,2025-12-31T18:00:00+00:00,384.0,2025-11-30T19:00:00+00:00,2025-12-31T19:00:00+00:00,0
2026-01-16T19:00:00+00:00,2026-01-17T06:00:00+00:00,turbine_1,12,0.38678849311472613,0.1316666666666666,0.25512182644805953,0.01,10.51,-12.5,0.0,0.8975553823160045,True,open_meteo_previous_runs,72,2026-01-14T18:00:00+00:00,2025-12-31T18:00:00+00:00,384.0,2025-11-30T19:00:00+00:00,2025-12-31T19:00:00+00:00,0
2026-01-16T19:00:00+00:00,2026-01-17T07:00:00+00:00,turbine_1,13,0.21564155418635383,0.0516666666666666,0.16397488751968725,0.01,8.68,-11.6,0.0,0.7264084433876323,True,open_meteo_previous_runs,72,2026-01-14T19:00:00+00:00,2025-12-31T18:00:00+00:00,384.0,2025-11-30T19:00:00+00:00,2025-12-31T19:00:00+00:00,0
2026-01-16T19:00:00+00:00,2026-01-17T08:00:00+00:00,turbine_1,14,0.16105372940656404,0.0633333333333333,0.09772039607323074,0.01,7.87,-11.1,0.0,0.6718206186078425,True,open_meteo_previous_runs,72,2026-01-14T20:00:00+00:00,2025-12-31T18:00:00+00:00,384.0,2025-11-30T19:00:00+00:00,2025-12-31T19:00:00+00:00,0
2026-01-16T19:00:00+00:00,2026-01-17T09:00:00+00:00,turbine_1,15,0.16105372940656404,0.0883333333333333,0.07272039607323073,0.01,7.34,-10.8,0.0,0.6718206186078425,True,open_meteo_previous_runs,72,2026-01-14T21:00:00+00:00,2025-12-31T18:00:00+00:00,384.0,2025-11-30T19:00:00+00:00,2025-12-31T19:00:00+00:00,0
2026-01-16T19:00:00+00:00,2026-01-17T10:00:00+00:00,turbine_1,16,0.1583055332815454,0.0533333333333333,0.1049721999482121,0.01,7.22,-11.0,0.0,0.6690724224828238,True,open_meteo_previous_runs,72,2026-01-14T22:00:00+00:00,2025-12-31T18:00:00+00:00,384.0,2025-11-30T19:00:00+00:00,2025-12-31T19:00:00+00:00,0
2026-01-16T19:00:00+00:00,2026-01-17T11:00:00+00:00,turbine_1,17,0.17737083716555685,0.0333333333333333,0.14403750383222355,0.01,5.56,-11.5,0.0,0.6881377263668353,True,open_meteo_previous_runs,72,2026-01-14T23:00:00+00:00,2025-12-31T18:00:00+00:00,384.0,2025-11-30T19:00:00+00:00,2025-12-31T19:00:00+00:00,0
2026-01-16T19:00:00+00:00,2026-01-17T12:00:00+00:00,turbine_1,18,0.18429178465363727,0.01,0.17429178465363726,0.01,5.03,-13.1,0.0,0.6950586738549157,True,open_meteo_previous_runs,72,2026-01-15T00:00:00+00:00,2025-12-31T18:00:00+00:00,384.0,2025-11-30T19:00:00+00:00,2025-12-31T19:00:00+00:00,0
2026-01-16T19:00:00+00:00,2026-01-17T13:00:00+00:00,turbine_1,19,0.19910333226807606,0.01,0.18910333226807605,0.01,4.33,-13.3,0.0,0.7098702214693545,True,open_meteo_previous_runs,72,2026-01-15T01:00:00+00:00,2025-12-31T18:00:00+00:00,384.0,2025-11-30T19:00:00+00:00,2025-12-31T19:00:00+00:00,0
2026-01-16T19:00:00+00:00,2026-01-17T14:00:00+00:00,turbine_1,20,0.1789148923339453,0.0283333333333333,0.15058155900061201,0.01,3.14,-13.9,0.0,0.6896817815352237,True,open_meteo_previous_runs,72,2026-01-15T02:00:00+00:00,2025-12-31T18:00:00+00:00,384.0,2025-11-30T19:00:00+00:00,2025-12-31T19:00:00+00:00,0
2026-01-16T19:00:00+00:00,2026-01-17T15:00:00+00:00,turbine_1,21,0.19236602006165307,0.0133333333333333,0.17903268672831976,0.01,1.6,-14.3,0.0,0.7031329092629315,True,open_meteo_previous_runs,72,2026-01-15T03:00:00+00:00,2025-12-31T18:00:00+00:00,384.0,2025-11-30T19:00:00+00:00,2025-12-31T19:00:00+00:00,0
2026-01-16T19:00:00+00:00,2026-01-17T16:00:00+00:00,turbine_1,22,0.20506305152900609,0.01,0.19506305152900608,0.01,0.63,-14.7,0.0,0.7158299407302845,True,open_meteo_previous_runs,72,2026-01-15T04:00:00+00:00,2025-12-31T18:00:00+00:00,384.0,2025-11-30T19:00:00+00:00,2025-12-31T19:00:00+00:00,0
2026-01-16T19:00:00+00:00,2026-01-17T17:00:00+00:00,turbine_1,23,0.19826618366223284,0.01,0.18826618366223283,0.01,0.45,-15.2,0.0,0.7090330728635112,True,open_meteo_previous_runs,72,2026-01-15T05:00:00+00:00,2025-12-31T18:00:00+00:00,384.0,2025-11-30T19:00:00+00:00,2025-12-31T19:00:00+00:00,0
2026-01-16T19:00:00+00:00,2026-01-17T18:00:00+00:00,turbine_1,24,0.1917116078871398,0.01,0.1817116078871398,0.01,0.3,-15.0,0.0,0.7024784970884183,True,open_meteo_previous_runs,72,2026-01-15T06:00:00+00:00,2025-12-31T18:00:00+00:00,384.0,2025-11-30T19:00:00+00:00,2025-12-31T19:00:00+00:00,0
2026-01-16T19:00:00+00:00,2026-01-17T19:00:00+00:00,turbine_1,25,0.13504761108389085,0.01,0.12504761108389084,0.01,0.72,-15.1,0.0,0.6165628046853006,True,open_meteo_previous_runs,72,2026-01-15T07:00:00+00:00,2025-12-31T18:00:00+00:00,384.0,2025-11-30T19:00:00+00:00,2025-12-31T19:00:00+00:00,0
2026-01-16T19:00:00+00:00,2026-01-17T20:00:00+00:00,turbine_1,26,0.11453476665450994,0.01,0.10453476665450995,0.01,0.67,-15.7,0.0,0.5960499602559196,True,open_meteo_previous_runs,72,2026-01-15T08:00:00+00:00,2025-12-31T18:00:00+00:00,384.0,2025-11-30T19:00:00+00:00,2025-12-31T19:00:00+00:00,0
2026-01-16T19:00:00+00:00,2026-01-17T21:00:00+00:00,turbine_1,27,0.10733808030505082,0.01,0.09733808030505083,0.01,0.8,-16.6,0.0,0.5888532739064605,True,open_meteo_previous_runs,72,2026-01-15T09:00:00+00:00,2025-12-31T18:00:00+00:00,384.0,2025-11-30T19:00:00+00:00,2025-12-31T19:00:00+00:00,0
2026-01-16T19:00:00+00:00,2026-01-17T22:00:00+00:00,turbine_1,28,0.10733808030505082,0.01,0.09733808030505083,0.01,1.06,-15.9,0.0,0.5888532739064605,True,open_meteo_previous_runs,72,2026-01-15T10:00:00+00:00,2025-12-31T18:00:00+00:00,384.0,2025-11-30T19:00:00+00:00,2025-12-31T19:00:00+00:00,0
2026-01-16T19:00:00+00:00,2026-01-17T23:00:00+00:00,turbine_1,29,0.1158600577879107,0.01,0.1058600577879107,0.01,2.42,-14.7,0.0,0.5973752513893205,True,open_meteo_previous_runs,72,2026-01-15T11:00:00+00:00,2025-12-31T18:00:00+00:00,384.0,2025-11-30T19:00:00+00:00,2025-12-31T19:00:00+00:00,0
2026-01-16T19:00:00+00:00,2026-01-18T00:00:00+00:00,turbine_1,30,0.10832659402808377,0.01,0.09832659402808377,0.01,2.6,-15.3,0.0,0.5898417876294935,True,open_meteo_previous_runs,72,2026-01-15T12:00:00+00:00,2025-12-31T18:00:00+00:00,384.0,2025-11-30T19:00:00+00:00,2025-12-31T19:00:00+00:00,0
2026-01-16T19:00:00+00:00,2026-01-18T01:00:00+00:00,turbine_1,31,0.09892178851614583,0.0133333333333333,0.08558845518281254,0.01,3.51,-14.9,0.0,0.5804369821175556,True,open_meteo_previous_runs,72,2026-01-15T13:00:00+00:00,2025-12-31T18:00:00+00:00,384.0,2025-11-30T19:00:00+00:00,2025-12-31T19:00:00+00:00,0
2026-01-16T19:00:00+00:00,2026-01-18T02:00:00+00:00,turbine_1,32,0.12275660967654793,0.01,0.11275660967654794,0.01,4.65,-14.1,0.0,0.6042718032779576,True,open_meteo_previous_runs,72,2026-01-15T14:00:00+00:00,2025-12-31T18:00:00+00:00,384.0,2025-11-30T19:00:00+00:00,2025-12-31T19:00:00+00:00,0
2026-01-16T19:00:00+00:00,2026-01-18T03:00:00+00:00,turbine_1,33,0.11628229040498436,0.0116666666666666,0.10461562373831776,0.01,5.82,-13.3,0.0,0.5977974840063941,True,open_meteo_previous_runs,72,2026-01-15T15:00:00+00:00,2025-12-31T18:00:00+00:00,384.0,2025-11-30T19:00:00+00:00,2025-12-31T19:00:00+00:00,0
2026-01-16T19:00:00+00:00,2026-01-18T04:00:00+00:00,turbine_1,34,0.10002599902527218,0.0966666666666666,0.0033593323586055823,0.01,7.07,-12.5,0.0,0.5815411926266819,True,open_meteo_previous_runs,72,2026-01-15T16:00:00+00:00,2025-12-31T18:00:00+00:00,384.0,2025-11-30T19:00:00+00:00,2025-12-31T19:00:00+00:00,0
2026-01-16T19:00:00+00:00,2026-01-18T05:00:00+00:00,turbine_1,35,0.1660209985432063,0.0516666666666666,0.11435433187653969,0.01,8.54,-11.3,0.0,0.647536192144616,True,open_meteo_previous_runs,72,2026-01-15T17:00:00+00:00,2025-12-31T18:00:00+00:00,384.0,2025-11-30T19:00:00+00:00,2025-12-31T19:00:00+00:00,0
2026-01-16T19:00:00+00:00,2026-01-18T06:00:00+00:00,turbine_1,36,0.148196334381256,0.1533333333333333,-0.005136998952077282,0.01,6.95,-9.1,0.0,0.6297115279826657,True,open_meteo_previous_runs,72,2026-01-15T18:00:00+00:00,2025-12-31T18:00:00+00:00,384.0,2025-11-30T19:00:00+00:00,2025-12-31T19:00:00+00:00,0
2026-01-16T19:00:00+00:00,2026-01-18T07:00:00+00:00,turbine_1,37,0.1310375223220943,0.2333333333333333,-0.102295811011239,0.01,6.95,-8.3,0.0,0.612552715923504,True,open_meteo_previous_runs,72,2026-01-15T19:00:00+00:00,2025-12-31T18:00:00+00:00,384.0,2025-11-30T19:00:00+00:00,2025-12-31T19:00:00+00:00,0
2026-01-16T19:00:00+00:00,2026-01-18T08:00:00+00:00,turbine_1,38,0.13330086498510485,0.3516666666666666,-0.21836580168156178,0.01,6.87,-7.7,0.0,0.6148160585865146,True,open_meteo_previous_runs,72,2026-01-15T20:00:00+00:00,2025-12-31T18:00:00+00:00,384.0,2025-11-30T19:00:00+00:00,2025-12-31T19:00:00+00:00,0
2026-01-16T19:00:00+00:00,2026-01-18T09:00:00+00:00,turbine_1,39,0.14105164572871115,0.375,-0.23394835427128885,0.01,6.49,-7.4,0.0,0.6225668393301209,True,open_meteo_previous_runs,72,2026-01-15T21:00:00+00:00,2025-12-31T18:00:00+00:00,384.0,2025-11-30T19:00:00+00:00,2025-12-31T19:00:00+00:00,0
2026-01-16T19:00:00+00:00,2026-01-18T10:00:00+00:00,turbine_1,40,0.13830344960369248,0.2316666666666666,-0.09336321706297412,0.01,6.45,-7.4,0.0,0.6198186432051022,True,open_meteo_previous_runs,72,2026-01-15T22:00:00+00:00,2025-12-31T18:00:00+00:00,384.0,2025-11-30T19:00:00+00:00,2025-12-31T19:00:00+00:00,0
2026-01-16T19:00:00+00:00,2026-01-18T11:00:00+00:00,turbine_1,41,0.13975978646691886,0.1683333333333333,-0.028573546866414445,0.01,6.44,-8.4,0.0,0.6212749800683286,True,open_meteo_previous_runs,72,2026-01-15T23:00:00+00:00,2025-12-31T18:00:00+00:00,384.0,2025-11-30T19:00:00+00:00,2025-12-31T19:00:00+00:00,0
2026-01-16T19:00:00+00:00,2026-01-18T12:00:00+00:00,turbine_1,42,0.15914031196094677,0.12,0.03914031196094678,0.01,7.16,-9.9,0.0,0.6406555055623565,True,open_meteo_previous_runs,72,2026-01-16T00:00:00+00:00,2025-12-31T18:00:00+00:00,384.0,2025-11-30T19:00:00+00:00,2025-12-31T19:00:00+00:00,0
2026-01-16T19:00:00+00:00,2026-01-18T13:00:00+00:00,turbine_1,43,0.18627971914155608,0.1916666666666666,-0.005386947525110514,0.01,7.91,-10.7,0.0,0.6677949127429658,True,open_meteo_previous_runs,72,2026-01-16T01:00:00+00:00,2025-12-31T18:00:00+00:00,384.0,2025-11-30T19:00:00+00:00,2025-12-31T19:00:00+00:00,0
2026-01-16T19:00:00+00:00,2026-01-18T14:00:00+00:00,turbine_1,44,0.24531013072117863,0.2033333333333333,0.04197679738784532,0.01,8.71,-10.7,0.0,0.7268253243225884,True,open_meteo_previous_runs,72,2026-01-16T02:00:00+00:00,2025-12-31T18:00:00+00:00,384.0,2025-11-30T19:00:00+00:00,2025-12-31T19:00:00+00:00,0
2026-01-16T19:00:00+00:00,2026-01-18T15:00:00+00:00,turbine_1,45,0.3394722609807875,0.2916666666666667,0.04780559431412079,0.01,9.55,-11.1,0.0,0.8209874545821971,True,open_meteo_previous_runs,72,2026-01-16T03:00:00+00:00,2025-12-31T18:00:00+00:00,384.0,2025-11-30T19:00:00+00:00,2025-12-31T19:00:00+00:00,0
2026-01-16T19:00:00+00:00,2026-01-18T16:00:00+00:00,turbine_1,46,0.4123152598297452,0.3066666666666667,0.10564859316307851,0.01,9.86,-11.1,0.0,0.893830453431155,True,open_meteo_previous_runs,72,2026-01-16T04:00:00+00:00,2025-12-31T18:00:00+00:00,384.0,2025-11-30T19:00:00+00:00,2025-12-31T19:00:00+00:00,0
2026-01-16T19:00:00+00:00,2026-01-18T17:00:00+00:00,turbine_1,47,0.40930742551807425,0.3166666666666666,0.09264075885140766,0.01,10.29,-11.1,0.0,0.8908226191194839,True,open_meteo_previous_runs,72,2026-01-16T05:00:00+00:00,2025-12-31T18:00:00+00:00,384.0,2025-11-30T19:00:00+00:00,2025-12-31T19:00:00+00:00,0
2026-01-16T19:00:00+00:00,2026-01-18T18:00:00+00:00,turbine_1,48,0.5944506655479739,0.225,0.3694506655479739,0.01,10.59,-11.3,0.11293547194656417,1.0,True,open_meteo_previous_runs,72,2026-01-16T06:00:00+00:00,2025-12-31T18:00:00+00:00,384.0,2025-11-30T19:00:00+00:00,2025-12-31T19:00:00+00:00,0
2026-01-17T19:00:00+00:00,2026-01-17T19:00:00+00:00,turbine_1,1,0.14160134431229843,0.01,0.13160134431229842,0.01,0.72,-15.1,0.0,0.6523682335135769,True,open_meteo_previous_runs,72,2026-01-15T07:00:00+00:00,2025-12-31T18:00:00+00:00,408.0,2025-11-30T19:00:00+00:00,2025-12-31T19:00:00+00:00,0
2026-01-17T19:00:00+00:00,2026-01-17T20:00:00+00:00,turbine_1,2,0.12108849988291753,0.01,0.11108849988291754,0.01,0.67,-15.7,0.0,0.631855389084196,True,open_meteo_previous_runs,72,2026-01-15T08:00:00+00:00,2025-12-31T18:00:00+00:00,408.0,2025-11-30T19:00:00+00:00,2025-12-31T19:00:00+00:00,0
2026-01-17T19:00:00+00:00,2026-01-17T21:00:00+00:00,turbine_1,3,0.11389181353345841,0.01,0.10389181353345842,0.01,0.8,-16.6,0.0,0.6246587027347369,True,open_meteo_previous_runs,72,2026-01-15T09:00:00+00:00,2025-12-31T18:00:00+00:00,408.0,2025-11-30T19:00:00+00:00,2025-12-31T19:00:00+00:00,0
2026-01-17T19:00:00+00:00,2026-01-17T22:00:00+00:00,turbine_1,4,0.11389181353345841,0.01,0.10389181353345842,0.01,1.06,-15.9,0.0,0.6246587027347369,True,open_meteo_previous_runs,72,2026-01-15T10:00:00+00:00,2025-12-31T18:00:00+00:00,408.0,2025-11-30T19:00:00+00:00,2025-12-31T19:00:00+00:00,0
2026-01-17T19:00:00+00:00,2026-01-17T23:00:00+00:00,turbine_1,5,0.1158600577879107,0.01,0.1058600577879107,0.01,2.42,-14.7,0.0,0.6266269469891892,True,open_meteo_previous_runs,72,2026-01-15T11:00:00+00:00,2025-12-31T18:00:00+00:00,408.0,2025-11-30T19:00:00+00:00,2025-12-31T19:00:00+00:00,0
2026-01-17T19:00:00+00:00,2026-01-18T00:00:00+00:00,turbine_1,6,0.10832659402808377,0.01,0.09832659402808377,0.01,2.6,-15.3,0.0,0.6190934832293622,True,open_meteo_previous_runs,72,2026-01-15T12:00:00+00:00,2025-12-31T18:00:00+00:00,408.0,2025-11-30T19:00:00+00:00,2025-12-31T19:00:00+00:00,0
2026-01-17T19:00:00+00:00,2026-01-18T01:00:00+00:00,turbine_1,7,0.09892178851614583,0.0133333333333333,0.08558845518281254,0.01,3.51,-14.9,0.0,0.6096886777174243,True,open_meteo_previous_runs,72,2026-01-15T13:00:00+00:00,2025-12-31T18:00:00+00:00,408.0,2025-11-30T19:00:00+00:00,2025-12-31T19:00:00+00:00,0
2026-01-17T19:00:00+00:00,2026-01-18T02:00:00+00:00,turbine_1,8,0.12275660967654793,0.01,0.11275660967654794,0.01,4.65,-14.1,0.0,0.6335234988778263,True,open_meteo_previous_runs,72,2026-01-15T14:00:00+00:00,2025-12-31T18:00:00+00:00,408.0,2025-11-30T19:00:00+00:00,2025-12-31T19:00:00+00:00,0
2026-01-17T19:00:00+00:00,2026-01-18T03:00:00+00:00,turbine_1,9,0.11628229040498436,0.0116666666666666,0.10461562373831776,0.01,5.82,-13.3,0.0,0.6270491796062628,True,open_meteo_previous_runs,72,2026-01-15T15:00:00+00:00,2025-12-31T18:00:00+00:00,408.0,2025-11-30T19:00:00+00:00,2025-12-31T19:00:00+00:00,0
2026-01-17T19:00:00+00:00,2026-01-18T04:00:00+00:00,turbine_1,10,0.10002599902527218,0.0966666666666666,0.0033593323586055823,0.01,7.07,-12.5,0.0,0.6107928882265506,True,open_meteo_previous_runs,72,2026-01-15T16:00:00+00:00,2025-12-31T18:00:00+00:00,408.0,2025-11-30T19:00:00+00:00,2025-12-31T19:00:00+00:00,0
2026-01-17T19:00:00+00:00,2026-01-18T05:00:00+00:00,turbine_1,11,0.1660209985432063,0.0516666666666666,0.11435433187653969,0.01,8.54,-11.3,0.0,0.6767878877444847,True,open_meteo_previous_runs,72,2026-01-15T17:00:00+00:00,2025-12-31T18:00:00+00:00,408.0,2025-11-30T19:00:00+00:00,2025-12-31T19:00:00+00:00,0
2026-01-17T19:00:00+00:00,2026-01-18T06:00:00+00:00,turbine_1,12,0.148196334381256,0.1533333333333333,-0.005136998952077282,0.01,6.95,-9.1,0.0,0.6589632235825345,True,open_meteo_previous_runs,72,2026-01-15T18:00:00+00:00,2025-12-31T18:00:00+00:00,408.0,2025-11-30T19:00:00+00:00,2025-12-31T19:00:00+00:00,0
2026-01-17T19:00:00+00:00,2026-01-18T07:00:00+00:00,turbine_1,13,0.1310375223220943,0.2333333333333333,-0.102295811011239,0.01,6.95,-8.3,0.0,0.6418044115233728,True,open_meteo_previous_runs,72,2026-01-15T19:00:00+00:00,2025-12-31T18:00:00+00:00,408.0,2025-11-30T19:00:00+00:00,2025-12-31T19:00:00+00:00,0
2026-01-17T19:00:00+00:00,2026-01-18T08:00:00+00:00,turbine_1,14,0.13330086498510485,0.3516666666666666,-0.21836580168156178,0.01,6.87,-7.7,0.0,0.6440677541863833,True,open_meteo_previous_runs,72,2026-01-15T20:00:00+00:00,2025-12-31T18:00:00+00:00,408.0,2025-11-30T19:00:00+00:00,2025-12-31T19:00:00+00:00,0
2026-01-17T19:00:00+00:00,2026-01-18T09:00:00+00:00,turbine_1,15,0.14105164572871115,0.375,-0.23394835427128885,0.01,6.49,-7.4,0.0,0.6518185349299896,True,open_meteo_previous_runs,72,2026-01-15T21:00:00+00:00,2025-12-31T18:00:00+00:00,408.0,2025-11-30T19:00:00+00:00,2025-12-31T19:00:00+00:00,0
2026-01-17T19:00:00+00:00,2026-01-18T10:00:00+00:00,turbine_1,16,0.13830344960369248,0.2316666666666666,-0.09336321706297412,0.01,6.45,-7.4,0.0,0.6490703388049709,True,open_meteo_previous_runs,72,2026-01-15T22:00:00+00:00,2025-12-31T18:00:00+00:00,408.0,2025-11-30T19:00:00+00:00,2025-12-31T19:00:00+00:00,0
2026-01-17T19:00:00+00:00,2026-01-18T11:00:00+00:00,turbine_1,17,0.13975978646691886,0.1683333333333333,-0.028573546866414445,0.01,6.44,-8.4,0.0,0.6505266756681973,True,open_meteo_previous_runs,72,2026-01-15T23:00:00+00:00,2025-12-31T18:00:00+00:00,408.0,2025-11-30T19:00:00+00:00,2025-12-31T19:00:00+00:00,0
2026-01-17T19:00:00+00:00,2026-01-18T12:00:00+00:00,turbine_1,18,0.15914031196094677,0.12,0.03914031196094678,0.01,7.16,-9.9,0.0,0.6699072011622252,True,open_meteo_previous_runs,72,2026-01-16T00:00:00+00:00,2025-12-31T18:00:00+00:00,408.0,2025-11-30T19:00:00+00:00,2025-12-31T19:00:00+00:00,0
2026-01-17T19:00:00+00:00,2026-01-18T13:00:00+00:00,turbine_1,19,0.18627971914155608,0.1916666666666666,-0.005386947525110514,0.01,7.91,-10.7,0.0,0.6970466083428345,True,open_meteo_previous_runs,72,2026-01-16T01:00:00+00:00,2025-12-31T18:00:00+00:00,408.0,2025-11-30T19:00:00+00:00,2025-12-31T19:00:00+00:00,0
2026-01-17T19:00:00+00:00,2026-01-18T14:00:00+00:00,turbine_1,20,0.24531013072117863,0.2033333333333333,0.04197679738784532,0.01,8.71,-10.7,0.0,0.7560770199224571,True,open_meteo_previous_runs,72,2026-01-16T02:00:00+00:00,2025-12-31T18:00:00+00:00,408.0,2025-11-30T19:00:00+00:00,2025-12-31T19:00:00+00:00,0
2026-01-17T19:00:00+00:00,2026-01-18T15:00:00+00:00,turbine_1,21,0.3394722609807875,0.2916666666666667,0.04780559431412079,0.01,9.55,-11.1,0.0,0.8502391501820659,True,open_meteo_previous_runs,72,2026-01-16T03:00:00+00:00,2025-12-31T18:00:00+00:00,408.0,2025-11-30T19:00:00+00:00,2025-12-31T19:00:00+00:00,0
2026-01-17T19:00:00+00:00,2026-01-18T16:00:00+00:00,turbine_1,22,0.4123152598297452,0.3066666666666667,0.10564859316307851,0.01,9.86,-11.1,0.0,0.9230821490310237,True,open_meteo_previous_runs,72,2026-01-16T04:00:00+00:00,2025-12-31T18:00:00+00:00,408.0,2025-11-30T19:00:00+00:00,2025-12-31T19:00:00+00:00,0
2026-01-17T19:00:00+00:00,2026-01-18T17:00:00+00:00,turbine_1,23,0.40930742551807425,0.3166666666666666,0.09264075885140766,0.01,10.29,-11.1,0.0,0.9200743147193526,True,open_meteo_previous_runs,72,2026-01-16T05:00:00+00:00,2025-12-31T18:00:00+00:00,408.0,2025-11-30T19:00:00+00:00,2025-12-31T19:00:00+00:00,0
2026-01-17T19:00:00+00:00,2026-01-18T18:00:00+00:00,turbine_1,24,0.5944506655479739,0.225,0.3694506655479739,0.01,10.59,-11.3,0.08368377634669544,1.0,True,open_meteo_previous_runs,72,2026-01-16T06:00:00+00:00,2025-12-31T18:00:00+00:00,408.0,2025-11-30T19:00:00+00:00,2025-12-31T19:00:00+00:00,0
2026-01-17T19:00:00+00:00,2026-01-18T19:00:00+00:00,turbine_1,25,0.6198275095668696,0.3566666666666667,0.2631608429002029,0.01,10.98,-11.3,0.1383123159654599,1.0,True,open_meteo_previous_runs,72,2026-01-16T07:00:00+00:00,2025-12-31T18:00:00+00:00,408.0,2025-11-30T19:00:00+00:00,2025-12-31T19:00:00+00:00,0
2026-01-17T19:00:00+00:00,2026-01-18T20:00:00+00:00,turbine_1,26,0.7029279728621596,0.6150000000000001,0.08792797286215948,0.01,11.43,-11.3,0.22141277926074987,1.0,True,open_meteo_previous_runs,72,2026-01-16T08:00:00+00:00,2025-12-31T18:00:00+00:00,408.0,2025-11-30T19:00:00+00:00,2025-12-31T19:00:00+00:00,0
2026-01-17T19:00:00+00:00,2026-01-18T21:00:00+00:00,turbine_1,27,0.6904262868689877,0.535,0.15542628686898763,0.01,11.65,-11.2,0.20891109326757795,1.0,True,open_meteo_previous_runs,72,2026-01-16T09:00:00+00:00,2025-12-31T18:00:00+00:00,408.0,2025-11-30T19:00:00+00:00,2025-12-31T19:00:00+00:00,0
2026-01-17T19:00:00+00:00,2026-01-18T22:00:00+00:00,turbine_1,28,0.6904262868689877,0.3916666666666666,0.29875962020232105,0.01,11.54,-11.4,0.20891109326757795,1.0,True,open_meteo_previous_runs,72,2026-01-16T10:00:00+00:00,2025-12-31T18:00:00+00:00,408.0,2025-11-30T19:00:00+00:00,2025-12-31T19:00:00+00:00,0
2026-01-17T19:00:00+00:00,2026-01-18T23:00:00+00:00,turbine_1,29,0.6778804162974863,0.3383333333333333,0.339547082964153,0.01,11.29,-11.5,0.1963652226960766,1.0,True,open_meteo_previous_runs,72,2026-01-16T11:00:00+00:00,2025-12-31T18:00:00+00:00,408.0,2025-11-30T19:00:00+00:00,2025-12-31T19:00:00+00:00,0
2026-01-17T19:00:00+00:00,2026-01-19T00:00:00+00:00,turbine_1,30,0.6495514448686037,0.47,0.17955144486860375,0.01,11.4,-11.7,0.16803625126719401,1.0,True,open_meteo_previous_runs,72,2026-01-16T12:00:00+00:00,2025-12-31T18:00:00+00:00,408.0,2025-11-30T19:00:00+00:00,2025-12-31T19:00:00+00:00,0
2026-01-17T19:00:00+00:00,2026-01-19T01:00:00+00:00,turbine_1,31,0.6463280076296232,0.3483333333333333,0.2979946742962899,0.01,11.24,-11.7,0.16481281402821346,1.0,True,open_meteo_previous_runs,72,2026-01-16T13:00:00+00:00,2025-12-31T18:00:00+00:00,408.0,2025-11-30T19:00:00+00:00,2025-12-31T19:00:00+00:00,0
2026-01-17T19:00:00+00:00,2026-01-19T02:00:00+00:00,turbine_1,32,0.5689802097198611,0.135,0.43398020971986107,0.01,10.93,-11.7,0.08746501611845137,1.0,True,open_meteo_previous_runs,72,2026-01-16T14:00:00+00:00,2025-12-31T18:00:00+00:00,408.0,2025-11-30T19:00:00+00:00,2025-12-31T19:00:00+00:00,0
2026-01-17T19:00:00+00:00,2026-01-19T03:00:00+00:00,turbine_1,33,0.5243653919941635,0.2666666666666666,0.25769872532749694,0.01,10.65,-11.2,0.042850198392753835,1.0,True,open_meteo_previous_runs,72,2026-01-16T15:00:00+00:00,2025-12-31T18:00:00+00:00,408.0,2025-11-30T19:00:00+00:00,2025-12-31T19:00:00+00:00,0
2026-01-17T19:00:00+00:00,2026-01-19T04:00:00+00:00,turbine_1,34,0.5640717318712588,0.315,0.2490717318712588,0.01,10.71,-9.0,0.0825565382698491,1.0,True,open_meteo_previous_runs,72,2026-01-16T16:00:00+00:00,2025-12-31T18:00:00+00:00,408.0,2025-11-30T19:00:00+00:00,2025-12-31T19:00:00+00:00,0
2026-01-17T19:00:00+00:00,2026-01-19T05:00:00+00:00,turbine_1,35,0.5689296126799356,0.3316666666666666,0.23726294601326897,0.01,10.79,-6.9,0.08741441907852587,1.0,True,open_meteo_previous_runs,72,2026-01-16T17:00:00+00:00,2025-12-31T18:00:00+00:00,408.0,2025-11-30T19:00:00+00:00,2025-12-31T19:00:00+00:00,0
2026-01-17T19:00:00+00:00,2026-01-19T06:00:00+00:00,turbine_1,36,0.6700628539325557,0.2866666666666667,0.38339618726588903,0.01,11.52,-6.4,0.188547660331146,1.0,True,open_meteo_previous_runs,72,2026-01-16T18:00:00+00:00,2025-12-31T18:00:00+00:00,408.0,2025-11-30T19:00:00+00:00,2025-12-31T19:00:00+00:00,0
2026-01-17T19:00:00+00:00,2026-01-19T07:00:00+00:00,turbine_1,37,0.6844130440264765,0.3699999999999999,0.31441304402647663,0.01,11.56,-5.5,0.2028978504250668,1.0,True,open_meteo_previous_runs,72,2026-01-16T19:00:00+00:00,2025-12-31T18:00:00+00:00,408.0,2025-11-30T19:00:00+00:00,2025-12-31T19:00:00+00:00,0
2026-01-17T19:00:00+00:00,2026-01-19T08:00:00+00:00,turbine_1,38,0.7014992665915891,0.3566666666666667,0.34483259992492243,0.01,11.03,-4.8,0.2199840729901794,1.0,True,open_meteo_previous_runs,72,2026-01-16T20:00:00+00:00,2025-12-31T18:00:00+00:00,408.0,2025-11-30T19:00:00+00:00,2025-12-31T19:00:00+00:00,0
2026-01-17T19:00:00+00:00,2026-01-19T09:00:00+00:00,turbine_1,39,0.3649685370349822,0.3133333333333333,0.051635203701648924,0.01,10.24,-4.7,0.0,0.8464837306363919,True,open_meteo_previous_runs,72,2026-01-16T21:00:00+00:00,2025-12-31T18:00:00+00:00,408.0,2025-11-30T19:00:00+00:00,2025-12-31T19:00:00+00:00,0
2026-01-17T19:00:00+00:00,2026-01-19T10:00:00+00:00,turbine_1,40,0.281508898673525,0.2883333333333333,-0.006824434659808254,0.01,9.49,-5.4,0.0,0.7630240922749347,True,open_meteo_previous_runs,72,2026-01-16T22:00:00+00:00,2025-12-31T18:00:00+00:00,408.0,2025-11-30T19:00:00+00:00,2025-12-31T19:00:00+00:00,0
2026-01-17T19:00:00+00:00,2026-01-19T11:00:00+00:00,turbine_1,41,0.29183627283653757,0.2633333333333333,0.02850293950320426,0.01,9.1,-6.9,0.0,0.7733514664379473,True,open_meteo_previous_runs,72,2026-01-16T23:00:00+00:00,2025-12-31T18:00:00+00:00,408.0,2025-11-30T19:00:00+00:00,2025-12-31T19:00:00+00:00,0
2026-01-17T19:00:00+00:00,2026-01-19T12:00:00+00:00,turbine_1,42,0.22369469123187827,0.2283333333333333,-0.004638642101455037,0.01,8.99,-7.9,0.0,0.705209884833288,True,open_meteo_previous_runs,72,2026-01-17T00:00:00+00:00,2025-12-31T18:00:00+00:00,408.0,2025-11-30T19:00:00+00:00,2025-12-31T19:00:00+00:00,0
2026-01-17T19:00:00+00:00,2026-01-19T13:00:00+00:00,turbine_1,43,0.19634629341126567,0.4216666666666667,-0.22532037325540102,0.01,8.37,-8.4,0.0,0.6778614870126753,True,open_meteo_previous_runs,72,2026-01-17T01:00:00+00:00,2025-12-31T18:00:00+00:00,408.0,2025-11-30T19:00:00+00:00,2025-12-31T19:00:00+00:00,0
2026-01-17T19:00:00+00:00,2026-01-19T14:00:00+00:00,turbine_1,44,0.19271985526876315,0.3616666666666666,-0.16894681139790343,0.01,7.83,-8.8,0.0,0.6742350488701728,True,open_meteo_previous_runs,72,2026-01-17T02:00:00+00:00,2025-12-31T18:00:00+00:00,408.0,2025-11-30T19:00:00+00:00,2025-12-31T19:00:00+00:00,0
2026-01-17T19:00:00+00:00,2026-01-19T15:00:00+00:00,turbine_1,45,0.19271985526876315,0.3266666666666666,-0.13394681139790346,0.01,7.87,-8.9,0.0,0.6742350488701728,True,open_meteo_previous_runs,72,2026-01-17T03:00:00+00:00,2025-12-31T18:00:00+00:00,408.0,2025-11-30T19:00:00+00:00,2025-12-31T19:00:00+00:00,0
2026-01-17T19:00:00+00:00,2026-01-19T16:00:00+00:00,turbine_1,46,0.18580749985949077,0.0333333333333333,0.15247416652615747,0.01,8.14,-8.6,0.0,0.6673226934609005,True,open_meteo_previous_runs,72,2026-01-17T04:00:00+00:00,2025-12-31T18:00:00+00:00,408.0,2025-11-30T19:00:00+00:00,2025-12-31T19:00:00+00:00,0
2026-01-17T19:00:00+00:00,2026-01-19T17:00:00+00:00,turbine_1,47,0.20535460810606482,0.07,0.1353546081060648,0.01,8.59,-8.2,0.0,0.6868698017074746,True,open_meteo_previous_runs,72,2026-01-17T05:00:00+00:00,2025-12-31T18:00:00+00:00,408.0,2025-11-30T19:00:00+00:00,2025-12-31T19:00:00+00:00,0
2026-01-17T19:00:00+00:00,2026-01-19T18:00:00+00:00,turbine_1,48,0.29317340540193054,0.015,0.27817340540193053,0.01,9.04,-8.2,0.0,0.7746885990033403,True,open_meteo_previous_runs,72,2026-01-17T06:00:00+00:00,2025-12-31T18:00:00+00:00,408.0,2025-11-30T19:00:00+00:00,2025-12-31T19:00:00+00:00,0
2026-01-18T19:00:00+00:00,2026-01-18T19:00:00+00:00,turbine_1,1,0.6226409762034266,0.3566666666666667,0.26597430953675993,0.01,10.98,-11.3,0.11187408700214818,1.0,True,open_meteo_previous_runs,72,2026-01-16T07:00:00+00:00,2025-12-31T18:00:00+00:00,432.0,2025-11-30T19:00:00+00:00,2025-12-31T19:00:00+00:00,0
2026-01-18T19:00:00+00:00,2026-01-18T20:00:00+00:00,turbine_1,2,0.7057414394987166,0.6150000000000001,0.09074143949871649,0.01,11.43,-11.3,0.19497455029743815,1.0,True,open_meteo_previous_runs,72,2026-01-16T08:00:00+00:00,2025-12-31T18:00:00+00:00,432.0,2025-11-30T19:00:00+00:00,2025-12-31T19:00:00+00:00,0
2026-01-18T19:00:00+00:00,2026-01-18T21:00:00+00:00,turbine_1,3,0.6932397535055447,0.535,0.15823975350554464,0.01,11.65,-11.2,0.18247286430426624,1.0,True,open_meteo_previous_runs,72,2026-01-16T09:00:00+00:00,2025-12-31T18:00:00+00:00,432.0,2025-11-30T19:00:00+00:00,2025-12-31T19:00:00+00:00,0
2026-01-18T19:00:00+00:00,2026-01-18T22:00:00+00:00,turbine_1,4,0.6932397535055447,0.3916666666666666,0.30157308683887807,0.01,11.54,-11.4,0.18247286430426624,1.0,True,open_meteo_previous_runs,72,2026-01-16T10:00:00+00:00,2025-12-31T18:00:00+00:00,432.0,2025-11-30T19:00:00+00:00,2025-12-31T19:00:00+00:00,0
2026-01-18T19:00:00+00:00,2026-01-18T23:00:00+00:00,turbine_1,5,0.6749422244696369,0.3383333333333333,0.3366088911363036,0.01,11.29,-11.5,0.16417533526835848,1.0,True,open_meteo_previous_runs,72,2026-01-16T11:00:00+00:00,2025-12-31T18:00:00+00:00,432.0,2025-11-30T19:00:00+00:00,2025-12-31T19:00:00+00:00,0
2026-01-18T19:00:00+00:00,2026-01-19T00:00:00+00:00,turbine_1,6,0.6466132530407543,0.47,0.17661325304075437,0.01,11.4,-11.7,0.1358463638394759,1.0,True,open_meteo_previous_runs,72,2026-01-16T12:00:00+00:00,2025-12-31T18:00:00+00:00,432.0,2025-11-30T19:00:00+00:00,2025-12-31T19:00:00+00:00,0
2026-01-18T19:00:00+00:00,2026-01-19T01:00:00+00:00,turbine_1,7,0.6433898158017738,0.3483333333333333,0.2950564824684405,0.01,11.24,-11.7,0.13262292660049535,1.0,True,open_meteo_previous_runs,72,2026-01-16T13:00:00+00:00,2025-12-31T18:00:00+00:00,432.0,2025-11-30T19:00:00+00:00,2025-12-31T19:00:00+00:00,0
2026-01-18T19:00:00+00:00,2026-01-19T02:00:00+00:00,turbine_1,8,0.5660420178920117,0.135,0.4310420178920117,0.01,10.93,-11.7,0.055275128690733255,1.0,True,open_meteo_previous_runs,72,2026-01-16T14:00:00+00:00,2025-12-31T18:00:00+00:00,432.0,2025-11-30T19:00:00+00:00,2025-12-31T19:00:00+00:00,0
2026-01-18T19:00:00+00:00,2026-01-19T03:00:00+00:00,turbine_1,9,0.5214272001663142,0.2666666666666666,0.25476053349964756,0.01,10.65,-11.2,0.010660310965035724,1.0,True,open_meteo_previous_runs,72,2026-01-16T15:00:00+00:00,2025-12-31T18:00:00+00:00,432.0,2025-11-30T19:00:00+00:00,2025-12-31T19:00:00+00:00,0
2026-01-18T19:00:00+00:00,2026-01-19T04:00:00+00:00,turbine_1,10,0.5640717318712588,0.315,0.2490717318712588,0.01,10.71,-9.0,0.05330484266998037,1.0,True,open_meteo_previous_runs,72,2026-01-16T16:00:00+00:00,2025-12-31T18:00:00+00:00,432.0,2025-11-30T19:00:00+00:00,2025-12-31T19:00:00+00:00,0
2026-01-18T19:00:00+00:00,2026-01-19T05:00:00+00:00,turbine_1,11,0.5689296126799356,0.3316666666666666,0.23726294601326897,0.01,10.79,-6.9,0.05816272347865714,1.0,True,open_meteo_previous_runs,72,2026-01-16T17:00:00+00:00,2025-12-31T18:00:00+00:00,432.0,2025-11-30T19:00:00+00:00,2025-12-31T19:00:00+00:00,0
2026-01-18T19:00:00+00:00,2026-01-19T06:00:00+00:00,turbine_1,12,0.6700628539325557,0.2866666666666667,0.38339618726588903,0.01,11.52,-6.4,0.15929596473127727,1.0,True,open_meteo_previous_runs,72,2026-01-16T18:00:00+00:00,2025-12-31T18:00:00+00:00,432.0,2025-11-30T19:00:00+00:00,2025-12-31T19:00:00+00:00,0
2026-01-18T19:00:00+00:00,2026-01-19T07:00:00+00:00,turbine_1,13,0.6844130440264765,0.3699999999999999,0.31441304402647663,0.01,11.56,-5.5,0.17364615482519807,1.0,True,open_meteo_previous_runs,72,2026-01-16T19:00:00+00:00,2025-12-31T18:00:00+00:00,432.0,2025-11-30T19:00:00+00:00,2025-12-31T19:00:00+00:00,0
2026-01-18T19:00:00+00:00,2026-01-19T08:00:00+00:00,turbine_1,14,0.7014992665915891,0.3566666666666667,0.34483259992492243,0.01,11.03,-4.8,0.19073237739031068,1.0,True,open_meteo_previous_runs,72,2026-01-16T20:00:00+00:00,2025-12-31T18:00:00+00:00,432.0,2025-11-30T19:00:00+00:00,2025-12-31T19:00:00+00:00,0
2026-01-18T19:00:00+00:00,2026-01-19T09:00:00+00:00,turbine_1,15,0.3649685370349822,0.3133333333333333,0.051635203701648924,0.01,10.24,-4.7,0.0,0.8757354262362607,True,open_meteo_previous_runs,72,2026-01-16T21:00:00+00:00,2025-12-31T18:00:00+00:00,432.0,2025-11-30T19:00:00+00:00,2025-12-31T19:00:00+00:00,0
2026-01-18T19:00:00+00:00,2026-01-19T10:00:00+00:00,turbine_1,16,0.281508898673525,0.2883333333333333,-0.006824434659808254,0.01,9.49,-5.4,0.0,0.7922757878748035,True,open_meteo_previous_runs,72,2026-01-16T22:00:00+00:00,2025-12-31T18:00:00+00:00,432.0,2025-11-30T19:00:00+00:00,2025-12-31T19:00:00+00:00,0
2026-01-18T19:00:00+00:00,2026-01-19T11:00:00+00:00,turbine_1,17,0.29183627283653757,0.2633333333333333,0.02850293950320426,0.01,9.1,-6.9,0.0,0.802603162037816,True,open_meteo_previous_runs,72,2026-01-16T23:00:00+00:00,2025-12-31T18:00:00+00:00,432.0,2025-11-30T19:00:00+00:00,2025-12-31T19:00:00+00:00,0
2026-01-18T19:00:00+00:00,2026-01-19T12:00:00+00:00,turbine_1,18,0.22369469123187827,0.2283333333333333,-0.004638642101455037,0.01,8.99,-7.9,0.0,0.7344615804331567,True,open_meteo_previous_runs,72,2026-01-17T00:00:00+00:00,2025-12-31T18:00:00+00:00,432.0,2025-11-30T19:00:00+00:00,2025-12-31T19:00:00+00:00,0
2026-01-18T19:00:00+00:00,2026-01-19T13:00:00+00:00,turbine_1,19,0.19634629341126567,0.4216666666666667,-0.22532037325540102,0.01,8.37,-8.4,0.0,0.7071131826125441,True,open_meteo_previous_runs,72,2026-01-17T01:00:00+00:00,2025-12-31T18:00:00+00:00,432.0,2025-11-30T19:00:00+00:00,2025-12-31T19:00:00+00:00,0
2026-01-18T19:00:00+00:00,2026-01-19T14:00:00+00:00,turbine_1,20,0.19271985526876315,0.3616666666666666,-0.16894681139790343,0.01,7.83,-8.8,0.0,0.7034867444700416,True,open_meteo_previous_runs,72,2026-01-17T02:00:00+00:00,2025-12-31T18:00:00+00:00,432.0,2025-11-30T19:00:00+00:00,2025-12-31T19:00:00+00:00,0
2026-01-18T19:00:00+00:00,2026-01-19T15:00:00+00:00,turbine_1,21,0.19271985526876315,0.3266666666666666,-0.13394681139790346,0.01,7.87,-8.9,0.0,0.7034867444700416,True,open_meteo_previous_runs,72,2026-01-17T03:00:00+00:00,2025-12-31T18:00:00+00:00,432.0,2025-11-30T19:00:00+00:00,2025-12-31T19:00:00+00:00,0
2026-01-18T19:00:00+00:00,2026-01-19T16:00:00+00:00,turbine_1,22,0.18580749985949077,0.0333333333333333,0.15247416652615747,0.01,8.14,-8.6,0.0,0.6965743890607692,True,open_meteo_previous_runs,72,2026-01-17T04:00:00+00:00,2025-12-31T18:00:00+00:00,432.0,2025-11-30T19:00:00+00:00,2025-12-31T19:00:00+00:00,0
2026-01-18T19:00:00+00:00,2026-01-19T17:00:00+00:00,turbine_1,23,0.20535460810606482,0.07,0.1353546081060648,0.01,8.59,-8.2,0.0,0.7161214973073433,True,open_meteo_previous_runs,72,2026-01-17T05:00:00+00:00,2025-12-31T18:00:00+00:00,432.0,2025-11-30T19:00:00+00:00,2025-12-31T19:00:00+00:00,0
2026-01-18T19:00:00+00:00,2026-01-19T18:00:00+00:00,turbine_1,24,0.29317340540193054,0.015,0.27817340540193053,0.01,9.04,-8.2,0.0,0.803940294603209,True,open_meteo_previous_runs,72,2026-01-17T06:00:00+00:00,2025-12-31T18:00:00+00:00,432.0,2025-11-30T19:00:00+00:00,2025-12-31T19:00:00+00:00,0
2026-01-18T19:00:00+00:00,2026-01-19T19:00:00+00:00,turbine_1,25,0.30712334690554605,0.01,0.29712334690554604,0.01,9.27,-8.1,0.0,0.7886385405069558,True,open_meteo_previous_runs,72,2026-01-17T07:00:00+00:00,2025-12-31T18:00:00+00:00,432.0,2025-11-30T19:00:00+00:00,2025-12-31T19:00:00+00:00,0
2026-01-18T19:00:00+00:00,2026-01-19T20:00:00+00:00,turbine_1,26,0.3134666798692889,0.01,0.3034666798692889,0.01,9.44,-8.2,0.0,0.7949818734706986,True,open_meteo_previous_runs,72,2026-01-17T08:00:00+00:00,2025-12-31T18:00:00+00:00,432.0,2025-11-30T19:00:00+00:00,2025-12-31T19:00:00+00:00,0
2026-01-18T19:00:00+00:00,2026-01-19T21:00:00+00:00,turbine_1,27,0.29992666055608697,0.01,0.28992666055608696,0.01,9.35,-8.5,0.0,0.7814418541574967,True,open_meteo_previous_runs,72,2026-01-17T09:00:00+00:00,2025-12-31T18:00:00+00:00,432.0,2025-11-30T19:00:00+00:00,2025-12-31T19:00:00+00:00,0
2026-01-18T19:00:00+00:00,2026-01-19T22:00:00+00:00,turbine_1,28,0.31482212995223813,0.01,0.3048221299522381,0.01,9.12,-9.1,0.0,0.7963373235536478,True,open_meteo_previous_runs,72,2026-01-17T10:00:00+00:00,2025-12-31T18:00:00+00:00,432.0,2025-11-30T19:00:00+00:00,2025-12-31T19:00:00+00:00,0
2026-01-18T19:00:00+00:00,2026-01-19T23:00:00+00:00,turbine_1,29,0.2233764544349277,0.0133333333333333,0.2100431211015944,0.01,8.9,-9.7,0.0,0.7048916480363374,True,open_meteo_previous_runs,72,2026-01-17T11:00:00+00:00,2025-12-31T18:00:00+00:00,432.0,2025-11-30T19:00:00+00:00,2025-12-31T19:00:00+00:00,0
2026-01-18T19:00:00+00:00,2026-01-20T00:00:00+00:00,turbine_1,30,0.273947287951854,0.1083333333333333,0.16561395461852074,0.01,9.13,-7.4,0.0,0.7554624815532638,True,open_meteo_previous_runs,72,2026-01-17T12:00:00+00:00,2025-12-31T18:00:00+00:00,432.0,2025-11-30T19:00:00+00:00,2025-12-31T19:00:00+00:00,0
2026-01-18T19:00:00+00:00,2026-01-20T01:00:00+00:00,turbine_1,31,0.19182404576706436,0.0349999999999999,0.15682404576706446,0.01,8.78,-7.5,0.0,0.6733392393684741,True,open_meteo_previous_runs,72,2026-01-17T13:00:00+00:00,2025-12-31T18:00:00+00:00,432.0,2025-11-30T19:00:00+00:00,2025-12-31T19:00:00+00:00,0
2026-01-18T19:00:00+00:00,2026-01-20T02:00:00+00:00,turbine_1,32,0.18850198675304108,0.01,0.17850198675304108,0.01,8.6,-7.6,0.0,0.6700171803544508,True,open_meteo_previous_runs,72,2026-01-17T14:00:00+00:00,2025-12-31T18:00:00+00:00,432.0,2025-11-30T19:00:00+00:00,2025-12-31T19:00:00+00:00,0
2026-01-18T19:00:00+00:00,2026-01-20T03:00:00+00:00,turbine_1,33,0.17667964633203287,0.01,0.16667964633203286,0.01,8.42,-7.2,0.0,0.6581948399334425,True,open_meteo_previous_runs,72,2026-01-17T15:00:00+00:00,2025-12-31T18:00:00+00:00,432.0,2025-11-30T19:00:00+00:00,2025-12-31T19:00:00+00:00,0
2026-01-18T19:00:00+00:00,2026-01-20T04:00:00+00:00,turbine_1,34,0.18533724376705268,0.01,0.17533724376705268,0.01,8.41,-5.5,0.0,0.6668524373684623,True,open_meteo_previous_runs,72,2026-01-17T16:00:00+00:00,2025-12-31T18:00:00+00:00,432.0,2025-11-30T19:00:00+00:00,2025-12-31T19:00:00+00:00,0
2026-01-18T19:00:00+00:00,2026-01-20T05:00:00+00:00,turbine_1,35,0.1865951586444296,0.0183333333333333,0.1682618253110963,0.01,8.41,-4.0,0.0,0.6681103522458394,True,open_meteo_previous_runs,72,2026-01-17T17:00:00+00:00,2025-12-31T18:00:00+00:00,432.0,2025-11-30T19:00:00+00:00,2025-12-31T19:00:00+00:00,0
2026-01-18T19:00:00+00:00,2026-01-20T06:00:00+00:00,turbine_1,36,0.2199653091174105,0.0516666666666666,0.16829864245074388,0.01,8.85,-2.8,0.0,0.7014805027188202,True,open_meteo_previous_runs,72,2026-01-17T18:00:00+00:00,2025-12-31T18:00:00+00:00,432.0,2025-11-30T19:00:00+00:00,2025-12-31T19:00:00+00:00,0
2026-01-18T19:00:00+00:00,2026-01-20T07:00:00+00:00,turbine_1,37,0.22135333203474575,0.0183333333333333,0.20301999870141246,0.01,8.54,-1.9,0.0,0.7028685256361554,True,open_meteo_previous_runs,72,2026-01-17T19:00:00+00:00,2025-12-31T18:00:00+00:00,432.0,2025-11-30T19:00:00+00:00,2025-12-31T19:00:00+00:00,0
2026-01-18T19:00:00+00:00,2026-01-20T08:00:00+00:00,turbine_1,38,0.18047654847439107,0.03,0.15047654847439107,0.01,8.1,-1.2,0.0,0.6619917420758008,True,open_meteo_previous_runs,72,2026-01-17T20:00:00+00:00,2025-12-31T18:00:00+00:00,432.0,2025-11-30T19:00:00+00:00,2025-12-31T19:00:00+00:00,0
2026-01-18T19:00:00+00:00,2026-01-20T09:00:00+00:00,turbine_1,39,0.17021106695844077,0.0933333333333333,0.07687773362510747,0.01,7.87,-1.2,0.0,0.6517262605598505,True,open_meteo_previous_runs,72,2026-01-17T21:00:00+00:00,2025-12-31T18:00:00+00:00,432.0,2025-11-30T19:00:00+00:00,2025-12-31T19:00:00+00:00,0
2026-01-18T19:00:00+00:00,2026-01-20T10:00:00+00:00,turbine_1,40,0.17431253378838318,0.0349999999999999,0.1393125337883833,0.01,7.03,-1.5,0.0,0.6558277273897929,True,open_meteo_previous_runs,72,2026-01-17T22:00:00+00:00,2025-12-31T18:00:00+00:00,432.0,2025-11-30T19:00:00+00:00,2025-12-31T19:00:00+00:00,0
2026-01-18T19:00:00+00:00,2026-01-20T11:00:00+00:00,turbine_1,41,0.17043453611733095,0.0133333333333333,0.15710120278399764,0.01,6.47,-3.0,0.0,0.6519497297187407,True,open_meteo_previous_runs,72,2026-01-17T23:00:00+00:00,2025-12-31T18:00:00+00:00,432.0,2025-11-30T19:00:00+00:00,2025-12-31T19:00:00+00:00,0
2026-01-18T19:00:00+00:00,2026-01-20T12:00:00+00:00,turbine_1,42,0.15469660326424833,0.01,0.14469660326424832,0.01,3.54,-3.5,0.0,0.636211796865658,True,open_meteo_previous_runs,72,2026-01-18T00:00:00+00:00,2025-12-31T18:00:00+00:00,432.0,2025-11-30T19:00:00+00:00,2025-12-31T19:00:00+00:00,0
2026-01-18T19:00:00+00:00,2026-01-20T13:00:00+00:00,turbine_1,43,0.16989912572343832,0.01,0.1598991257234383,0.01,2.7,-4.1,0.0,0.6514143193248481,True,open_meteo_previous_runs,72,2026-01-18T01:00:00+00:00,2025-12-31T18:00:00+00:00,432.0,2025-11-30T19:00:00+00:00,2025-12-31T19:00:00+00:00,0
2026-01-18T19:00:00+00:00,2026-01-20T14:00:00+00:00,turbine_1,44,0.18183677756289823,0.01,0.17183677756289822,0.01,2.47,-4.5,0.0,0.6633519711643079,True,open_meteo_previous_runs,72,2026-01-18T02:00:00+00:00,2025-12-31T18:00:00+00:00,432.0,2025-11-30T19:00:00+00:00,2025-12-31T19:00:00+00:00,0
2026-01-18T19:00:00+00:00,2026-01-20T15:00:00+00:00,turbine_1,45,0.19481974167553928,0.01,0.18481974167553927,0.01,3.74,-4.3,0.0,0.676334935276949,True,open_meteo_previous_runs,72,2026-01-18T03:00:00+00:00,2025-12-31T18:00:00+00:00,432.0,2025-11-30T19:00:00+00:00,2025-12-31T19:00:00+00:00,0
2026-01-18T19:00:00+00:00,2026-01-20T16:00:00+00:00,turbine_1,46,0.2111340644521398,0.01,0.2011340644521398,0.01,5.0,-4.6,0.0,0.6926492580535495,True,open_meteo_previous_runs,72,2026-01-18T04:00:00+00:00,2025-12-31T18:00:00+00:00,432.0,2025-11-30T19:00:00+00:00,2025-12-31T19:00:00+00:00,0
2026-01-18T19:00:00+00:00,2026-01-20T17:00:00+00:00,turbine_1,47,0.1984535154095339,0.0416666666666666,0.1567868487428673,0.01,6.02,-5.4,0.0,0.6799687090109436,True,open_meteo_previous_runs,72,2026-01-18T05:00:00+00:00,2025-12-31T18:00:00+00:00,432.0,2025-11-30T19:00:00+00:00,2025-12-31T19:00:00+00:00,0
2026-01-18T19:00:00+00:00,2026-01-20T18:00:00+00:00,turbine_1,48,0.16872428814968526,0.1833333333333333,-0.014609045183648028,0.01,2.61,-4.9,0.0,0.650239481751095,True,open_meteo_previous_runs,72,2026-01-18T06:00:00+00:00,2025-12-31T18:00:00+00:00,432.0,2025-11-30T19:00:00+00:00,2025-12-31T19:00:00+00:00,0
2026-01-19T19:00:00+00:00,2026-01-19T19:00:00+00:00,turbine_1,1,0.30563819318214935,0.01,0.29563819318214934,0.01,9.27,-8.1,0.0,0.8164050823834278,True,open_meteo_previous_runs,72,2026-01-17T07:00:00+00:00,2025-12-31T18:00:00+00:00,456.0,2025-11-30T19:00:00+00:00,2025-12-31T19:00:00+00:00,0
2026-01-19T19:00:00+00:00,2026-01-19T20:00:00+00:00,turbine_1,2,0.3096990498056349,0.01,0.2996990498056349,0.01,9.44,-8.2,0.0,0.8204659390069133,True,open_meteo_previous_runs,72,2026-01-17T08:00:00+00:00,2025-12-31T18:00:00+00:00,456.0,2025-11-30T19:00:00+00:00,2025-12-31T19:00:00+00:00,0
2026-01-19T19:00:00+00:00,2026-01-19T21:00:00+00:00,turbine_1,3,0.2984415068326903,0.01,0.28844150683269026,0.01,9.35,-8.5,0.0,0.8092083960339687,True,open_meteo_previous_runs,72,2026-01-17T09:00:00+00:00,2025-12-31T18:00:00+00:00,456.0,2025-11-30T19:00:00+00:00,2025-12-31T19:00:00+00:00,0
2026-01-19T19:00:00+00:00,2026-01-19T22:00:00+00:00,turbine_1,4,0.31333697622884144,0.01,0.3033369762288414,0.01,9.12,-9.1,0.0,0.8241038654301198,True,open_meteo_previous_runs,72,2026-01-17T10:00:00+00:00,2025-12-31T18:00:00+00:00,456.0,2025-11-30T19:00:00+00:00,2025-12-31T19:00:00+00:00,0
2026-01-19T19:00:00+00:00,2026-01-19T23:00:00+00:00,turbine_1,5,0.22272073894733557,0.0133333333333333,0.20938740561400226,0.01,8.9,-9.7,0.0,0.733487628148614,True,open_meteo_previous_runs,72,2026-01-17T11:00:00+00:00,2025-12-31T18:00:00+00:00,456.0,2025-11-30T19:00:00+00:00,2025-12-31T19:00:00+00:00,0
2026-01-19T19:00:00+00:00,2026-01-20T00:00:00+00:00,turbine_1,6,0.2732915724642619,0.1083333333333333,0.1649582391309286,0.01,9.13,-7.4,0.0,0.7840584616655404,True,open_meteo_previous_runs,72,2026-01-17T12:00:00+00:00,2025-12-31T18:00:00+00:00,456.0,2025-11-30T19:00:00+00:00,2025-12-31T19:00:00+00:00,0
2026-01-19T19:00:00+00:00,2026-01-20T01:00:00+00:00,turbine_1,7,0.19116833027947222,0.0349999999999999,0.15616833027947233,0.01,8.78,-7.5,0.0,0.7019352194807507,True,open_meteo_previous_runs,72,2026-01-17T13:00:00+00:00,2025-12-31T18:00:00+00:00,456.0,2025-11-30T19:00:00+00:00,2025-12-31T19:00:00+00:00,0
2026-01-19T19:00:00+00:00,2026-01-20T02:00:00+00:00,turbine_1,8,0.18784627126544895,0.01,0.17784627126544894,0.01,8.6,-7.6,0.0,0.6986131604667274,True,open_meteo_previous_runs,72,2026-01-17T14:00:00+00:00,2025-12-31T18:00:00+00:00,456.0,2025-11-30T19:00:00+00:00,2025-12-31T19:00:00+00:00,0
2026-01-19T19:00:00+00:00,2026-01-20T03:00:00+00:00,turbine_1,9,0.1760239308444408,0.01,0.16602393084444078,0.01,8.42,-7.2,0.0,0.6867908200457192,True,open_meteo_previous_runs,72,2026-01-17T15:00:00+00:00,2025-12-31T18:00:00+00:00,456.0,2025-11-30T19:00:00+00:00,2025-12-31T19:00:00+00:00,0
2026-01-19T19:00:00+00:00,2026-01-20T04:00:00+00:00,turbine_1,10,0.18533724376705268,0.01,0.17533724376705268,0.01,8.41,-5.5,0.0,0.6961041329683311,True,open_meteo_previous_runs,72,2026-01-17T16:00:00+00:00,2025-12-31T18:00:00+00:00,456.0,2025-11-30T19:00:00+00:00,2025-12-31T19:00:00+00:00,0
2026-01-19T19:00:00+00:00,2026-01-20T05:00:00+00:00,turbine_1,11,0.1865951586444296,0.0183333333333333,0.1682618253110963,0.01,8.41,-4.0,0.0,0.6973620478457081,True,open_meteo_previous_runs,72,2026-01-17T17:00:00+00:00,2025-12-31T18:00:00+00:00,456.0,2025-11-30T19:00:00+00:00,2025-12-31T19:00:00+00:00,0
2026-01-19T19:00:00+00:00,2026-01-20T06:00:00+00:00,turbine_1,12,0.2199653091174105,0.0516666666666666,0.16829864245074388,0.01,8.85,-2.8,0.0,0.730732198318689,True,open_meteo_previous_runs,72,2026-01-17T18:00:00+00:00,2025-12-31T18:00:00+00:00,456.0,2025-11-30T19:00:00+00:00,2025-12-31T19:00:00+00:00,0
2026-01-19T19:00:00+00:00,2026-01-20T07:00:00+00:00,turbine_1,13,0.22135333203474575,0.0183333333333333,0.20301999870141246,0.01,8.54,-1.9,0.0,0.7321202212360242,True,open_meteo_previous_runs,72,2026-01-17T19:00:00+00:00,2025-12-31T18:00:00+00:00,456.0,2025-11-30T19:00:00+00:00,2025-12-31T19:00:00+00:00,0
2026-01-19T19:00:00+00:00,2026-01-20T08:00:00+00:00,turbine_1,14,0.18047654847439107,0.03,0.15047654847439107,0.01,8.1,-1.2,0.0,0.6912434376756695,True,open_meteo_previous_runs,72,2026-01-17T20:00:00+00:00,2025-12-31T18:00:00+00:00,456.0,2025-11-30T19:00:00+00:00,2025-12-31T19:00:00+00:00,0
2026-01-19T19:00:00+00:00,2026-01-20T09:00:00+00:00,turbine_1,15,0.17021106695844077,0.0933333333333333,0.07687773362510747,0.01,7.87,-1.2,0.0,0.6809779561597192,True,open_meteo_previous_runs,72,2026-01-17T21:00:00+00:00,2025-12-31T18:00:00+00:00,456.0,2025-11-30T19:00:00+00:00,2025-12-31T19:00:00+00:00,0
2026-01-19T19:00:00+00:00,2026-01-20T10:00:00+00:00,turbine_1,16,0.17431253378838318,0.0349999999999999,0.1393125337883833,0.01,7.03,-1.5,0.0,0.6850794229896616,True,open_meteo_previous_runs,72,2026-01-17T22:00:00+00:00,2025-12-31T18:00:00+00:00,456.0,2025-11-30T19:00:00+00:00,2025-12-31T19:00:00+00:00,0
2026-01-19T19:00:00+00:00,2026-01-20T11:00:00+00:00,turbine_1,17,0.17043453611733095,0.0133333333333333,0.15710120278399764,0.01,6.47,-3.0,0.0,0.6812014253186094,True,open_meteo_previous_runs,72,2026-01-17T23:00:00+00:00,2025-12-31T18:00:00+00:00,456.0,2025-11-30T19:00:00+00:00,2025-12-31T19:00:00+00:00,0
2026-01-19T19:00:00+00:00,2026-01-20T12:00:00+00:00,turbine_1,18,0.15469660326424833,0.01,0.14469660326424832,0.01,3.54,-3.5,0.0,0.6654634924655267,True,open_meteo_previous_runs,72,2026-01-18T00:00:00+00:00,2025-12-31T18:00:00+00:00,456.0,2025-11-30T19:00:00+00:00,2025-12-31T19:00:00+00:00,0
2026-01-19T19:00:00+00:00,2026-01-20T13:00:00+00:00,turbine_1,19,0.16989912572343832,0.01,0.1598991257234383,0.01,2.7,-4.1,0.0,0.6806660149247168,True,open_meteo_previous_runs,72,2026-01-18T01:00:00+00:00,2025-12-31T18:00:00+00:00,456.0,2025-11-30T19:00:00+00:00,2025-12-31T19:00:00+00:00,0
2026-01-19T19:00:00+00:00,2026-01-20T14:00:00+00:00,turbine_1,20,0.18183677756289823,0.01,0.17183677756289822,0.01,2.47,-4.5,0.0,0.6926036667641766,True,open_meteo_previous_runs,72,2026-01-18T02:00:00+00:00,2025-12-31T18:00:00+00:00,456.0,2025-11-30T19:00:00+00:00,2025-12-31T19:00:00+00:00,0
2026-01-19T19:00:00+00:00,2026-01-20T15:00:00+00:00,turbine_1,21,0.19481974167553928,0.01,0.18481974167553927,0.01,3.74,-4.3,0.0,0.7055866308768177,True,open_meteo_previous_runs,72,2026-01-18T03:00:00+00:00,2025-12-31T18:00:00+00:00,456.0,2025-11-30T19:00:00+00:00,2025-12-31T19:00:00+00:00,0
2026-01-19T19:00:00+00:00,2026-01-20T16:00:00+00:00,turbine_1,22,0.2111340644521398,0.01,0.2011340644521398,0.01,5.0,-4.6,0.0,0.7219009536534182,True,open_meteo_previous_runs,72,2026-01-18T04:00:00+00:00,2025-12-31T18:00:00+00:00,456.0,2025-11-30T19:00:00+00:00,2025-12-31T19:00:00+00:00,0
2026-01-19T19:00:00+00:00,2026-01-20T17:00:00+00:00,turbine_1,23,0.1984535154095339,0.0416666666666666,0.1567868487428673,0.01,6.02,-5.4,0.0,0.7092204046108124,True,open_meteo_previous_runs,72,2026-01-18T05:00:00+00:00,2025-12-31T18:00:00+00:00,456.0,2025-11-30T19:00:00+00:00,2025-12-31T19:00:00+00:00,0
2026-01-19T19:00:00+00:00,2026-01-20T18:00:00+00:00,turbine_1,24,0.16872428814968526,0.1833333333333333,-0.014609045183648028,0.01,2.61,-4.9,0.0,0.6794911773509638,True,open_meteo_previous_runs,72,2026-01-18T06:00:00+00:00,2025-12-31T18:00:00+00:00,456.0,2025-11-30T19:00:00+00:00,2025-12-31T19:00:00+00:00,0
2026-01-19T19:00:00+00:00,2026-01-20T19:00:00+00:00,turbine_1,25,0.18819329551275477,0.2733333333333333,-0.08514003782057855,0.01,4.35,-5.4,0.0,0.6697084891141645,True,open_meteo_previous_runs,72,2026-01-18T07:00:00+00:00,2025-12-31T18:00:00+00:00,456.0,2025-11-30T19:00:00+00:00,2025-12-31T19:00:00+00:00,0
2026-01-19T19:00:00+00:00,2026-01-20T20:00:00+00:00,turbine_1,26,0.17769506846525557,0.26,-0.08230493153474444,0.01,7.27,-5.6,0.0,0.6592102620666653,True,open_meteo_previous_runs,72,2026-01-18T08:00:00+00:00,2025-12-31T18:00:00+00:00,456.0,2025-11-30T19:00:00+00:00,2025-12-31T19:00:00+00:00,0
2026-01-19T19:00:00+00:00,2026-01-20T21:00:00+00:00,turbine_1,27,0.2076652614655109,0.3916666666666666,-0.1840014052011557,0.01,8.95,-6.2,0.0,0.6891804550669206,True,open_meteo_previous_runs,72,2026-01-18T09:00:00+00:00,2025-12-31T18:00:00+00:00,456.0,2025-11-30T19:00:00+00:00,2025-12-31T19:00:00+00:00,0
2026-01-19T19:00:00+00:00,2026-01-20T22:00:00+00:00,turbine_1,28,0.2076652614655109,0.6733333333333333,-0.46566807186782244,0.01,8.86,-6.9,0.0,0.6891804550669206,True,open_meteo_previous_runs,72,2026-01-18T10:00:00+00:00,2025-12-31T18:00:00+00:00,456.0,2025-11-30T19:00:00+00:00,2025-12-31T19:00:00+00:00,0
2026-01-19T19:00:00+00:00,2026-01-20T23:00:00+00:00,turbine_1,29,0.2873807899845856,0.8016666666666667,-0.5142858766820811,0.01,9.21,-7.5,0.0,0.7688959835859953,True,open_meteo_previous_runs,72,2026-01-18T11:00:00+00:00,2025-12-31T18:00:00+00:00,456.0,2025-11-30T19:00:00+00:00,2025-12-31T19:00:00+00:00,0
2026-01-19T19:00:00+00:00,2026-01-21T00:00:00+00:00,turbine_1,30,0.4086235430629243,0.9466666666666668,-0.5380431236037424,0.01,10.2,-9.1,0.0,0.8901387366643341,True,open_meteo_previous_runs,72,2026-01-18T12:00:00+00:00,2025-12-31T18:00:00+00:00,456.0,2025-11-30T19:00:00+00:00,2025-12-31T19:00:00+00:00,0
2026-01-19T19:00:00+00:00,2026-01-21T01:00:00+00:00,turbine_1,31,0.6645282338586215,0.8866666666666667,-0.22213843280804524,0.01,10.89,-9.0,0.18301304025721177,1.0,True,open_meteo_previous_runs,72,2026-01-18T13:00:00+00:00,2025-12-31T18:00:00+00:00,456.0,2025-11-30T19:00:00+00:00,2025-12-31T19:00:00+00:00,0
2026-01-19T19:00:00+00:00,2026-01-21T02:00:00+00:00,turbine_1,32,0.7860515886934243,0.9933333333333332,-0.2072817446399089,0.01,11.9,-8.9,0.3045363950920146,1.0,True,open_meteo_previous_runs,72,2026-01-18T14:00:00+00:00,2025-12-31T18:00:00+00:00,456.0,2025-11-30T19:00:00+00:00,2025-12-31T19:00:00+00:00,0
2026-01-19T19:00:00+00:00,2026-01-21T03:00:00+00:00,turbine_1,33,0.7887404042198266,0.99,-0.20125959578017338,0.01,12.4,-8.2,0.3072252106184169,1.0,True,open_meteo_previous_runs,72,2026-01-18T15:00:00+00:00,2025-12-31T18:00:00+00:00,456.0,2025-11-30T19:00:00+00:00,2025-12-31T19:00:00+00:00,0
2026-01-19T19:00:00+00:00,2026-01-21T04:00:00+00:00,turbine_1,34,0.7667031604843066,0.99,-0.22329683951569335,0.01,13.17,-6.1,0.28518796688289694,1.0,True,open_meteo_previous_runs,72,2026-01-18T16:00:00+00:00,2025-12-31T18:00:00+00:00,456.0,2025-11-30T19:00:00+00:00,2025-12-31T19:00:00+00:00,0
2026-01-19T19:00:00+00:00,2026-01-21T05:00:00+00:00,turbine_1,35,0.8076998326480013,0.9466666666666668,-0.1389668340186655,0.01,14.05,-3.9,0.32618463904659156,1.0,True,open_meteo_previous_runs,72,2026-01-18T17:00:00+00:00,2025-12-31T18:00:00+00:00,456.0,2025-11-30T19:00:00+00:00,2025-12-31T19:00:00+00:00,0
2026-01-19T19:00:00+00:00,2026-01-21T06:00:00+00:00,turbine_1,36,0.8320017312185846,0.99,-0.15799826878141543,0.01,14.36,-2.1,0.35048653761717485,1.0,True,open_meteo_previous_runs,72,2026-01-18T18:00:00+00:00,2025-12-31T18:00:00+00:00,456.0,2025-11-30T19:00:00+00:00,2025-12-31T19:00:00+00:00,0
2026-01-19T19:00:00+00:00,2026-01-21T07:00:00+00:00,turbine_1,37,0.8333897541359198,0.99,-0.15661024586408023,0.01,14.36,-1.3,0.35187456053451005,1.0,True,open_meteo_previous_runs,72,2026-01-18T19:00:00+00:00,2025-12-31T18:00:00+00:00,456.0,2025-11-30T19:00:00+00:00,2025-12-31T19:00:00+00:00,0
2026-01-19T19:00:00+00:00,2026-01-21T08:00:00+00:00,turbine_1,38,0.8299982094916737,0.9883333333333332,-0.1583351238416595,0.01,13.97,-0.7,0.348483015890264,1.0,True,open_meteo_previous_runs,72,2026-01-18T20:00:00+00:00,2025-12-31T18:00:00+00:00,456.0,2025-11-30T19:00:00+00:00,2025-12-31T19:00:00+00:00,0
2026-01-19T19:00:00+00:00,2026-01-21T09:00:00+00:00,turbine_1,39,0.8252914319059987,0.9883333333333332,-0.16304190142733443,0.01,13.47,-0.5,0.34377623830458903,1.0,True,open_meteo_previous_runs,72,2026-01-18T21:00:00+00:00,2025-12-31T18:00:00+00:00,456.0,2025-11-30T19:00:00+00:00,2025-12-31T19:00:00+00:00,0
2026-01-19T19:00:00+00:00,2026-01-21T10:00:00+00:00,turbine_1,40,0.8079238806069053,0.9583333333333334,-0.15040945272642803,0.01,13.1,-1.2,0.32640868700549563,1.0,True,open_meteo_previous_runs,72,2026-01-18T22:00:00+00:00,2025-12-31T18:00:00+00:00,456.0,2025-11-30T19:00:00+00:00,2025-12-31T19:00:00+00:00,0
2026-01-19T19:00:00+00:00,2026-01-21T11:00:00+00:00,turbine_1,41,0.8000169705832311,0.9883333333333332,-0.1883163627501021,0.01,12.57,-3.0,0.31850177698182136,1.0,True,open_meteo_previous_runs,72,2026-01-18T23:00:00+00:00,2025-12-31T18:00:00+00:00,456.0,2025-11-30T19:00:00+00:00,2025-12-31T19:00:00+00:00,0
2026-01-19T19:00:00+00:00,2026-01-21T12:00:00+00:00,turbine_1,42,0.8036437766032686,0.98,-0.1763562233967314,0.01,12.09,-4.8,0.32212858300185887,1.0,True,open_meteo_previous_runs,72,2026-01-19T00:00:00+00:00,2025-12-31T18:00:00+00:00,456.0,2025-11-30T19:00:00+00:00,2025-12-31T19:00:00+00:00,0
2026-01-19T19:00:00+00:00,2026-01-21T13:00:00+00:00,turbine_1,43,0.7666826939567771,0.3616666666666666,0.40501602729011055,0.01,11.43,-5.7,0.2851675003553674,1.0,True,open_meteo_previous_runs,72,2026-01-19T01:00:00+00:00,2025-12-31T18:00:00+00:00,456.0,2025-11-30T19:00:00+00:00,2025-12-31T19:00:00+00:00,0
2026-01-19T19:00:00+00:00,2026-01-21T14:00:00+00:00,turbine_1,44,0.7724389775232798,0.06,0.7124389775232798,0.01,11.18,-5.9,0.2909237839218701,1.0,True,open_meteo_previous_runs,72,2026-01-19T02:00:00+00:00,2025-12-31T18:00:00+00:00,456.0,2025-11-30T19:00:00+00:00,2025-12-31T19:00:00+00:00,0
2026-01-19T19:00:00+00:00,2026-01-21T15:00:00+00:00,turbine_1,45,0.7724389775232798,0.2166666666666666,0.5557723108566133,0.01,11.04,-6.0,0.2909237839218701,1.0,True,open_meteo_previous_runs,72,2026-01-19T03:00:00+00:00,2025-12-31T18:00:00+00:00,456.0,2025-11-30T19:00:00+00:00,2025-12-31T19:00:00+00:00,0
2026-01-19T19:00:00+00:00,2026-01-21T16:00:00+00:00,turbine_1,46,0.7539312766512938,0.1866666666666666,0.5672646099846272,0.01,11.11,-5.9,0.2724160830498841,1.0,True,open_meteo_previous_runs,72,2026-01-19T04:00:00+00:00,2025-12-31T18:00:00+00:00,456.0,2025-11-30T19:00:00+00:00,2025-12-31T19:00:00+00:00,0
2026-01-19T19:00:00+00:00,2026-01-21T17:00:00+00:00,turbine_1,47,0.7960429702239605,0.1783333333333333,0.6177096368906272,0.01,12.18,-5.7,0.3145277766225508,1.0,True,open_meteo_previous_runs,72,2026-01-19T05:00:00+00:00,2025-12-31T18:00:00+00:00,456.0,2025-11-30T19:00:00+00:00,2025-12-31T19:00:00+00:00,0
2026-01-19T19:00:00+00:00,2026-01-21T18:00:00+00:00,turbine_1,48,0.7960429702239605,0.3283333333333333,0.4677096368906272,0.01,12.16,-5.6,0.3145277766225508,1.0,True,open_meteo_previous_runs,72,2026-01-19T06:00:00+00:00,2025-12-31T18:00:00+00:00,456.0,2025-11-30T19:00:00+00:00,2025-12-31T19:00:00+00:00,0
2026-01-20T19:00:00+00:00,2026-01-20T19:00:00+00:00,turbine_1,1,0.18736385727695024,0.2733333333333333,-0.08596947605638308,0.01,4.35,-5.4,0.0,0.6981307464782287,True,open_meteo_previous_runs,72,2026-01-18T07:00:00+00:00,2025-12-31T18:00:00+00:00,480.0,2025-11-30T19:00:00+00:00,2025-12-31T19:00:00+00:00,0
2026-01-20T19:00:00+00:00,2026-01-20T20:00:00+00:00,turbine_1,2,0.17686563022945107,0.26,-0.08313436977054894,0.01,7.27,-5.6,0.0,0.6876325194307296,True,open_meteo_previous_runs,72,2026-01-18T08:00:00+00:00,2025-12-31T18:00:00+00:00,480.0,2025-11-30T19:00:00+00:00,2025-12-31T19:00:00+00:00,0
2026-01-20T19:00:00+00:00,2026-01-20T21:00:00+00:00,turbine_1,3,0.20618010774211426,0.3916666666666666,-0.18548655892455235,0.01,8.95,-6.2,0.0,0.7169469969433927,True,open_meteo_previous_runs,72,2026-01-18T09:00:00+00:00,2025-12-31T18:00:00+00:00,480.0,2025-11-30T19:00:00+00:00,2025-12-31T19:00:00+00:00,0
2026-01-20T19:00:00+00:00,2026-01-20T22:00:00+00:00,turbine_1,4,0.20618010774211426,0.6733333333333333,-0.4671532255912191,0.01,8.86,-6.9,0.0,0.7169469969433927,True,open_meteo_previous_runs,72,2026-01-18T10:00:00+00:00,2025-12-31T18:00:00+00:00,480.0,2025-11-30T19:00:00+00:00,2025-12-31T19:00:00+00:00,0
2026-01-20T19:00:00+00:00,2026-01-20T23:00:00+00:00,turbine_1,5,0.28672507449699347,0.8016666666666667,-0.5149415921696733,0.01,9.21,-7.5,0.0,0.7974919636982719,True,open_meteo_previous_runs,72,2026-01-18T11:00:00+00:00,2025-12-31T18:00:00+00:00,480.0,2025-11-30T19:00:00+00:00,2025-12-31T19:00:00+00:00,0
2026-01-20T19:00:00+00:00,2026-01-21T00:00:00+00:00,turbine_1,6,0.4056853512350749,0.9466666666666668,-0.5409813154315919,0.01,10.2,-9.1,0.0,0.9164522404363533,True,open_meteo_previous_runs,72,2026-01-18T12:00:00+00:00,2025-12-31T18:00:00+00:00,480.0,2025-11-30T19:00:00+00:00,2025-12-31T19:00:00+00:00,0
2026-01-20T19:00:00+00:00,2026-01-21T01:00:00+00:00,turbine_1,7,0.6615900420307721,0.8866666666666667,-0.22507662463589462,0.01,10.89,-9.0,0.15082315282949366,1.0,True,open_meteo_previous_runs,72,2026-01-18T13:00:00+00:00,2025-12-31T18:00:00+00:00,480.0,2025-11-30T19:00:00+00:00,2025-12-31T19:00:00+00:00,0
2026-01-20T19:00:00+00:00,2026-01-21T02:00:00+00:00,turbine_1,8,0.7831133968655749,0.9933333333333332,-0.21021993646775827,0.01,11.9,-8.9,0.27234650766429647,1.0,True,open_meteo_previous_runs,72,2026-01-18T14:00:00+00:00,2025-12-31T18:00:00+00:00,480.0,2025-11-30T19:00:00+00:00,2025-12-31T19:00:00+00:00,0
2026-01-20T19:00:00+00:00,2026-01-21T03:00:00+00:00,turbine_1,9,0.7858022123919772,0.99,-0.20419778760802276,0.01,12.4,-8.2,0.2750353231906988,1.0,True,open_meteo_previous_runs,72,2026-01-18T15:00:00+00:00,2025-12-31T18:00:00+00:00,480.0,2025-11-30T19:00:00+00:00,2025-12-31T19:00:00+00:00,0
2026-01-20T19:00:00+00:00,2026-01-21T04:00:00+00:00,turbine_1,10,0.7667031604843066,0.99,-0.22329683951569335,0.01,13.17,-6.1,0.2559362712830282,1.0,True,open_meteo_previous_runs,72,2026-01-18T16:00:00+00:00,2025-12-31T18:00:00+00:00,480.0,2025-11-30T19:00:00+00:00,2025-12-31T19:00:00+00:00,0
2026-01-20T19:00:00+00:00,2026-01-21T05:00:00+00:00,turbine_1,11,0.8076998326480013,0.9466666666666668,-0.1389668340186655,0.01,14.05,-3.9,0.29693294344672283,1.0,True,open_meteo_previous_runs,72,2026-01-18T17:00:00+00:00,2025-12-31T18:00:00+00:00,480.0,2025-11-30T19:00:00+00:00,2025-12-31T19:00:00+00:00,0
2026-01-20T19:00:00+00:00,2026-01-21T06:00:00+00:00,turbine_1,12,0.8320017312185846,0.99,-0.15799826878141543,0.01,14.36,-2.1,0.3212348420173061,1.0,True,open_meteo_previous_runs,72,2026-01-18T18:00:00+00:00,2025-12-31T18:00:00+00:00,480.0,2025-11-30T19:00:00+00:00,2025-12-31T19:00:00+00:00,0
2026-01-20T19:00:00+00:00,2026-01-21T07:00:00+00:00,turbine_1,13,0.8333897541359198,0.99,-0.15661024586408023,0.01,14.36,-1.3,0.3226228649346413,1.0,True,open_meteo_previous_runs,72,2026-01-18T19:00:00+00:00,2025-12-31T18:00:00+00:00,480.0,2025-11-30T19:00:00+00:00,2025-12-31T19:00:00+00:00,0
2026-01-20T19:00:00+00:00,2026-01-21T08:00:00+00:00,turbine_1,14,0.8299982094916737,0.9883333333333332,-0.1583351238416595,0.01,13.97,-0.7,0.31923132029039525,1.0,True,open_meteo_previous_runs,72,2026-01-18T20:00:00+00:00,2025-12-31T18:00:00+00:00,480.0,2025-11-30T19:00:00+00:00,2025-12-31T19:00:00+00:00,0
2026-01-20T19:00:00+00:00,2026-01-21T09:00:00+00:00,turbine_1,15,0.8252914319059987,0.9883333333333332,-0.16304190142733443,0.01,13.47,-0.5,0.3145245427047203,1.0,True,open_meteo_previous_runs,72,2026-01-18T21:00:00+00:00,2025-12-31T18:00:00+00:00,480.0,2025-11-30T19:00:00+00:00,2025-12-31T19:00:00+00:00,0
2026-01-20T19:00:00+00:00,2026-01-21T10:00:00+00:00,turbine_1,16,0.8079238806069053,0.9583333333333334,-0.15040945272642803,0.01,13.1,-1.2,0.2971569914056269,1.0,True,open_meteo_previous_runs,72,2026-01-18T22:00:00+00:00,2025-12-31T18:00:00+00:00,480.0,2025-11-30T19:00:00+00:00,2025-12-31T19:00:00+00:00,0
2026-01-20T19:00:00+00:00,2026-01-21T11:00:00+00:00,turbine_1,17,0.8000169705832311,0.9883333333333332,-0.1883163627501021,0.01,12.57,-3.0,0.28925008138195263,1.0,True,open_meteo_previous_runs,72,2026-01-18T23:00:00+00:00,2025-12-31T18:00:00+00:00,480.0,2025-11-30T19:00:00+00:00,2025-12-31T19:00:00+00:00,0
2026-01-20T19:00:00+00:00,2026-01-21T12:00:00+00:00,turbine_1,18,0.8036437766032686,0.98,-0.1763562233967314,0.01,12.09,-4.8,0.29287688740199014,1.0,True,open_meteo_previous_runs,72,2026-01-19T00:00:00+00:00,2025-12-31T18:00:00+00:00,480.0,2025-11-30T19:00:00+00:00,2025-12-31T19:00:00+00:00,0
2026-01-20T19:00:00+00:00,2026-01-21T13:00:00+00:00,turbine_1,19,0.7666826939567771,0.3616666666666666,0.40501602729011055,0.01,11.43,-5.7,0.2559158047554987,1.0,True,open_meteo_previous_runs,72,2026-01-19T01:00:00+00:00,2025-12-31T18:00:00+00:00,480.0,2025-11-30T19:00:00+00:00,2025-12-31T19:00:00+00:00,0
2026-01-20T19:00:00+00:00,2026-01-21T14:00:00+00:00,turbine_1,20,0.7724389775232798,0.06,0.7124389775232798,0.01,11.18,-5.9,0.2616720883220014,1.0,True,open_meteo_previous_runs,72,2026-01-19T02:00:00+00:00,2025-12-31T18:00:00+00:00,480.0,2025-11-30T19:00:00+00:00,2025-12-31T19:00:00+00:00,0
2026-01-20T19:00:00+00:00,2026-01-21T15:00:00+00:00,turbine_1,21,0.7724389775232798,0.2166666666666666,0.5557723108566133,0.01,11.04,-6.0,0.2616720883220014,1.0,True,open_meteo_previous_runs,72,2026-01-19T03:00:00+00:00,2025-12-31T18:00:00+00:00,480.0,2025-11-30T19:00:00+00:00,2025-12-31T19:00:00+00:00,0
2026-01-20T19:00:00+00:00,2026-01-21T16:00:00+00:00,turbine_1,22,0.7539312766512938,0.1866666666666666,0.5672646099846272,0.01,11.11,-5.9,0.24316438745001534,1.0,True,open_meteo_previous_runs,72,2026-01-19T04:00:00+00:00,2025-12-31T18:00:00+00:00,480.0,2025-11-30T19:00:00+00:00,2025-12-31T19:00:00+00:00,0
2026-01-20T19:00:00+00:00,2026-01-21T17:00:00+00:00,turbine_1,23,0.7960429702239605,0.1783333333333333,0.6177096368906272,0.01,12.18,-5.7,0.2852760810226821,1.0,True,open_meteo_previous_runs,72,2026-01-19T05:00:00+00:00,2025-12-31T18:00:00+00:00,480.0,2025-11-30T19:00:00+00:00,2025-12-31T19:00:00+00:00,0
2026-01-20T19:00:00+00:00,2026-01-21T18:00:00+00:00,turbine_1,24,0.7960429702239605,0.3283333333333333,0.4677096368906272,0.01,12.16,-5.6,0.2852760810226821,1.0,True,open_meteo_previous_runs,72,2026-01-19T06:00:00+00:00,2025-12-31T18:00:00+00:00,480.0,2025-11-30T19:00:00+00:00,2025-12-31T19:00:00+00:00,0
2026-01-20T19:00:00+00:00,2026-01-21T19:00:00+00:00,turbine_1,25,0.7058348512255287,0.44,0.2658348512255287,0.01,12.93,-5.4,0.22431965762411898,1.0,True,open_meteo_previous_runs,72,2026-01-19T07:00:00+00:00,2025-12-31T18:00:00+00:00,480.0,2025-11-30T19:00:00+00:00,2025-12-31T19:00:00+00:00,0
2026-01-20T19:00:00+00:00,2026-01-21T20:00:00+00:00,turbine_1,26,0.8131915913144195,0.5483333333333333,0.2648582579810862,0.01,13.3,-5.3,0.33167639771300983,1.0,True,open_meteo_previous_runs,72,2026-01-19T08:00:00+00:00,2025-12-31T18:00:00+00:00,480.0,2025-11-30T19:00:00+00:00,2025-12-31T19:00:00+00:00,0
2026-01-20T19:00:00+00:00,2026-01-21T21:00:00+00:00,turbine_1,27,0.6949507061748724,0.3983333333333334,0.29661737284153905,0.01,12.79,-5.7,0.21343551257346272,1.0,True,open_meteo_previous_runs,72,2026-01-19T09:00:00+00:00,2025-12-31T18:00:00+00:00,480.0,2025-11-30T19:00:00+00:00,2025-12-31T19:00:00+00:00,0
2026-01-20T19:00:00+00:00,2026-01-21T22:00:00+00:00,turbine_1,28,0.6922618906484701,0.4566666666666667,0.23559522398180338,0.01,11.84,-5.8,0.2107466970470604,1.0,True,open_meteo_previous_runs,72,2026-01-19T10:00:00+00:00,2025-12-31T18:00:00+00:00,480.0,2025-11-30T19:00:00+00:00,2025-12-31T19:00:00+00:00,0
2026-01-20T19:00:00+00:00,2026-01-21T23:00:00+00:00,turbine_1,29,0.6426481285324772,0.2749999999999999,0.3676481285324773,0.01,11.15,-5.8,0.1611329349310675,1.0,True,open_meteo_previous_runs,72,2026-01-19T11:00:00+00:00,2025-12-31T18:00:00+00:00,480.0,2025-11-30T19:00:00+00:00,2025-12-31T19:00:00+00:00,0
2026-01-20T19:00:00+00:00,2026-01-22T00:00:00+00:00,turbine_1,30,0.32619329752121456,0.4316666666666666,-0.10547336914545202,0.01,9.3,-10.0,0.0,0.8077084911226242,True,open_meteo_previous_runs,72,2026-01-19T12:00:00+00:00,2025-12-31T18:00:00+00:00,480.0,2025-11-30T19:00:00+00:00,2025-12-31T19:00:00+00:00,0
2026-01-20T19:00:00+00:00,2026-01-22T01:00:00+00:00,turbine_1,31,0.6637496233541204,0.0949999999999999,0.5687496233541205,0.01,11.23,-8.4,0.18223442975271065,1.0,True,open_meteo_previous_runs,72,2026-01-19T13:00:00+00:00,2025-12-31T18:00:00+00:00,480.0,2025-11-30T19:00:00+00:00,2025-12-31T19:00:00+00:00,0
2026-01-20T19:00:00+00:00,2026-01-22T02:00:00+00:00,turbine_1,32,0.6604275643400971,0.0333333333333333,0.6270942310067638,0.01,11.68,-9.0,0.17891237073868738,1.0,True,open_meteo_previous_runs,72,2026-01-19T14:00:00+00:00,2025-12-31T18:00:00+00:00,480.0,2025-11-30T19:00:00+00:00,2025-12-31T19:00:00+00:00,0
2026-01-20T19:00:00+00:00,2026-01-22T03:00:00+00:00,turbine_1,33,0.38190129470851586,0.01,0.37190129470851585,0.01,9.98,-8.1,0.0,0.8634164883099256,True,open_meteo_previous_runs,72,2026-01-19T15:00:00+00:00,2025-12-31T18:00:00+00:00,480.0,2025-11-30T19:00:00+00:00,2025-12-31T19:00:00+00:00,0
2026-01-20T19:00:00+00:00,2026-01-22T04:00:00+00:00,turbine_1,34,0.6213688409319441,0.0333333333333333,0.5880355075986108,0.01,11.35,-5.8,0.1398536473305344,1.0,True,open_meteo_previous_runs,72,2026-01-19T16:00:00+00:00,2025-12-31T18:00:00+00:00,480.0,2025-11-30T19:00:00+00:00,2025-12-31T19:00:00+00:00,0
2026-01-20T19:00:00+00:00,2026-01-22T05:00:00+00:00,turbine_1,35,0.17014958028089341,0.0166666666666666,0.1534829136142268,0.01,7.02,-4.7,0.0,0.6516647738823031,True,open_meteo_previous_runs,72,2026-01-19T17:00:00+00:00,2025-12-31T18:00:00+00:00,480.0,2025-11-30T19:00:00+00:00,2025-12-31T19:00:00+00:00,0
2026-01-20T19:00:00+00:00,2026-01-22T06:00:00+00:00,turbine_1,36,0.319305833239139,0.0116666666666666,0.3076391665724724,0.01,9.57,-3.3,0.0,0.8008210268405487,True,open_meteo_previous_runs,72,2026-01-19T18:00:00+00:00,2025-12-31T18:00:00+00:00,480.0,2025-11-30T19:00:00+00:00,2025-12-31T19:00:00+00:00,0
2026-01-20T19:00:00+00:00,2026-01-22T07:00:00+00:00,turbine_1,37,0.23545071824692237,0.01,0.22545071824692237,0.01,9.0,-3.9,0.0,0.716965911848332,True,open_meteo_previous_runs,72,2026-01-19T19:00:00+00:00,2025-12-31T18:00:00+00:00,480.0,2025-11-30T19:00:00+00:00,2025-12-31T19:00:00+00:00,0
2026-01-20T19:00:00+00:00,2026-01-22T08:00:00+00:00,turbine_1,38,0.18304235435327015,0.1566666666666666,0.02637568768660356,0.01,3.76,-4.4,0.0,0.6645575479546799,True,open_meteo_previous_runs,72,2026-01-19T20:00:00+00:00,2025-12-31T18:00:00+00:00,480.0,2025-11-30T19:00:00+00:00,2025-12-31T19:00:00+00:00,0
2026-01-20T19:00:00+00:00,2026-01-22T09:00:00+00:00,turbine_1,39,0.16096127742950328,0.32,-0.15903872257049673,0.01,1.0,-4.1,0.0,0.642476471030913,True,open_meteo_previous_runs,72,2026-01-19T21:00:00+00:00,2025-12-31T18:00:00+00:00,480.0,2025-11-30T19:00:00+00:00,2025-12-31T19:00:00+00:00,0
2026-01-20T19:00:00+00:00,2026-01-22T10:00:00+00:00,turbine_1,40,0.16912511826881604,0.3016666666666667,-0.13254154839785065,0.01,3.32,-4.3,0.0,0.6506403118702258,True,open_meteo_previous_runs,72,2026-01-19T22:00:00+00:00,2025-12-31T18:00:00+00:00,480.0,2025-11-30T19:00:00+00:00,2025-12-31T19:00:00+00:00,0
2026-01-20T19:00:00+00:00,2026-01-22T11:00:00+00:00,turbine_1,41,0.1953249208964695,0.5083333333333333,-0.31300841243686384,0.01,6.09,-6.1,0.0,0.6768401144978792,True,open_meteo_previous_runs,72,2026-01-19T23:00:00+00:00,2025-12-31T18:00:00+00:00,480.0,2025-11-30T19:00:00+00:00,2025-12-31T19:00:00+00:00,0
2026-01-20T19:00:00+00:00,2026-01-22T12:00:00+00:00,turbine_1,42,0.1924374754170821,0.4716666666666667,-0.27922919124958456,0.01,6.77,-6.8,0.0,0.6739526690184918,True,open_meteo_previous_runs,72,2026-01-20T00:00:00+00:00,2025-12-31T18:00:00+00:00,480.0,2025-11-30T19:00:00+00:00,2025-12-31T19:00:00+00:00,0
2026-01-20T19:00:00+00:00,2026-01-22T13:00:00+00:00,turbine_1,43,0.27209811477656093,0.4516666666666666,-0.17956855189010568,0.01,8.82,-7.6,0.0,0.7536133083779706,True,open_meteo_previous_runs,72,2026-01-20T01:00:00+00:00,2025-12-31T18:00:00+00:00,480.0,2025-11-30T19:00:00+00:00,2025-12-31T19:00:00+00:00,0
2026-01-20T19:00:00+00:00,2026-01-22T14:00:00+00:00,turbine_1,44,0.3720165286026723,0.7066666666666667,-0.33465013806399435,0.01,9.63,-7.2,0.0,0.853531722204082,True,open_meteo_previous_runs,72,2026-01-20T02:00:00+00:00,2025-12-31T18:00:00+00:00,480.0,2025-11-30T19:00:00+00:00,2025-12-31T19:00:00+00:00,0
2026-01-20T19:00:00+00:00,2026-01-22T15:00:00+00:00,turbine_1,45,0.36567319563892947,0.7583333333333333,-0.39266013769440383,0.01,9.27,-7.7,0.0,0.8471883892403391,True,open_meteo_previous_runs,72,2026-01-20T03:00:00+00:00,2025-12-31T18:00:00+00:00,480.0,2025-11-30T19:00:00+00:00,2025-12-31T19:00:00+00:00,0
2026-01-20T19:00:00+00:00,2026-01-22T16:00:00+00:00,turbine_1,46,0.6753837051136085,0.6983333333333333,-0.022949628219724794,0.01,10.96,-7.7,0.19386851151219875,1.0,True,open_meteo_previous_runs,72,2026-01-20T04:00:00+00:00,2025-12-31T18:00:00+00:00,480.0,2025-11-30T19:00:00+00:00,2025-12-31T19:00:00+00:00,0
2026-01-20T19:00:00+00:00,2026-01-22T17:00:00+00:00,turbine_1,47,0.7157928958145278,0.97,-0.2542071041854722,0.01,11.72,-8.0,0.23427770221311806,1.0,True,open_meteo_previous_runs,72,2026-01-20T05:00:00+00:00,2025-12-31T18:00:00+00:00,480.0,2025-11-30T19:00:00+00:00,2025-12-31T19:00:00+00:00,0
2026-01-20T19:00:00+00:00,2026-01-22T18:00:00+00:00,turbine_1,48,0.7443319842727912,0.9883333333333332,-0.24400134906054194,0.01,11.99,-6.4,0.26281679067138153,1.0,True,open_meteo_previous_runs,72,2026-01-20T06:00:00+00:00,2025-12-31T18:00:00+00:00,480.0,2025-11-30T19:00:00+00:00,2025-12-31T19:00:00+00:00,0
2026-01-21T19:00:00+00:00,2026-01-21T19:00:00+00:00,turbine_1,1,0.7020672211618748,0.44,0.2620672211618748,0.01,12.93,-5.4,0.19130033196059637,1.0,True,open_meteo_previous_runs,72,2026-01-19T07:00:00+00:00,2025-12-31T18:00:00+00:00,504.0,2025-11-30T19:00:00+00:00,2025-12-31T19:00:00+00:00,0
2026-01-21T19:00:00+00:00,2026-01-21T20:00:00+00:00,turbine_1,2,0.8094239612507657,0.5483333333333333,0.2610906279174323,0.01,13.3,-5.3,0.2986570720494872,1.0,True,open_meteo_previous_runs,72,2026-01-19T08:00:00+00:00,2025-12-31T18:00:00+00:00,504.0,2025-11-30T19:00:00+00:00,2025-12-31T19:00:00+00:00,0
2026-01-21T19:00:00+00:00,2026-01-21T21:00:00+00:00,turbine_1,3,0.6911830761112185,0.3983333333333334,0.29284974277788517,0.01,12.79,-5.7,0.1804161869099401,1.0,True,open_meteo_previous_runs,72,2026-01-19T09:00:00+00:00,2025-12-31T18:00:00+00:00,504.0,2025-11-30T19:00:00+00:00,2025-12-31T19:00:00+00:00,0
2026-01-21T19:00:00+00:00,2026-01-21T22:00:00+00:00,turbine_1,4,0.6884942605848162,0.4566666666666667,0.2318275939181495,0.01,11.84,-5.8,0.17772737138353778,1.0,True,open_meteo_previous_runs,72,2026-01-19T10:00:00+00:00,2025-12-31T18:00:00+00:00,504.0,2025-11-30T19:00:00+00:00,2025-12-31T19:00:00+00:00,0
2026-01-21T19:00:00+00:00,2026-01-21T23:00:00+00:00,turbine_1,5,0.6397099367046278,0.2749999999999999,0.3647099367046279,0.01,11.15,-5.8,0.1289430475033494,1.0,True,open_meteo_previous_runs,72,2026-01-19T11:00:00+00:00,2025-12-31T18:00:00+00:00,504.0,2025-11-30T19:00:00+00:00,2025-12-31T19:00:00+00:00,0
2026-01-21T19:00:00+00:00,2026-01-22T00:00:00+00:00,turbine_1,6,0.32553758203362243,0.4316666666666666,-0.10612908463304416,0.01,9.3,-10.0,0.0,0.8363044712349008,True,open_meteo_previous_runs,72,2026-01-19T12:00:00+00:00,2025-12-31T18:00:00+00:00,504.0,2025-11-30T19:00:00+00:00,2025-12-31T19:00:00+00:00,0
2026-01-21T19:00:00+00:00,2026-01-22T01:00:00+00:00,turbine_1,7,0.660811431526271,0.0949999999999999,0.5658114315262711,0.01,11.23,-8.4,0.15004454232499254,1.0,True,open_meteo_previous_runs,72,2026-01-19T13:00:00+00:00,2025-12-31T18:00:00+00:00,504.0,2025-11-30T19:00:00+00:00,2025-12-31T19:00:00+00:00,0
2026-01-21T19:00:00+00:00,2026-01-22T02:00:00+00:00,turbine_1,8,0.6574893725122477,0.0333333333333333,0.6241560391789144,0.01,11.68,-9.0,0.14672248331096926,1.0,True,open_meteo_previous_runs,72,2026-01-19T14:00:00+00:00,2025-12-31T18:00:00+00:00,504.0,2025-11-30T19:00:00+00:00,2025-12-31T19:00:00+00:00,0
2026-01-21T19:00:00+00:00,2026-01-22T03:00:00+00:00,turbine_1,9,0.3789631028806664,0.01,0.3689631028806664,0.01,9.98,-8.1,0.0,0.8897299920819448,True,open_meteo_previous_runs,72,2026-01-19T15:00:00+00:00,2025-12-31T18:00:00+00:00,504.0,2025-11-30T19:00:00+00:00,2025-12-31T19:00:00+00:00,0
2026-01-21T19:00:00+00:00,2026-01-22T04:00:00+00:00,turbine_1,10,0.6213688409319441,0.0333333333333333,0.5880355075986108,0.01,11.35,-5.8,0.11060195173066567,1.0,True,open_meteo_previous_runs,72,2026-01-19T16:00:00+00:00,2025-12-31T18:00:00+00:00,504.0,2025-11-30T19:00:00+00:00,2025-12-31T19:00:00+00:00,0
2026-01-21T19:00:00+00:00,2026-01-22T05:00:00+00:00,turbine_1,11,0.17014958028089341,0.0166666666666666,0.1534829136142268,0.01,7.02,-4.7,0.0,0.6809164694821719,True,open_meteo_previous_runs,72,2026-01-19T17:00:00+00:00,2025-12-31T18:00:00+00:00,504.0,2025-11-30T19:00:00+00:00,2025-12-31T19:00:00+00:00,0
2026-01-21T19:00:00+00:00,2026-01-22T06:00:00+00:00,turbine_1,12,0.319305833239139,0.0116666666666666,0.3076391665724724,0.01,9.57,-3.3,0.0,0.8300727224404174,True,open_meteo_previous_runs,72,2026-01-19T18:00:00+00:00,2025-12-31T18:00:00+00:00,504.0,2025-11-30T19:00:00+00:00,2025-12-31T19:00:00+00:00,0
2026-01-21T19:00:00+00:00,2026-01-22T07:00:00+00:00,turbine_1,13,0.23545071824692237,0.01,0.22545071824692237,0.01,9.0,-3.9,0.0,0.7462176074482008,True,open_meteo_previous_runs,72,2026-01-19T19:00:00+00:00,2025-12-31T18:00:00+00:00,504.0,2025-11-30T19:00:00+00:00,2025-12-31T19:00:00+00:00,0
2026-01-21T19:00:00+00:00,2026-01-22T08:00:00+00:00,turbine_1,14,0.18304235435327015,0.1566666666666666,0.02637568768660356,0.01,3.76,-4.4,0.0,0.6938092435545486,True,open_meteo_previous_runs,72,2026-01-19T20:00:00+00:00,2025-12-31T18:00:00+00:00,504.0,2025-11-30T19:00:00+00:00,2025-12-31T19:00:00+00:00,0
2026-01-21T19:00:00+00:00,2026-01-22T09:00:00+00:00,turbine_1,15,0.16096127742950328,0.32,-0.15903872257049673,0.01,1.0,-4.1,0.0,0.6717281666307817,True,open_meteo_previous_runs,72,2026-01-19T21:00:00+00:00,2025-12-31T18:00:00+00:00,504.0,2025-11-30T19:00:00+00:00,2025-12-31T19:00:00+00:00,0
2026-01-21T19:00:00+00:00,2026-01-22T10:00:00+00:00,turbine_1,16,0.16912511826881604,0.3016666666666667,-0.13254154839785065,0.01,3.32,-4.3,0.0,0.6798920074700945,True,open_meteo_previous_runs,72,2026-01-19T22:00:00+00:00,2025-12-31T18:00:00+00:00,504.0,2025-11-30T19:00:00+00:00,2025-12-31T19:00:00+00:00,0
2026-01-21T19:00:00+00:00,2026-01-22T11:00:00+00:00,turbine_1,17,0.1953249208964695,0.5083333333333333,-0.31300841243686384,0.01,6.09,-6.1,0.0,0.7060918100977479,True,open_meteo_previous_runs,72,2026-01-19T23:00:00+00:00,2025-12-31T18:00:00+00:00,504.0,2025-11-30T19:00:00+00:00,2025-12-31T19:00:00+00:00,0
2026-01-21T19:00:00+00:00,2026-01-22T12:00:00+00:00,turbine_1,18,0.1924374754170821,0.4716666666666667,-0.27922919124958456,0.01,6.77,-6.8,0.0,0.7032043646183606,True,open_meteo_previous_runs,72,2026-01-20T00:00:00+00:00,2025-12-31T18:00:00+00:00,504.0,2025-11-30T19:00:00+00:00,2025-12-31T19:00:00+00:00,0
2026-01-21T19:00:00+00:00,2026-01-22T13:00:00+00:00,turbine_1,19,0.27209811477656093,0.4516666666666666,-0.17956855189010568,0.01,8.82,-7.6,0.0,0.7828650039778393,True,open_meteo_previous_runs,72,2026-01-20T01:00:00+00:00,2025-12-31T18:00:00+00:00,504.0,2025-11-30T19:00:00+00:00,2025-12-31T19:00:00+00:00,0
2026-01-21T19:00:00+00:00,2026-01-22T14:00:00+00:00,turbine_1,20,0.3720165286026723,0.7066666666666667,-0.33465013806399435,0.01,9.63,-7.2,0.0,0.8827834178039508,True,open_meteo_previous_runs,72,2026-01-20T02:00:00+00:00,2025-12-31T18:00:00+00:00,504.0,2025-11-30T19:00:00+00:00,2025-12-31T19:00:00+00:00,0
2026-01-21T19:00:00+00:00,2026-01-22T15:00:00+00:00,turbine_1,21,0.36567319563892947,0.7583333333333333,-0.39266013769440383,0.01,9.27,-7.7,0.0,0.8764400848402079,True,open_meteo_previous_runs,72,2026-01-20T03:00:00+00:00,2025-12-31T18:00:00+00:00,504.0,2025-11-30T19:00:00+00:00,2025-12-31T19:00:00+00:00,0
2026-01-21T19:00:00+00:00,2026-01-22T16:00:00+00:00,turbine_1,22,0.6753837051136085,0.6983333333333333,-0.022949628219724794,0.01,10.96,-7.7,0.16461681591233002,1.0,True,open_meteo_previous_runs,72,2026-01-20T04:00:00+00:00,2025-12-31T18:00:00+00:00,504.0,2025-11-30T19:00:00+00:00,2025-12-31T19:00:00+00:00,0
2026-01-21T19:00:00+00:00,2026-01-22T17:00:00+00:00,turbine_1,23,0.7157928958145278,0.97,-0.2542071041854722,0.01,11.72,-8.0,0.20502600661324932,1.0,True,open_meteo_previous_runs,72,2026-01-20T05:00:00+00:00,2025-12-31T18:00:00+00:00,504.0,2025-11-30T19:00:00+00:00,2025-12-31T19:00:00+00:00,0
2026-01-21T19:00:00+00:00,2026-01-22T18:00:00+00:00,turbine_1,24,0.7443319842727912,0.9883333333333332,-0.24400134906054194,0.01,11.99,-6.4,0.2335650950715128,1.0,True,open_meteo_previous_runs,72,2026-01-20T06:00:00+00:00,2025-12-31T18:00:00+00:00,504.0,2025-11-30T19:00:00+00:00,2025-12-31T19:00:00+00:00,0
2026-01-21T19:00:00+00:00,2026-01-22T19:00:00+00:00,turbine_1,25,0.7638373662345527,0.99,-0.22616263376544732,0.01,12.52,-7.9,0.28232217263314296,1.0,True,open_meteo_previous_runs,72,2026-01-20T07:00:00+00:00,2025-12-31T18:00:00+00:00,504.0,2025-11-30T19:00:00+00:00,2025-12-31T19:00:00+00:00,0
2026-01-21T19:00:00+00:00,2026-01-22T20:00:00+00:00,turbine_1,26,0.7103288757550631,0.99,-0.2796711242449369,0.01,11.73,-8.4,0.22881368215365339,1.0,True,open_meteo_previous_runs,72,2026-01-20T08:00:00+00:00,2025-12-31T18:00:00+00:00,504.0,2025-11-30T19:00:00+00:00,2025-12-31T19:00:00+00:00,0
2026-01-21T19:00:00+00:00,2026-01-22T21:00:00+00:00,turbine_1,27,0.6667037344301594,0.985,-0.3182962655698406,0.01,10.85,-7.2,0.1851885408287497,1.0,True,open_meteo_previous_runs,72,2026-01-20T09:00:00+00:00,2025-12-31T18:00:00+00:00,504.0,2025-11-30T19:00:00+00:00,2025-12-31T19:00:00+00:00,0
2026-01-21T19:00:00+00:00,2026-01-22T22:00:00+00:00,turbine_1,28,0.4059393259855433,0.8333333333333334,-0.4273940073477901,0.01,10.38,-6.7,0.0,0.887454519586953,True,open_meteo_previous_runs,72,2026-01-20T10:00:00+00:00,2025-12-31T18:00:00+00:00,504.0,2025-11-30T19:00:00+00:00,2025-12-31T19:00:00+00:00,0
2026-01-21T19:00:00+00:00,2026-01-22T23:00:00+00:00,turbine_1,29,0.31015198311438935,0.4566666666666667,-0.14651468355227737,0.01,9.82,-5.4,0.0,0.791667176715799,True,open_meteo_previous_runs,72,2026-01-20T11:00:00+00:00,2025-12-31T18:00:00+00:00,504.0,2025-11-30T19:00:00+00:00,2025-12-31T19:00:00+00:00,0
2026-01-21T19:00:00+00:00,2026-01-23T00:00:00+00:00,turbine_1,30,0.24253907657087717,0.4233333333333333,-0.1807942567624561,0.01,7.52,-5.5,0.0,0.7240542701722869,True,open_meteo_previous_runs,72,2026-01-20T12:00:00+00:00,2025-12-31T18:00:00+00:00,504.0,2025-11-30T19:00:00+00:00,2025-12-31T19:00:00+00:00,0
2026-01-21T19:00:00+00:00,2026-01-23T01:00:00+00:00,turbine_1,31,0.1965957631360875,0.4566666666666667,-0.2600709035305792,0.01,4.27,-4.9,0.0,0.6781109567374972,True,open_meteo_previous_runs,72,2026-01-20T13:00:00+00:00,2025-12-31T18:00:00+00:00,504.0,2025-11-30T19:00:00+00:00,2025-12-31T19:00:00+00:00,0
2026-01-21T19:00:00+00:00,2026-01-23T02:00:00+00:00,turbine_1,32,0.15495856489486046,0.3,-0.14504143510513953,0.01,0.72,-4.6,0.0,0.6364737584962702,True,open_meteo_previous_runs,72,2026-01-20T14:00:00+00:00,2025-12-31T18:00:00+00:00,504.0,2025-11-30T19:00:00+00:00,2025-12-31T19:00:00+00:00,0
2026-01-21T19:00:00+00:00,2026-01-23T03:00:00+00:00,turbine_1,33,0.17572682665932204,0.7200000000000001,-0.544273173340678,0.01,3.75,-4.5,0.0,0.6572420202607318,True,open_meteo_previous_runs,72,2026-01-20T15:00:00+00:00,2025-12-31T18:00:00+00:00,504.0,2025-11-30T19:00:00+00:00,2025-12-31T19:00:00+00:00,0
2026-01-21T19:00:00+00:00,2026-01-23T04:00:00+00:00,turbine_1,34,0.16328553124970635,0.8333333333333334,-0.670047802083627,0.01,3.86,-5.3,0.0,0.6448007248511161,True,open_meteo_previous_runs,72,2026-01-20T16:00:00+00:00,2025-12-31T18:00:00+00:00,504.0,2025-11-30T19:00:00+00:00,2025-12-31T19:00:00+00:00,0
2026-01-21T19:00:00+00:00,2026-01-23T05:00:00+00:00,turbine_1,35,0.15326813469710013,0.905,-0.7517318653028999,0.01,4.88,-5.4,0.0,0.6347833282985098,True,open_meteo_previous_runs,72,2026-01-20T17:00:00+00:00,2025-12-31T18:00:00+00:00,504.0,2025-11-30T19:00:00+00:00,2025-12-31T19:00:00+00:00,0
2026-01-21T19:00:00+00:00,2026-01-23T06:00:00+00:00,turbine_1,36,0.16346072849528115,0.5033333333333333,-0.33987260483805215,0.01,4.87,-5.3,0.0,0.6449759220966909,True,open_meteo_previous_runs,72,2026-01-20T18:00:00+00:00,2025-12-31T18:00:00+00:00,504.0,2025-11-30T19:00:00+00:00,2025-12-31T19:00:00+00:00,0
2026-01-21T19:00:00+00:00,2026-01-23T07:00:00+00:00,turbine_1,37,0.14964574003145822,0.2333333333333333,-0.08368759330187509,0.01,4.03,-4.8,0.0,0.631160933632868,True,open_meteo_previous_runs,72,2026-01-20T19:00:00+00:00,2025-12-31T18:00:00+00:00,504.0,2025-11-30T19:00:00+00:00,2025-12-31T19:00:00+00:00,0
2026-01-21T19:00:00+00:00,2026-01-23T08:00:00+00:00,turbine_1,38,0.15598250830057378,0.125,0.03098250830057378,0.01,3.93,-4.3,0.0,0.6374977019019835,True,open_meteo_previous_runs,72,2026-01-20T20:00:00+00:00,2025-12-31T18:00:00+00:00,504.0,2025-11-30T19:00:00+00:00,2025-12-31T19:00:00+00:00,0
2026-01-21T19:00:00+00:00,2026-01-23T09:00:00+00:00,turbine_1,39,0.13334017427609643,0.1716666666666666,-0.03832649239057018,0.01,3.28,-3.6,0.0,0.6148553678775062,True,open_meteo_previous_runs,72,2026-01-20T21:00:00+00:00,2025-12-31T18:00:00+00:00,504.0,2025-11-30T19:00:00+00:00,2025-12-31T19:00:00+00:00,0
2026-01-21T19:00:00+00:00,2026-01-23T10:00:00+00:00,turbine_1,40,0.1442988662069096,0.3016666666666667,-0.1573678004597571,0.01,3.31,-3.6,0.0,0.6258140598083193,True,open_meteo_previous_runs,72,2026-01-20T22:00:00+00:00,2025-12-31T18:00:00+00:00,504.0,2025-11-30T19:00:00+00:00,2025-12-31T19:00:00+00:00,0
2026-01-21T19:00:00+00:00,2026-01-23T11:00:00+00:00,turbine_1,41,0.15749633985415754,0.65,-0.49250366014584246,0.01,3.45,-4.8,0.0,0.6390115334555673,True,open_meteo_previous_runs,72,2026-01-20T23:00:00+00:00,2025-12-31T18:00:00+00:00,504.0,2025-11-30T19:00:00+00:00,2025-12-31T19:00:00+00:00,0
2026-01-21T19:00:00+00:00,2026-01-23T12:00:00+00:00,turbine_1,42,0.21853738081873433,0.5233333333333333,-0.304795952514599,0.01,3.38,-5.7,0.0,0.700052574420144,True,open_meteo_previous_runs,72,2026-01-21T00:00:00+00:00,2025-12-31T18:00:00+00:00,504.0,2025-11-30T19:00:00+00:00,2025-12-31T19:00:00+00:00,0
2026-01-21T19:00:00+00:00,2026-01-23T13:00:00+00:00,turbine_1,43,0.23373990327792435,0.3633333333333333,-0.12959343005540894,0.01,3.2,-6.2,0.0,0.7152550968793341,True,open_meteo_previous_runs,72,2026-01-21T01:00:00+00:00,2025-12-31T18:00:00+00:00,504.0,2025-11-30T19:00:00+00:00,2025-12-31T19:00:00+00:00,0
2026-01-21T19:00:00+00:00,2026-01-23T14:00:00+00:00,turbine_1,44,0.24567755511738423,0.1516666666666666,0.09401088845071764,0.01,3.01,-5.5,0.0,0.7271927487187939,True,open_meteo_previous_runs,72,2026-01-21T02:00:00+00:00,2025-12-31T18:00:00+00:00,504.0,2025-11-30T19:00:00+00:00,2025-12-31T19:00:00+00:00,0
2026-01-21T19:00:00+00:00,2026-01-23T15:00:00+00:00,turbine_1,45,0.19095213569924716,0.0733333333333333,0.11761880236591385,0.01,2.64,-5.0,0.0,0.6724673293006569,True,open_meteo_previous_runs,72,2026-01-21T03:00:00+00:00,2025-12-31T18:00:00+00:00,504.0,2025-11-30T19:00:00+00:00,2025-12-31T19:00:00+00:00,0
2026-01-21T19:00:00+00:00,2026-01-23T16:00:00+00:00,turbine_1,46,0.2393619335709445,0.0233333333333333,0.21602860023761122,0.01,2.42,-5.5,0.0,0.7208771271723542,True,open_meteo_previous_runs,72,2026-01-21T04:00:00+00:00,2025-12-31T18:00:00+00:00,504.0,2025-11-30T19:00:00+00:00,2025-12-31T19:00:00+00:00,0
2026-01-21T19:00:00+00:00,2026-01-23T17:00:00+00:00,turbine_1,47,0.24601619343187905,0.0383333333333333,0.20768286009854575,0.01,1.57,-5.6,0.0,0.7275313870332888,True,open_meteo_previous_runs,72,2026-01-21T05:00:00+00:00,2025-12-31T18:00:00+00:00,504.0,2025-11-30T19:00:00+00:00,2025-12-31T19:00:00+00:00,0
2026-01-21T19:00:00+00:00,2026-01-23T18:00:00+00:00,turbine_1,48,0.1778396462860342,0.01,0.16783964628603418,0.01,1.82,-5.1,0.0,0.6593548398874439,True,open_meteo_previous_runs,72,2026-01-21T06:00:00+00:00,2025-12-31T18:00:00+00:00,504.0,2025-11-30T19:00:00+00:00,2025-12-31T19:00:00+00:00,0
2026-01-22T19:00:00+00:00,2026-01-22T19:00:00+00:00,turbine_1,1,0.7600697361708988,0.99,-0.2299302638291012,0.01,12.52,-7.9,0.24930284696962035,1.0,True,open_meteo_previous_runs,72,2026-01-20T07:00:00+00:00,2025-12-31T18:00:00+00:00,528.0,2025-11-30T19:00:00+00:00,2025-12-31T19:00:00+00:00,0
2026-01-22T19:00:00+00:00,2026-01-22T20:00:00+00:00,turbine_1,2,0.7065612456914092,0.99,-0.2834387543085908,0.01,11.73,-8.4,0.19579435649013077,1.0,True,open_meteo_previous_runs,72,2026-01-20T08:00:00+00:00,2025-12-31T18:00:00+00:00,528.0,2025-11-30T19:00:00+00:00,2025-12-31T19:00:00+00:00,0
2026-01-22T19:00:00+00:00,2026-01-22T21:00:00+00:00,turbine_1,3,0.6629361043665055,0.985,-0.32206389563349447,0.01,10.85,-7.2,0.15216921516522708,1.0,True,open_meteo_previous_runs,72,2026-01-20T09:00:00+00:00,2025-12-31T18:00:00+00:00,528.0,2025-11-30T19:00:00+00:00,2025-12-31T19:00:00+00:00,0
2026-01-22T19:00:00+00:00,2026-01-22T22:00:00+00:00,turbine_1,4,0.4021716959218893,0.8333333333333334,-0.4311616374114441,0.01,10.38,-6.7,0.0,0.9129385851231677,True,open_meteo_previous_runs,72,2026-01-20T10:00:00+00:00,2025-12-31T18:00:00+00:00,528.0,2025-11-30T19:00:00+00:00,2025-12-31T19:00:00+00:00,0
2026-01-22T19:00:00+00:00,2026-01-22T23:00:00+00:00,turbine_1,5,0.3072137912865399,0.4566666666666667,-0.1494528753801268,0.01,9.82,-5.4,0.0,0.8179806804878184,True,open_meteo_previous_runs,72,2026-01-20T11:00:00+00:00,2025-12-31T18:00:00+00:00,528.0,2025-11-30T19:00:00+00:00,2025-12-31T19:00:00+00:00,0
2026-01-22T19:00:00+00:00,2026-01-23T00:00:00+00:00,turbine_1,6,0.24253907657087717,0.4233333333333333,-0.1807942567624561,0.01,7.52,-5.5,0.0,0.7533059657721556,True,open_meteo_previous_runs,72,2026-01-20T12:00:00+00:00,2025-12-31T18:00:00+00:00,528.0,2025-11-30T19:00:00+00:00,2025-12-31T19:00:00+00:00,0
2026-01-22T19:00:00+00:00,2026-01-23T01:00:00+00:00,turbine_1,7,0.1965957631360875,0.4566666666666667,-0.2600709035305792,0.01,4.27,-4.9,0.0,0.707362652337366,True,open_meteo_previous_runs,72,2026-01-20T13:00:00+00:00,2025-12-31T18:00:00+00:00,528.0,2025-11-30T19:00:00+00:00,2025-12-31T19:00:00+00:00,0
2026-01-22T19:00:00+00:00,2026-01-23T02:00:00+00:00,turbine_1,8,0.15495856489486046,0.3,-0.14504143510513953,0.01,0.72,-4.6,0.0,0.6657254540961389,True,open_meteo_previous_runs,72,2026-01-20T14:00:00+00:00,2025-12-31T18:00:00+00:00,528.0,2025-11-30T19:00:00+00:00,2025-12-31T19:00:00+00:00,0
2026-01-22T19:00:00+00:00,2026-01-23T03:00:00+00:00,turbine_1,9,0.17572682665932204,0.7200000000000001,-0.544273173340678,0.01,3.75,-4.5,0.0,0.6864937158606005,True,open_meteo_previous_runs,72,2026-01-20T15:00:00+00:00,2025-12-31T18:00:00+00:00,528.0,2025-11-30T19:00:00+00:00,2025-12-31T19:00:00+00:00,0
2026-01-22T19:00:00+00:00,2026-01-23T04:00:00+00:00,turbine_1,10,0.16328553124970635,0.8333333333333334,-0.670047802083627,0.01,3.86,-5.3,0.0,0.6740524204509848,True,open_meteo_previous_runs,72,2026-01-20T16:00:00+00:00,2025-12-31T18:00:00+00:00,528.0,2025-11-30T19:00:00+00:00,2025-12-31T19:00:00+00:00,0
2026-01-22T19:00:00+00:00,2026-01-23T05:00:00+00:00,turbine_1,11,0.15326813469710013,0.905,-0.7517318653028999,0.01,4.88,-5.4,0.0,0.6640350238983785,True,open_meteo_previous_runs,72,2026-01-20T17:00:00+00:00,2025-12-31T18:00:00+00:00,528.0,2025-11-30T19:00:00+00:00,2025-12-31T19:00:00+00:00,0
2026-01-22T19:00:00+00:00,2026-01-23T06:00:00+00:00,turbine_1,12,0.16346072849528115,0.5033333333333333,-0.33987260483805215,0.01,4.87,-5.3,0.0,0.6742276176965596,True,open_meteo_previous_runs,72,2026-01-20T18:00:00+00:00,2025-12-31T18:00:00+00:00,528.0,2025-11-30T19:00:00+00:00,2025-12-31T19:00:00+00:00,0
2026-01-22T19:00:00+00:00,2026-01-23T07:00:00+00:00,turbine_1,13,0.14964574003145822,0.2333333333333333,-0.08368759330187509,0.01,4.03,-4.8,0.0,0.6604126292327367,True,open_meteo_previous_runs,72,2026-01-20T19:00:00+00:00,2025-12-31T18:00:00+00:00,528.0,2025-11-30T19:00:00+00:00,2025-12-31T19:00:00+00:00,0
2026-01-22T19:00:00+00:00,2026-01-23T08:00:00+00:00,turbine_1,14,0.15598250830057378,0.125,0.03098250830057378,0.01,3.93,-4.3,0.0,0.6667493975018522,True,open_meteo_previous_runs,72,2026-01-20T20:00:00+00:00,2025-12-31T18:00:00+00:00,528.0,2025-11-30T19:00:00+00:00,2025-12-31T19:00:00+00:00,0
2026-01-22T19:00:00+00:00,2026-01-23T09:00:00+00:00,turbine_1,15,0.13334017427609643,0.1716666666666666,-0.03832649239057018,0.01,3.28,-3.6,0.0,0.6441070634773749,True,open_meteo_previous_runs,72,2026-01-20T21:00:00+00:00,2025-12-31T18:00:00+00:00,528.0,2025-11-30T19:00:00+00:00,2025-12-31T19:00:00+00:00,0
2026-01-22T19:00:00+00:00,2026-01-23T10:00:00+00:00,turbine_1,16,0.1442988662069096,0.3016666666666667,-0.1573678004597571,0.01,3.31,-3.6,0.0,0.655065755408188,True,open_meteo_previous_runs,72,2026-01-20T22:00:00+00:00,2025-12-31T18:00:00+00:00,528.0,2025-11-30T19:00:00+00:00,2025-12-31T19:00:00+00:00,0
2026-01-22T19:00:00+00:00,2026-01-23T11:00:00+00:00,turbine_1,17,0.15749633985415754,0.65,-0.49250366014584246,0.01,3.45,-4.8,0.0,0.668263229055436,True,open_meteo_previous_runs,72,2026-01-20T23:00:00+00:00,2025-12-31T18:00:00+00:00,528.0,2025-11-30T19:00:00+00:00,2025-12-31T19:00:00+00:00,0
2026-01-22T19:00:00+00:00,2026-01-23T12:00:00+00:00,turbine_1,18,0.21853738081873433,0.5233333333333333,-0.304795952514599,0.01,3.38,-5.7,0.0,0.7293042700200127,True,open_meteo_previous_runs,72,2026-01-21T00:00:00+00:00,2025-12-31T18:00:00+00:00,528.0,2025-11-30T19:00:00+00:00,2025-12-31T19:00:00+00:00,0
2026-01-22T19:00:00+00:00,2026-01-23T13:00:00+00:00,turbine_1,19,0.23373990327792435,0.3633333333333333,-0.12959343005540894,0.01,3.2,-6.2,0.0,0.7445067924792028,True,open_meteo_previous_runs,72,2026-01-21T01:00:00+00:00,2025-12-31T18:00:00+00:00,528.0,2025-11-30T19:00:00+00:00,2025-12-31T19:00:00+00:00,0
2026-01-22T19:00:00+00:00,2026-01-23T14:00:00+00:00,turbine_1,20,0.24567755511738423,0.1516666666666666,0.09401088845071764,0.01,3.01,-5.5,0.0,0.7564444443186626,True,open_meteo_previous_runs,72,2026-01-21T02:00:00+00:00,2025-12-31T18:00:00+00:00,528.0,2025-11-30T19:00:00+00:00,2025-12-31T19:00:00+00:00,0
2026-01-22T19:00:00+00:00,2026-01-23T15:00:00+00:00,turbine_1,21,0.19095213569924716,0.0733333333333333,0.11761880236591385,0.01,2.64,-5.0,0.0,0.7017190249005256,True,open_meteo_previous_runs,72,2026-01-21T03:00:00+00:00,2025-12-31T18:00:00+00:00,528.0,2025-11-30T19:00:00+00:00,2025-12-31T19:00:00+00:00,0
2026-01-22T19:00:00+00:00,2026-01-23T16:00:00+00:00,turbine_1,22,0.2393619335709445,0.0233333333333333,0.21602860023761122,0.01,2.42,-5.5,0.0,0.7501288227722229,True,open_meteo_previous_runs,72,2026-01-21T04:00:00+00:00,2025-12-31T18:00:00+00:00,528.0,2025-11-30T19:00:00+00:00,2025-12-31T19:00:00+00:00,0
2026-01-22T19:00:00+00:00,2026-01-23T17:00:00+00:00,turbine_1,23,0.24601619343187905,0.0383333333333333,0.20768286009854575,0.01,1.57,-5.6,0.0,0.7567830826331575,True,open_meteo_previous_runs,72,2026-01-21T05:00:00+00:00,2025-12-31T18:00:00+00:00,528.0,2025-11-30T19:00:00+00:00,2025-12-31T19:00:00+00:00,0
2026-01-22T19:00:00+00:00,2026-01-23T18:00:00+00:00,turbine_1,24,0.1778396462860342,0.01,0.16783964628603418,0.01,1.82,-5.1,0.0,0.6886065354873127,True,open_meteo_previous_runs,72,2026-01-21T06:00:00+00:00,2025-12-31T18:00:00+00:00,528.0,2025-11-30T19:00:00+00:00,2025-12-31T19:00:00+00:00,0
2026-01-22T19:00:00+00:00,2026-01-23T19:00:00+00:00,turbine_1,25,0.16809162723302573,0.01,0.15809162723302572,0.01,1.75,-5.2,0.0,0.6496068208344354,True,open_meteo_previous_runs,72,2026-01-21T07:00:00+00:00,2025-12-31T18:00:00+00:00,528.0,2025-11-30T19:00:00+00:00,2025-12-31T19:00:00+00:00,0
2026-01-22T19:00:00+00:00,2026-01-23T20:00:00+00:00,turbine_1,26,0.18624027900223192,0.01,0.1762402790022319,0.01,2.65,-6.1,0.0,0.6677554726036417,True,open_meteo_previous_runs,72,2026-01-21T08:00:00+00:00,2025-12-31T18:00:00+00:00,528.0,2025-11-30T19:00:00+00:00,2025-12-31T19:00:00+00:00,0
2026-01-22T19:00:00+00:00,2026-01-23T21:00:00+00:00,turbine_1,27,0.22315608846500193,0.01,0.21315608846500192,0.01,4.75,-8.6,0.0,0.7046712820664116,True,open_meteo_previous_runs,72,2026-01-21T09:00:00+00:00,2025-12-31T18:00:00+00:00,528.0,2025-11-30T19:00:00+00:00,2025-12-31T19:00:00+00:00,0
2026-01-22T19:00:00+00:00,2026-01-23T22:00:00+00:00,turbine_1,28,0.21588013588285773,0.01,0.20588013588285772,0.01,6.32,-9.3,0.0,0.6973953294842674,True,open_meteo_previous_runs,72,2026-01-21T10:00:00+00:00,2025-12-31T18:00:00+00:00,528.0,2025-11-30T19:00:00+00:00,2025-12-31T19:00:00+00:00,0
2026-01-22T19:00:00+00:00,2026-01-23T23:00:00+00:00,turbine_1,29,0.20989444040224078,0.01,0.19989444040224078,0.01,7.61,-9.8,0.0,0.6914096340036505,True,open_meteo_previous_runs,72,2026-01-21T11:00:00+00:00,2025-12-31T18:00:00+00:00,528.0,2025-11-30T19:00:00+00:00,2025-12-31T19:00:00+00:00,0
2026-01-22T19:00:00+00:00,2026-01-24T00:00:00+00:00,turbine_1,30,0.22840039770639337,0.01,0.21840039770639336,0.01,8.51,-9.5,0.0,0.709915591307803,True,open_meteo_previous_runs,72,2026-01-21T12:00:00+00:00,2025-12-31T18:00:00+00:00,528.0,2025-11-30T19:00:00+00:00,2025-12-31T19:00:00+00:00,0
2026-01-22T19:00:00+00:00,2026-01-24T01:00:00+00:00,turbine_1,31,0.31589910583423,0.0333333333333333,0.28256577250089665,0.01,9.19,-9.9,0.0,0.7974142994356397,True,open_meteo_previous_runs,72,2026-01-21T13:00:00+00:00,2025-12-31T18:00:00+00:00,528.0,2025-11-30T19:00:00+00:00,2025-12-31T19:00:00+00:00,0
2026-01-22T19:00:00+00:00,2026-01-24T02:00:00+00:00,turbine_1,32,0.5776185368346639,0.1083333333333333,0.46928520350133063,0.01,10.65,-9.8,0.0961033432332542,1.0,True,open_meteo_previous_runs,72,2026-01-21T14:00:00+00:00,2025-12-31T18:00:00+00:00,528.0,2025-11-30T19:00:00+00:00,2025-12-31T19:00:00+00:00,0
2026-01-22T19:00:00+00:00,2026-01-24T03:00:00+00:00,turbine_1,33,0.5776185368346639,0.71,-0.13238146316533606,0.01,10.62,-9.2,0.0961033432332542,1.0,True,open_meteo_previous_runs,72,2026-01-21T15:00:00+00:00,2025-12-31T18:00:00+00:00,528.0,2025-11-30T19:00:00+00:00,2025-12-31T19:00:00+00:00,0
2026-01-22T19:00:00+00:00,2026-01-24T04:00:00+00:00,turbine_1,34,0.5930731667015662,0.9716666666666668,-0.3785934999651006,0.01,11.5,-7.0,0.11155797310015647,1.0,True,open_meteo_previous_runs,72,2026-01-21T16:00:00+00:00,2025-12-31T18:00:00+00:00,528.0,2025-11-30T19:00:00+00:00,2025-12-31T19:00:00+00:00,0
2026-01-22T19:00:00+00:00,2026-01-24T05:00:00+00:00,turbine_1,35,0.736894576472946,0.99,-0.253105423527054,0.01,13.86,-4.9,0.2553793828715363,1.0,True,open_meteo_previous_runs,72,2026-01-21T17:00:00+00:00,2025-12-31T18:00:00+00:00,528.0,2025-11-30T19:00:00+00:00,2025-12-31T19:00:00+00:00,0
2026-01-22T19:00:00+00:00,2026-01-24T06:00:00+00:00,turbine_1,36,0.8176855929588733,0.99,-0.17231440704112666,0.01,14.55,-3.4,0.3361703993574636,1.0,True,open_meteo_previous_runs,72,2026-01-21T18:00:00+00:00,2025-12-31T18:00:00+00:00,528.0,2025-11-30T19:00:00+00:00,2025-12-31T19:00:00+00:00,0
2026-01-22T19:00:00+00:00,2026-01-24T07:00:00+00:00,turbine_1,37,0.7398175767810999,0.8533333333333334,-0.11351575655223345,0.01,14.25,-2.6,0.25830238317969023,1.0,True,open_meteo_previous_runs,72,2026-01-21T19:00:00+00:00,2025-12-31T18:00:00+00:00,528.0,2025-11-30T19:00:00+00:00,2025-12-31T19:00:00+00:00,0
2026-01-22T19:00:00+00:00,2026-01-24T08:00:00+00:00,turbine_1,38,0.7591929533166184,0.99,-0.2308070466833816,0.01,14.19,-2.2,0.2776777597152087,1.0,True,open_meteo_previous_runs,72,2026-01-21T20:00:00+00:00,2025-12-31T18:00:00+00:00,528.0,2025-11-30T19:00:00+00:00,2025-12-31T19:00:00+00:00,0
2026-01-22T19:00:00+00:00,2026-01-24T09:00:00+00:00,turbine_1,39,0.7591929533166184,0.99,-0.2308070466833816,0.01,14.02,-2.1,0.2776777597152087,1.0,True,open_meteo_previous_runs,72,2026-01-21T21:00:00+00:00,2025-12-31T18:00:00+00:00,528.0,2025-11-30T19:00:00+00:00,2025-12-31T19:00:00+00:00,0
2026-01-22T19:00:00+00:00,2026-01-24T10:00:00+00:00,turbine_1,40,0.7879916023203067,0.9866666666666668,-0.19867506434636006,0.01,13.45,-2.7,0.30647640871889703,1.0,True,open_meteo_previous_runs,72,2026-01-21T22:00:00+00:00,2025-12-31T18:00:00+00:00,528.0,2025-11-30T19:00:00+00:00,2025-12-31T19:00:00+00:00,0
2026-01-22T19:00:00+00:00,2026-01-24T11:00:00+00:00,turbine_1,41,0.758077873558647,0.9883333333333332,-0.2302554597746862,0.01,13.0,-4.4,0.27656267995723727,1.0,True,open_meteo_previous_runs,72,2026-01-21T23:00:00+00:00,2025-12-31T18:00:00+00:00,528.0,2025-11-30T19:00:00+00:00,2025-12-31T19:00:00+00:00,0
2026-01-22T19:00:00+00:00,2026-01-24T12:00:00+00:00,turbine_1,42,0.7081802268231131,0.99,-0.2818197731768869,0.01,11.2,-6.8,0.2266650332217034,1.0,True,open_meteo_previous_runs,72,2026-01-22T00:00:00+00:00,2025-12-31T18:00:00+00:00,528.0,2025-11-30T19:00:00+00:00,2025-12-31T19:00:00+00:00,0
2026-01-22T19:00:00+00:00,2026-01-24T13:00:00+00:00,turbine_1,43,0.44296074772413147,0.99,-0.5470392522758685,0.01,10.25,-8.3,0.0,0.9244759413255412,True,open_meteo_previous_runs,72,2026-01-22T01:00:00+00:00,2025-12-31T18:00:00+00:00,528.0,2025-11-30T19:00:00+00:00,2025-12-31T19:00:00+00:00,0
2026-01-22T19:00:00+00:00,2026-01-24T14:00:00+00:00,turbine_1,44,0.4487170312906341,0.9483333333333333,-0.49961630204269913,0.01,10.06,-8.3,0.0,0.9302322248920438,True,open_meteo_previous_runs,72,2026-01-22T02:00:00+00:00,2025-12-31T18:00:00+00:00,528.0,2025-11-30T19:00:00+00:00,2025-12-31T19:00:00+00:00,0
2026-01-22T19:00:00+00:00,2026-01-24T15:00:00+00:00,turbine_1,45,0.6478838699778292,0.97,-0.32211613002217077,0.01,10.64,-8.1,0.1663686763764195,1.0,True,open_meteo_previous_runs,72,2026-01-22T03:00:00+00:00,2025-12-31T18:00:00+00:00,528.0,2025-11-30T19:00:00+00:00,2025-12-31T19:00:00+00:00,0
2026-01-22T19:00:00+00:00,2026-01-24T16:00:00+00:00,turbine_1,46,0.671914282945137,0.99,-0.318085717054863,0.01,10.73,-8.0,0.1903990893437273,1.0,True,open_meteo_previous_runs,72,2026-01-22T04:00:00+00:00,2025-12-31T18:00:00+00:00,528.0,2025-11-30T19:00:00+00:00,2025-12-31T19:00:00+00:00,0
2026-01-22T19:00:00+00:00,2026-01-24T17:00:00+00:00,turbine_1,47,0.4135758022236045,0.96,-0.5464241977763955,0.01,10.33,-7.5,0.0,0.8950909958250142,True,open_meteo_previous_runs,72,2026-01-22T05:00:00+00:00,2025-12-31T18:00:00+00:00,528.0,2025-11-30T19:00:00+00:00,2025-12-31T19:00:00+00:00,0
2026-01-22T19:00:00+00:00,2026-01-24T18:00:00+00:00,turbine_1,48,0.6127426409107997,0.9716666666666668,-0.3589240257558671,0.01,10.64,-7.7,0.13122744730938996,1.0,True,open_meteo_previous_runs,72,2026-01-22T06:00:00+00:00,2025-12-31T18:00:00+00:00,528.0,2025-11-30T19:00:00+00:00,2025-12-31T19:00:00+00:00,0
2026-01-23T19:00:00+00:00,2026-01-23T19:00:00+00:00,turbine_1,1,0.1680642637612224,0.01,0.1580642637612224,0.01,1.75,-5.2,0.0,0.6788311529625009,True,open_meteo_previous_runs,72,2026-01-21T07:00:00+00:00,2025-12-31T18:00:00+00:00,552.0,2025-11-30T19:00:00+00:00,2025-12-31T19:00:00+00:00,0
2026-01-23T19:00:00+00:00,2026-01-23T20:00:00+00:00,turbine_1,2,0.1862129155304286,0.01,0.1762129155304286,0.01,2.65,-6.1,0.0,0.6969798047317071,True,open_meteo_previous_runs,72,2026-01-21T08:00:00+00:00,2025-12-31T18:00:00+00:00,552.0,2025-11-30T19:00:00+00:00,2025-12-31T19:00:00+00:00,0
2026-01-23T19:00:00+00:00,2026-01-23T21:00:00+00:00,turbine_1,3,0.22232665022919737,0.01,0.21232665022919736,0.01,4.75,-8.6,0.0,0.7330935394304758,True,open_meteo_previous_runs,72,2026-01-21T09:00:00+00:00,2025-12-31T18:00:00+00:00,552.0,2025-11-30T19:00:00+00:00,2025-12-31T19:00:00+00:00,0
2026-01-23T19:00:00+00:00,2026-01-23T22:00:00+00:00,turbine_1,4,0.21505069764705323,0.01,0.20505069764705322,0.01,6.32,-9.3,0.0,0.7258175868483316,True,open_meteo_previous_runs,72,2026-01-21T10:00:00+00:00,2025-12-31T18:00:00+00:00,552.0,2025-11-30T19:00:00+00:00,2025-12-31T19:00:00+00:00,0
2026-01-23T19:00:00+00:00,2026-01-23T23:00:00+00:00,turbine_1,5,0.20989444040224078,0.01,0.19989444040224078,0.01,7.61,-9.8,0.0,0.7206613296035193,True,open_meteo_previous_runs,72,2026-01-21T11:00:00+00:00,2025-12-31T18:00:00+00:00,552.0,2025-11-30T19:00:00+00:00,2025-12-31T19:00:00+00:00,0
2026-01-23T19:00:00+00:00,2026-01-24T00:00:00+00:00,turbine_1,6,0.22774468221880123,0.01,0.21774468221880122,0.01,8.51,-9.5,0.0,0.7385115714200796,True,open_meteo_previous_runs,72,2026-01-21T12:00:00+00:00,2025-12-31T18:00:00+00:00,552.0,2025-11-30T19:00:00+00:00,2025-12-31T19:00:00+00:00,0
2026-01-23T19:00:00+00:00,2026-01-24T01:00:00+00:00,turbine_1,7,0.31524339034663784,0.0333333333333333,0.2819100570133045,0.01,9.19,-9.9,0.0,0.8260102795479163,True,open_meteo_previous_runs,72,2026-01-21T13:00:00+00:00,2025-12-31T18:00:00+00:00,552.0,2025-11-30T19:00:00+00:00,2025-12-31T19:00:00+00:00,0
2026-01-23T19:00:00+00:00,2026-01-24T02:00:00+00:00,turbine_1,8,0.5746803450068145,0.1083333333333333,0.46634701167348125,0.01,10.65,-9.8,0.06391345580553609,1.0,True,open_meteo_previous_runs,72,2026-01-21T14:00:00+00:00,2025-12-31T18:00:00+00:00,552.0,2025-11-30T19:00:00+00:00,2025-12-31T19:00:00+00:00,0
2026-01-23T19:00:00+00:00,2026-01-24T03:00:00+00:00,turbine_1,9,0.5746803450068145,0.71,-0.13531965499318543,0.01,10.62,-9.2,0.06391345580553609,1.0,True,open_meteo_previous_runs,72,2026-01-21T15:00:00+00:00,2025-12-31T18:00:00+00:00,552.0,2025-11-30T19:00:00+00:00,2025-12-31T19:00:00+00:00,0
2026-01-23T19:00:00+00:00,2026-01-24T04:00:00+00:00,turbine_1,10,0.5930731667015662,0.9716666666666668,-0.3785934999651006,0.01,11.5,-7.0,0.08230627750028774,1.0,True,open_meteo_previous_runs,72,2026-01-21T16:00:00+00:00,2025-12-31T18:00:00+00:00,552.0,2025-11-30T19:00:00+00:00,2025-12-31T19:00:00+00:00,0
2026-01-23T19:00:00+00:00,2026-01-24T05:00:00+00:00,turbine_1,11,0.736894576472946,0.99,-0.253105423527054,0.01,13.86,-4.9,0.22612768727166754,1.0,True,open_meteo_previous_runs,72,2026-01-21T17:00:00+00:00,2025-12-31T18:00:00+00:00,552.0,2025-11-30T19:00:00+00:00,2025-12-31T19:00:00+00:00,0
2026-01-23T19:00:00+00:00,2026-01-24T06:00:00+00:00,turbine_1,12,0.8176855929588733,0.99,-0.17231440704112666,0.01,14.55,-3.4,0.3069187037575949,1.0,True,open_meteo_previous_runs,72,2026-01-21T18:00:00+00:00,2025-12-31T18:00:00+00:00,552.0,2025-11-30T19:00:00+00:00,2025-12-31T19:00:00+00:00,0
2026-01-23T19:00:00+00:00,2026-01-24T07:00:00+00:00,turbine_1,13,0.7398175767810999,0.8533333333333334,-0.11351575655223345,0.01,14.25,-2.6,0.2290506875798215,1.0,True,open_meteo_previous_runs,72,2026-01-21T19:00:00+00:00,2025-12-31T18:00:00+00:00,552.0,2025-11-30T19:00:00+00:00,2025-12-31T19:00:00+00:00,0
2026-01-23T19:00:00+00:00,2026-01-24T08:00:00+00:00,turbine_1,14,0.7591929533166184,0.99,-0.2308070466833816,0.01,14.19,-2.2,0.24842606411533996,1.0,True,open_meteo_previous_runs,72,2026-01-21T20:00:00+00:00,2025-12-31T18:00:00+00:00,552.0,2025-11-30T19:00:00+00:00,2025-12-31T19:00:00+00:00,0
2026-01-23T19:00:00+00:00,2026-01-24T09:00:00+00:00,turbine_1,15,0.7591929533166184,0.99,-0.2308070466833816,0.01,14.02,-2.1,0.24842606411533996,1.0,True,open_meteo_previous_runs,72,2026-01-21T21:00:00+00:00,2025-12-31T18:00:00+00:00,552.0,2025-11-30T19:00:00+00:00,2025-12-31T19:00:00+00:00,0
2026-01-23T19:00:00+00:00,2026-01-24T10:00:00+00:00,turbine_1,16,0.7879916023203067,0.9866666666666668,-0.19867506434636006,0.01,13.45,-2.7,0.2772247131190283,1.0,True,open_meteo_previous_runs,72,2026-01-21T22:00:00+00:00,2025-12-31T18:00:00+00:00,552.0,2025-11-30T19:00:00+00:00,2025-12-31T19:00:00+00:00,0
2026-01-23T19:00:00+00:00,2026-01-24T11:00:00+00:00,turbine_1,17,0.758077873558647,0.9883333333333332,-0.2302554597746862,0.01,13.0,-4.4,0.24731098435736854,1.0,True,open_meteo_previous_runs,72,2026-01-21T23:00:00+00:00,2025-12-31T18:00:00+00:00,552.0,2025-11-30T19:00:00+00:00,2025-12-31T19:00:00+00:00,0
2026-01-23T19:00:00+00:00,2026-01-24T12:00:00+00:00,turbine_1,18,0.7081802268231131,0.99,-0.2818197731768869,0.01,11.2,-6.8,0.19741333762183466,1.0,True,open_meteo_previous_runs,72,2026-01-22T00:00:00+00:00,2025-12-31T18:00:00+00:00,552.0,2025-11-30T19:00:00+00:00,2025-12-31T19:00:00+00:00,0
2026-01-23T19:00:00+00:00,2026-01-24T13:00:00+00:00,turbine_1,19,0.44296074772413147,0.99,-0.5470392522758685,0.01,10.25,-8.3,0.0,0.95372763692541,True,open_meteo_previous_runs,72,2026-01-22T01:00:00+00:00,2025-12-31T18:00:00+00:00,552.0,2025-11-30T19:00:00+00:00,2025-12-31T19:00:00+00:00,0
2026-01-23T19:00:00+00:00,2026-01-24T14:00:00+00:00,turbine_1,20,0.4487170312906341,0.9483333333333333,-0.49961630204269913,0.01,10.06,-8.3,0.0,0.9594839204919126,True,open_meteo_previous_runs,72,2026-01-22T02:00:00+00:00,2025-12-31T18:00:00+00:00,552.0,2025-11-30T19:00:00+00:00,2025-12-31T19:00:00+00:00,0
2026-01-23T19:00:00+00:00,2026-01-24T15:00:00+00:00,turbine_1,21,0.6478838699778292,0.97,-0.32211613002217077,0.01,10.64,-8.1,0.13711698077655077,1.0,True,open_meteo_previous_runs,72,2026-01-22T03:00:00+00:00,2025-12-31T18:00:00+00:00,552.0,2025-11-30T19:00:00+00:00,2025-12-31T19:00:00+00:00,0
2026-01-23T19:00:00+00:00,2026-01-24T16:00:00+00:00,turbine_1,22,0.671914282945137,0.99,-0.318085717054863,0.01,10.73,-8.0,0.16114739374385856,1.0,True,open_meteo_previous_runs,72,2026-01-22T04:00:00+00:00,2025-12-31T18:00:00+00:00,552.0,2025-11-30T19:00:00+00:00,2025-12-31T19:00:00+00:00,0
2026-01-23T19:00:00+00:00,2026-01-24T17:00:00+00:00,turbine_1,23,0.4135758022236045,0.96,-0.5464241977763955,0.01,10.33,-7.5,0.0,0.9243426914248829,True,open_meteo_previous_runs,72,2026-01-22T05:00:00+00:00,2025-12-31T18:00:00+00:00,552.0,2025-11-30T19:00:00+00:00,2025-12-31T19:00:00+00:00,0
2026-01-23T19:00:00+00:00,2026-01-24T18:00:00+00:00,turbine_1,24,0.6127426409107997,0.9716666666666668,-0.3589240257558671,0.01,10.64,-7.7,0.10197575170952122,1.0,True,open_meteo_previous_runs,72,2026-01-22T06:00:00+00:00,2025-12-31T18:00:00+00:00,552.0,2025-11-30T19:00:00+00:00,2025-12-31T19:00:00+00:00,0
2026-01-23T19:00:00+00:00,2026-01-24T19:00:00+00:00,turbine_1,25,0.5536493253876091,0.9766666666666666,-0.42301734127905743,0.01,10.69,-6.6,0.07213413178619943,1.0,True,open_meteo_previous_runs,72,2026-01-22T07:00:00+00:00,2025-12-31T18:00:00+00:00,552.0,2025-11-30T19:00:00+00:00,2025-12-31T19:00:00+00:00,0
2026-01-23T19:00:00+00:00,2026-01-24T20:00:00+00:00,turbine_1,26,0.5230202529965287,0.6383333333333333,-0.11531308033680465,0.01,10.57,-5.8,0.04150505939511895,1.0,True,open_meteo_previous_runs,72,2026-01-22T08:00:00+00:00,2025-12-31T18:00:00+00:00,552.0,2025-11-30T19:00:00+00:00,2025-12-31T19:00:00+00:00,0
2026-01-23T19:00:00+00:00,2026-01-24T21:00:00+00:00,turbine_1,27,0.33407611177928914,0.295,0.03907611177928916,0.01,10.26,-5.8,0.0,0.8155913053806989,True,open_meteo_previous_runs,72,2026-01-22T09:00:00+00:00,2025-12-31T18:00:00+00:00,552.0,2025-11-30T19:00:00+00:00,2025-12-31T19:00:00+00:00,0
2026-01-23T19:00:00+00:00,2026-01-24T22:00:00+00:00,turbine_1,28,0.33407611177928914,0.495,-0.16092388822071085,0.01,10.08,-6.3,0.0,0.8155913053806989,True,open_meteo_previous_runs,72,2026-01-22T10:00:00+00:00,2025-12-31T18:00:00+00:00,552.0,2025-11-30T19:00:00+00:00,2025-12-31T19:00:00+00:00,0
2026-01-23T19:00:00+00:00,2026-01-24T23:00:00+00:00,turbine_1,29,0.2928820251534696,0.5533333333333333,-0.2604513081798637,0.01,9.47,-7.3,0.0,0.7743972187548793,True,open_meteo_previous_runs,72,2026-01-22T11:00:00+00:00,2025-12-31T18:00:00+00:00,552.0,2025-11-30T19:00:00+00:00,2025-12-31T19:00:00+00:00,0
2026-01-23T19:00:00+00:00,2026-01-25T00:00:00+00:00,turbine_1,30,0.31373778810736347,0.1316666666666666,0.18207112144069687,0.01,9.75,-7.6,0.0,0.7952529817087732,True,open_meteo_previous_runs,72,2026-01-22T12:00:00+00:00,2025-12-31T18:00:00+00:00,552.0,2025-11-30T19:00:00+00:00,2025-12-31T19:00:00+00:00,0
2026-01-23T19:00:00+00:00,2026-01-25T01:00:00+00:00,turbine_1,31,0.2116288887723797,0.0233333333333333,0.1882955554390464,0.01,8.9,-7.7,0.0,0.6931440823737894,True,open_meteo_previous_runs,72,2026-01-22T13:00:00+00:00,2025-12-31T18:00:00+00:00,552.0,2025-11-30T19:00:00+00:00,2025-12-31T19:00:00+00:00,0
2026-01-23T19:00:00+00:00,2026-01-25T02:00:00+00:00,turbine_1,32,0.16134269987886493,0.3583333333333333,-0.19699063345446835,0.01,7.11,-6.5,0.0,0.6428578934802747,True,open_meteo_previous_runs,72,2026-01-22T14:00:00+00:00,2025-12-31T18:00:00+00:00,552.0,2025-11-30T19:00:00+00:00,2025-12-31T19:00:00+00:00,0
2026-01-23T19:00:00+00:00,2026-01-25T03:00:00+00:00,turbine_1,33,0.15278202006792646,0.3533333333333333,-0.20055131326540682,0.01,7.45,-6.3,0.0,0.6342972136693361,True,open_meteo_previous_runs,72,2026-01-22T15:00:00+00:00,2025-12-31T18:00:00+00:00,552.0,2025-11-30T19:00:00+00:00,2025-12-31T19:00:00+00:00,0
2026-01-23T19:00:00+00:00,2026-01-25T04:00:00+00:00,turbine_1,34,0.12808916204746507,0.1466666666666666,-0.018577504619201546,0.01,6.26,-4.2,0.0,0.6096043556488748,True,open_meteo_previous_runs,72,2026-01-22T16:00:00+00:00,2025-12-31T18:00:00+00:00,552.0,2025-11-30T19:00:00+00:00,2025-12-31T19:00:00+00:00,0
2026-01-23T19:00:00+00:00,2026-01-25T05:00:00+00:00,turbine_1,35,0.11891169054414731,0.0666666666666666,0.052245023877480715,0.01,5.78,-4.0,0.0,0.600426884145557,True,open_meteo_previous_runs,72,2026-01-22T17:00:00+00:00,2025-12-31T18:00:00+00:00,552.0,2025-11-30T19:00:00+00:00,2025-12-31T19:00:00+00:00,0
2026-01-23T19:00:00+00:00,2026-01-25T06:00:00+00:00,turbine_1,36,0.13023063131334042,0.0083333333333333,0.12189729798000712,0.01,8.05,-2.8,0.0,0.6117458249147502,True,open_meteo_previous_runs,72,2026-01-22T18:00:00+00:00,2025-12-31T18:00:00+00:00,552.0,2025-11-30T19:00:00+00:00,2025-12-31T19:00:00+00:00,0
2026-01-23T19:00:00+00:00,2026-01-25T07:00:00+00:00,turbine_1,37,0.1232533090126988,0.01,0.11325330901269881,0.01,7.47,-2.2,0.0,0.6047685026141085,True,open_meteo_previous_runs,72,2026-01-22T19:00:00+00:00,2025-12-31T18:00:00+00:00,552.0,2025-11-30T19:00:00+00:00,2025-12-31T19:00:00+00:00,0
2026-01-23T19:00:00+00:00,2026-01-25T08:00:00+00:00,turbine_1,38,0.15037914500495717,0.01,0.14037914500495716,0.01,5.32,-2.0,0.0,0.6318943386063669,True,open_meteo_previous_runs,72,2026-01-22T20:00:00+00:00,2025-12-31T18:00:00+00:00,552.0,2025-11-30T19:00:00+00:00,2025-12-31T19:00:00+00:00,0
2026-01-23T19:00:00+00:00,2026-01-25T09:00:00+00:00,turbine_1,39,0.15281360907312022,0.01,0.1428136090731202,0.01,5.75,-1.8,0.0,0.63432880267453,True,open_meteo_previous_runs,72,2026-01-22T21:00:00+00:00,2025-12-31T18:00:00+00:00,552.0,2025-11-30T19:00:00+00:00,2025-12-31T19:00:00+00:00,0
2026-01-23T19:00:00+00:00,2026-01-25T10:00:00+00:00,turbine_1,40,0.16133783693577036,0.01,0.15133783693577035,0.01,5.25,-1.8,0.0,0.64285303053718,True,open_meteo_previous_runs,72,2026-01-22T22:00:00+00:00,2025-12-31T18:00:00+00:00,552.0,2025-11-30T19:00:00+00:00,2025-12-31T19:00:00+00:00,0
2026-01-23T19:00:00+00:00,2026-01-25T11:00:00+00:00,turbine_1,41,0.17655068550555067,0.01,0.16655068550555066,0.01,5.6,-3.8,0.0,0.6580658791069603,True,open_meteo_previous_runs,72,2026-01-22T23:00:00+00:00,2025-12-31T18:00:00+00:00,552.0,2025-11-30T19:00:00+00:00,2025-12-31T19:00:00+00:00,0
2026-01-23T19:00:00+00:00,2026-01-25T12:00:00+00:00,turbine_1,42,0.1542540808061594,0.01,0.1442540808061594,0.01,3.01,-4.9,0.0,0.6357692744075691,True,open_meteo_previous_runs,72,2026-01-23T00:00:00+00:00,2025-12-31T18:00:00+00:00,552.0,2025-11-30T19:00:00+00:00,2025-12-31T19:00:00+00:00,0
2026-01-23T19:00:00+00:00,2026-01-25T13:00:00+00:00,turbine_1,43,0.1982741853100883,0.01,0.1882741853100883,0.01,3.35,-5.7,0.0,0.679789378911498,True,open_meteo_previous_runs,72,2026-01-23T01:00:00+00:00,2025-12-31T18:00:00+00:00,552.0,2025-11-30T19:00:00+00:00,2025-12-31T19:00:00+00:00,0
2026-01-23T19:00:00+00:00,2026-01-25T14:00:00+00:00,turbine_1,44,0.19206318538034198,0.0366666666666666,0.15539651871367538,0.01,3.64,-4.9,0.0,0.6735783789817517,True,open_meteo_previous_runs,72,2026-01-23T02:00:00+00:00,2025-12-31T18:00:00+00:00,552.0,2025-11-30T19:00:00+00:00,2025-12-31T19:00:00+00:00,0
2026-01-23T19:00:00+00:00,2026-01-25T15:00:00+00:00,turbine_1,45,0.21676566564647196,0.1483333333333333,0.06843233231313867,0.01,3.99,-3.7,0.0,0.6982808592478816,True,open_meteo_previous_runs,72,2026-01-23T03:00:00+00:00,2025-12-31T18:00:00+00:00,552.0,2025-11-30T19:00:00+00:00,2025-12-31T19:00:00+00:00,0
2026-01-23T19:00:00+00:00,2026-01-25T16:00:00+00:00,turbine_1,46,0.18574756383390226,0.2016666666666666,-0.015919102832764348,0.01,3.45,-4.2,0.0,0.6672627574353119,True,open_meteo_previous_runs,72,2026-01-23T04:00:00+00:00,2025-12-31T18:00:00+00:00,552.0,2025-11-30T19:00:00+00:00,2025-12-31T19:00:00+00:00,0
2026-01-23T19:00:00+00:00,2026-01-25T17:00:00+00:00,turbine_1,47,0.18080508976355655,0.3366666666666666,-0.15586157690311006,0.01,3.22,-3.7,0.0,0.6623202833649663,True,open_meteo_previous_runs,72,2026-01-23T05:00:00+00:00,2025-12-31T18:00:00+00:00,552.0,2025-11-30T19:00:00+00:00,2025-12-31T19:00:00+00:00,0
2026-01-23T19:00:00+00:00,2026-01-25T18:00:00+00:00,turbine_1,48,0.21641799819923788,0.61,-0.3935820018007621,0.01,5.44,-3.4,0.0,0.6979331918006476,True,open_meteo_previous_runs,72,2026-01-23T06:00:00+00:00,2025-12-31T18:00:00+00:00,552.0,2025-11-30T19:00:00+00:00,2025-12-31T19:00:00+00:00,0
2026-01-24T19:00:00+00:00,2026-01-24T19:00:00+00:00,turbine_1,1,0.5498816953239553,0.9766666666666666,-0.4267849713427113,0.01,10.69,-6.6,0.039114806122676815,1.0,True,open_meteo_previous_runs,72,2026-01-22T07:00:00+00:00,2025-12-31T18:00:00+00:00,576.0,2025-11-30T19:00:00+00:00,2025-12-31T19:00:00+00:00,0
2026-01-24T19:00:00+00:00,2026-01-24T20:00:00+00:00,turbine_1,2,0.5192526229328748,0.6383333333333333,-0.11908071040045853,0.01,10.57,-5.8,0.008485733731596334,1.0,True,open_meteo_previous_runs,72,2026-01-22T08:00:00+00:00,2025-12-31T18:00:00+00:00,576.0,2025-11-30T19:00:00+00:00,2025-12-31T19:00:00+00:00,0
2026-01-24T19:00:00+00:00,2026-01-24T21:00:00+00:00,turbine_1,3,0.33030848171563515,0.295,0.035308481715635165,0.01,10.26,-5.8,0.0,0.8410753709169136,True,open_meteo_previous_runs,72,2026-01-22T09:00:00+00:00,2025-12-31T18:00:00+00:00,576.0,2025-11-30T19:00:00+00:00,2025-12-31T19:00:00+00:00,0
2026-01-24T19:00:00+00:00,2026-01-24T22:00:00+00:00,turbine_1,4,0.33030848171563515,0.495,-0.16469151828436485,0.01,10.08,-6.3,0.0,0.8410753709169136,True,open_meteo_previous_runs,72,2026-01-22T10:00:00+00:00,2025-12-31T18:00:00+00:00,576.0,2025-11-30T19:00:00+00:00,2025-12-31T19:00:00+00:00,0
2026-01-24T19:00:00+00:00,2026-01-24T23:00:00+00:00,turbine_1,5,0.2899438333256202,0.5533333333333333,-0.26338950000771316,0.01,9.47,-7.3,0.0,0.8007107225268986,True,open_meteo_previous_runs,72,2026-01-22T11:00:00+00:00,2025-12-31T18:00:00+00:00,576.0,2025-11-30T19:00:00+00:00,2025-12-31T19:00:00+00:00,0
2026-01-24T19:00:00+00:00,2026-01-25T00:00:00+00:00,turbine_1,6,0.31079959627951403,0.1316666666666666,0.17913292961284744,0.01,9.75,-7.6,0.0,0.8215664854807925,True,open_meteo_previous_runs,72,2026-01-22T12:00:00+00:00,2025-12-31T18:00:00+00:00,576.0,2025-11-30T19:00:00+00:00,2025-12-31T19:00:00+00:00,0
2026-01-24T19:00:00+00:00,2026-01-25T01:00:00+00:00,turbine_1,7,0.21097317328478757,0.0233333333333333,0.18763983995145428,0.01,8.9,-7.7,0.0,0.721740062486066,True,open_meteo_previous_runs,72,2026-01-22T13:00:00+00:00,2025-12-31T18:00:00+00:00,576.0,2025-11-30T19:00:00+00:00,2025-12-31T19:00:00+00:00,0
2026-01-24T19:00:00+00:00,2026-01-25T02:00:00+00:00,turbine_1,8,0.16134269987886493,0.3583333333333333,-0.19699063345446835,0.01,7.11,-6.5,0.0,0.6721095890801434,True,open_meteo_previous_runs,72,2026-01-22T14:00:00+00:00,2025-12-31T18:00:00+00:00,576.0,2025-11-30T19:00:00+00:00,2025-12-31T19:00:00+00:00,0
2026-01-24T19:00:00+00:00,2026-01-25T03:00:00+00:00,turbine_1,9,0.15278202006792646,0.3533333333333333,-0.20055131326540682,0.01,7.45,-6.3,0.0,0.6635489092692048,True,open_meteo_previous_runs,72,2026-01-22T15:00:00+00:00,2025-12-31T18:00:00+00:00,576.0,2025-11-30T19:00:00+00:00,2025-12-31T19:00:00+00:00,0
2026-01-24T19:00:00+00:00,2026-01-25T04:00:00+00:00,turbine_1,10,0.12808916204746507,0.1466666666666666,-0.018577504619201546,0.01,6.26,-4.2,0.0,0.6388560512487436,True,open_meteo_previous_runs,72,2026-01-22T16:00:00+00:00,2025-12-31T18:00:00+00:00,576.0,2025-11-30T19:00:00+00:00,2025-12-31T19:00:00+00:00,0
2026-01-24T19:00:00+00:00,2026-01-25T05:00:00+00:00,turbine_1,11,0.11891169054414731,0.0666666666666666,0.052245023877480715,0.01,5.78,-4.0,0.0,0.6296785797454257,True,open_meteo_previous_runs,72,2026-01-22T17:00:00+00:00,2025-12-31T18:00:00+00:00,576.0,2025-11-30T19:00:00+00:00,2025-12-31T19:00:00+00:00,0
2026-01-24T19:00:00+00:00,2026-01-25T06:00:00+00:00,turbine_1,12,0.13023063131334042,0.0083333333333333,0.12189729798000712,0.01,8.05,-2.8,0.0,0.6409975205146189,True,open_meteo_previous_runs,72,2026-01-22T18:00:00+00:00,2025-12-31T18:00:00+00:00,576.0,2025-11-30T19:00:00+00:00,2025-12-31T19:00:00+00:00,0
2026-01-24T19:00:00+00:00,2026-01-25T07:00:00+00:00,turbine_1,13,0.1232533090126988,0.01,0.11325330901269881,0.01,7.47,-2.2,0.0,0.6340201982139773,True,open_meteo_previous_runs,72,2026-01-22T19:00:00+00:00,2025-12-31T18:00:00+00:00,576.0,2025-11-30T19:00:00+00:00,2025-12-31T19:00:00+00:00,0
2026-01-24T19:00:00+00:00,2026-01-25T08:00:00+00:00,turbine_1,14,0.15037914500495717,0.01,0.14037914500495716,0.01,5.32,-2.0,0.0,0.6611460342062356,True,open_meteo_previous_runs,72,2026-01-22T20:00:00+00:00,2025-12-31T18:00:00+00:00,576.0,2025-11-30T19:00:00+00:00,2025-12-31T19:00:00+00:00,0
2026-01-24T19:00:00+00:00,2026-01-25T09:00:00+00:00,turbine_1,15,0.15281360907312022,0.01,0.1428136090731202,0.01,5.75,-1.8,0.0,0.6635804982743987,True,open_meteo_previous_runs,72,2026-01-22T21:00:00+00:00,2025-12-31T18:00:00+00:00,576.0,2025-11-30T19:00:00+00:00,2025-12-31T19:00:00+00:00,0
2026-01-24T19:00:00+00:00,2026-01-25T10:00:00+00:00,turbine_1,16,0.16133783693577036,0.01,0.15133783693577035,0.01,5.25,-1.8,0.0,0.6721047261370487,True,open_meteo_previous_runs,72,2026-01-22T22:00:00+00:00,2025-12-31T18:00:00+00:00,576.0,2025-11-30T19:00:00+00:00,2025-12-31T19:00:00+00:00,0
2026-01-24T19:00:00+00:00,2026-01-25T11:00:00+00:00,turbine_1,17,0.17655068550555067,0.01,0.16655068550555066,0.01,5.6,-3.8,0.0,0.6873175747068291,True,open_meteo_previous_runs,72,2026-01-22T23:00:00+00:00,2025-12-31T18:00:00+00:00,576.0,2025-11-30T19:00:00+00:00,2025-12-31T19:00:00+00:00,0
2026-01-24T19:00:00+00:00,2026-01-25T12:00:00+00:00,turbine_1,18,0.1542540808061594,0.01,0.1442540808061594,0.01,3.01,-4.9,0.0,0.6650209700074379,True,open_meteo_previous_runs,72,2026-01-23T00:00:00+00:00,2025-12-31T18:00:00+00:00,576.0,2025-11-30T19:00:00+00:00,2025-12-31T19:00:00+00:00,0
2026-01-24T19:00:00+00:00,2026-01-25T13:00:00+00:00,turbine_1,19,0.1982741853100883,0.01,0.1882741853100883,0.01,3.35,-5.7,0.0,0.7090410745113668,True,open_meteo_previous_runs,72,2026-01-23T01:00:00+00:00,2025-12-31T18:00:00+00:00,576.0,2025-11-30T19:00:00+00:00,2025-12-31T19:00:00+00:00,0
2026-01-24T19:00:00+00:00,2026-01-25T14:00:00+00:00,turbine_1,20,0.19206318538034198,0.0366666666666666,0.15539651871367538,0.01,3.64,-4.9,0.0,0.7028300745816204,True,open_meteo_previous_runs,72,2026-01-23T02:00:00+00:00,2025-12-31T18:00:00+00:00,576.0,2025-11-30T19:00:00+00:00,2025-12-31T19:00:00+00:00,0
2026-01-24T19:00:00+00:00,2026-01-25T15:00:00+00:00,turbine_1,21,0.21676566564647196,0.1483333333333333,0.06843233231313867,0.01,3.99,-3.7,0.0,0.7275325548477504,True,open_meteo_previous_runs,72,2026-01-23T03:00:00+00:00,2025-12-31T18:00:00+00:00,576.0,2025-11-30T19:00:00+00:00,2025-12-31T19:00:00+00:00,0
2026-01-24T19:00:00+00:00,2026-01-25T16:00:00+00:00,turbine_1,22,0.18574756383390226,0.2016666666666666,-0.015919102832764348,0.01,3.45,-4.2,0.0,0.6965144530351807,True,open_meteo_previous_runs,72,2026-01-23T04:00:00+00:00,2025-12-31T18:00:00+00:00,576.0,2025-11-30T19:00:00+00:00,2025-12-31T19:00:00+00:00,0
2026-01-24T19:00:00+00:00,2026-01-25T17:00:00+00:00,turbine_1,23,0.18080508976355655,0.3366666666666666,-0.15586157690311006,0.01,3.22,-3.7,0.0,0.691571978964835,True,open_meteo_previous_runs,72,2026-01-23T05:00:00+00:00,2025-12-31T18:00:00+00:00,576.0,2025-11-30T19:00:00+00:00,2025-12-31T19:00:00+00:00,0
2026-01-24T19:00:00+00:00,2026-01-25T18:00:00+00:00,turbine_1,24,0.21641799819923788,0.61,-0.3935820018007621,0.01,5.44,-3.4,0.0,0.7271848874005163,True,open_meteo_previous_runs,72,2026-01-23T06:00:00+00:00,2025-12-31T18:00:00+00:00,576.0,2025-11-30T19:00:00+00:00,2025-12-31T19:00:00+00:00,0
2026-01-24T19:00:00+00:00,2026-01-25T19:00:00+00:00,turbine_1,25,0.16695924517605593,0.2683333333333333,-0.10137408815727739,0.01,6.56,-3.6,0.0,0.6484744387774657,True,open_meteo_previous_runs,72,2026-01-23T07:00:00+00:00,2025-12-31T18:00:00+00:00,576.0,2025-11-30T19:00:00+00:00,2025-12-31T19:00:00+00:00,0
2026-01-24T19:00:00+00:00,2026-01-25T20:00:00+00:00,turbine_1,26,0.15925554102407774,0.2283333333333333,-0.06907779230925556,0.01,7.52,-3.8,0.0,0.6407707346254874,True,open_meteo_previous_runs,72,2026-01-23T08:00:00+00:00,2025-12-31T18:00:00+00:00,576.0,2025-11-30T19:00:00+00:00,2025-12-31T19:00:00+00:00,0
2026-01-24T19:00:00+00:00,2026-01-25T21:00:00+00:00,turbine_1,27,0.18170980718670365,0.295,-0.11329019281329633,0.01,8.52,-4.3,0.0,0.6632250007881133,True,open_meteo_previous_runs,72,2026-01-23T09:00:00+00:00,2025-12-31T18:00:00+00:00,576.0,2025-11-30T19:00:00+00:00,2025-12-31T19:00:00+00:00,0
2026-01-24T19:00:00+00:00,2026-01-25T22:00:00+00:00,turbine_1,28,0.26208413783781487,0.3066666666666666,-0.04458252882885172,0.01,9.04,-5.1,0.0,0.7435993314392246,True,open_meteo_previous_runs,72,2026-01-23T10:00:00+00:00,2025-12-31T18:00:00+00:00,576.0,2025-11-30T19:00:00+00:00,2025-12-31T19:00:00+00:00,0
2026-01-24T19:00:00+00:00,2026-01-25T23:00:00+00:00,turbine_1,29,0.27484535723545733,0.2766666666666666,-0.0018213094312092837,0.01,9.62,-6.1,0.0,0.756360550836867,True,open_meteo_previous_runs,72,2026-01-23T11:00:00+00:00,2025-12-31T18:00:00+00:00,576.0,2025-11-30T19:00:00+00:00,2025-12-31T19:00:00+00:00,0
2026-01-24T19:00:00+00:00,2026-01-26T00:00:00+00:00,turbine_1,30,0.16101919723203276,0.6033333333333334,-0.44231413610130066,0.01,8.77,-5.7,0.0,0.6425343908334424,True,open_meteo_previous_runs,72,2026-01-23T12:00:00+00:00,2025-12-31T18:00:00+00:00,576.0,2025-11-30T19:00:00+00:00,2025-12-31T19:00:00+00:00,0
2026-01-24T19:00:00+00:00,2026-01-26T01:00:00+00:00,turbine_1,31,0.2366955649388611,0.2916666666666667,-0.05497110172780559,0.01,9.31,-5.5,0.0,0.7182107585402708,True,open_meteo_previous_runs,72,2026-01-23T13:00:00+00:00,2025-12-31T18:00:00+00:00,576.0,2025-11-30T19:00:00+00:00,2025-12-31T19:00:00+00:00,0
2026-01-24T19:00:00+00:00,2026-01-26T02:00:00+00:00,turbine_1,32,0.2780909692827822,0.2733333333333334,0.004757635949448835,0.01,10.06,-6.1,0.0,0.7596061628841919,True,open_meteo_previous_runs,72,2026-01-23T14:00:00+00:00,2025-12-31T18:00:00+00:00,576.0,2025-11-30T19:00:00+00:00,2025-12-31T19:00:00+00:00,0
2026-01-24T19:00:00+00:00,2026-01-26T03:00:00+00:00,turbine_1,33,0.2780909692827822,0.3133333333333333,-0.03524236405055109,0.01,10.34,-6.0,0.0,0.7596061628841919,True,open_meteo_previous_runs,72,2026-01-23T15:00:00+00:00,2025-12-31T18:00:00+00:00,576.0,2025-11-30T19:00:00+00:00,2025-12-31T19:00:00+00:00,0
2026-01-24T19:00:00+00:00,2026-01-26T04:00:00+00:00,turbine_1,34,0.3840916180232679,0.2383333333333333,0.1457582846899346,0.01,10.69,-4.4,0.0,0.8656068116246776,True,open_meteo_previous_runs,72,2026-01-23T16:00:00+00:00,2025-12-31T18:00:00+00:00,576.0,2025-11-30T19:00:00+00:00,2025-12-31T19:00:00+00:00,0
2026-01-24T19:00:00+00:00,2026-01-26T05:00:00+00:00,turbine_1,35,0.35173998847237964,0.2433333333333333,0.10840665513904635,0.01,10.6,-3.3,0.0,0.8332551820737893,True,open_meteo_previous_runs,72,2026-01-23T17:00:00+00:00,2025-12-31T18:00:00+00:00,576.0,2025-11-30T19:00:00+00:00,2025-12-31T19:00:00+00:00,0
2026-01-24T19:00:00+00:00,2026-01-26T06:00:00+00:00,turbine_1,36,0.4233380482416033,0.4766666666666666,-0.05332861842506331,0.01,11.41,-2.9,0.0,0.9048532418430131,True,open_meteo_previous_runs,72,2026-01-23T18:00:00+00:00,2025-12-31T18:00:00+00:00,576.0,2025-11-30T19:00:00+00:00,2025-12-31T19:00:00+00:00,0
2026-01-24T19:00:00+00:00,2026-01-26T07:00:00+00:00,turbine_1,37,0.4848719660444777,0.7983333333333333,-0.31346136728885565,0.01,11.96,-1.8,0.003356772443067979,0.9663871596458874,True,open_meteo_previous_runs,72,2026-01-23T19:00:00+00:00,2025-12-31T18:00:00+00:00,576.0,2025-11-30T19:00:00+00:00,2025-12-31T19:00:00+00:00,0
2026-01-24T19:00:00+00:00,2026-01-26T08:00:00+00:00,turbine_1,38,0.5192380135870169,0.7933333333333333,-0.2740953197463164,0.01,11.95,-1.1,0.037722819985607225,1.0,True,open_meteo_previous_runs,72,2026-01-23T20:00:00+00:00,2025-12-31T18:00:00+00:00,576.0,2025-11-30T19:00:00+00:00,2025-12-31T19:00:00+00:00,0
2026-01-24T19:00:00+00:00,2026-01-26T09:00:00+00:00,turbine_1,39,0.4479328096326249,0.7600000000000001,-0.31206719036737524,0.01,11.73,-0.7,0.0,0.9294480032340346,True,open_meteo_previous_runs,72,2026-01-23T21:00:00+00:00,2025-12-31T18:00:00+00:00,576.0,2025-11-30T19:00:00+00:00,2025-12-31T19:00:00+00:00,0
2026-01-24T19:00:00+00:00,2026-01-26T10:00:00+00:00,turbine_1,40,0.481438236221988,0.6716666666666667,-0.19022843044467874,0.01,11.47,-0.8,0.0,0.9629534298233977,True,open_meteo_previous_runs,72,2026-01-23T22:00:00+00:00,2025-12-31T18:00:00+00:00,576.0,2025-11-30T19:00:00+00:00,2025-12-31T19:00:00+00:00,0
2026-01-24T19:00:00+00:00,2026-01-26T11:00:00+00:00,turbine_1,41,0.5179572008871344,0.6133333333333333,-0.09537613244619891,0.01,10.75,-2.3,0.036442007285724665,0.9994723944885441,True,open_meteo_previous_runs,72,2026-01-23T23:00:00+00:00,2025-12-31T18:00:00+00:00,576.0,2025-11-30T19:00:00+00:00,2025-12-31T19:00:00+00:00,0
2026-01-24T19:00:00+00:00,2026-01-26T12:00:00+00:00,turbine_1,42,0.29837594319072225,0.3999999999999999,-0.10162405680927766,0.01,9.28,-5.8,0.0,0.779891136792132,True,open_meteo_previous_runs,72,2026-01-24T00:00:00+00:00,2025-12-31T18:00:00+00:00,576.0,2025-11-30T19:00:00+00:00,2025-12-31T19:00:00+00:00,0
2026-01-24T19:00:00+00:00,2026-01-26T13:00:00+00:00,turbine_1,43,0.2138792049088795,0.5,-0.28612079509112054,0.01,8.61,-7.4,0.0,0.6953943985102892,True,open_meteo_previous_runs,72,2026-01-24T01:00:00+00:00,2025-12-31T18:00:00+00:00,576.0,2025-11-30T19:00:00+00:00,2025-12-31T19:00:00+00:00,0
2026-01-24T19:00:00+00:00,2026-01-26T14:00:00+00:00,turbine_1,44,0.21039955892656967,0.775,-0.5646004410734303,0.01,8.23,-7.6,0.0,0.6919147525279794,True,open_meteo_previous_runs,72,2026-01-24T02:00:00+00:00,2025-12-31T18:00:00+00:00,576.0,2025-11-30T19:00:00+00:00,2025-12-31T19:00:00+00:00,0
2026-01-24T19:00:00+00:00,2026-01-26T15:00:00+00:00,turbine_1,45,0.2150065791293473,0.2983333333333333,-0.08332675420398597,0.01,8.27,-7.4,0.0,0.696521772730757,True,open_meteo_previous_runs,72,2026-01-24T03:00:00+00:00,2025-12-31T18:00:00+00:00,576.0,2025-11-30T19:00:00+00:00,2025-12-31T19:00:00+00:00,0
2026-01-24T19:00:00+00:00,2026-01-26T16:00:00+00:00,turbine_1,46,0.1838160326149186,0.1683333333333333,0.0154826992815853,0.01,7.97,-7.4,0.0,0.6653312262163283,True,open_meteo_previous_runs,72,2026-01-24T04:00:00+00:00,2025-12-31T18:00:00+00:00,576.0,2025-11-30T19:00:00+00:00,2025-12-31T19:00:00+00:00,0
2026-01-24T19:00:00+00:00,2026-01-26T17:00:00+00:00,turbine_1,47,0.17490530778056504,0.6983333333333333,-0.5234280255527682,0.01,8.02,-7.2,0.0,0.6564205013819747,True,open_meteo_previous_runs,72,2026-01-24T05:00:00+00:00,2025-12-31T18:00:00+00:00,576.0,2025-11-30T19:00:00+00:00,2025-12-31T19:00:00+00:00,0
2026-01-24T19:00:00+00:00,2026-01-26T18:00:00+00:00,turbine_1,48,0.2793054186292102,0.9,-0.6206945813707898,0.01,9.04,-5.1,0.0,0.7608206122306199,True,open_meteo_previous_runs,72,2026-01-24T06:00:00+00:00,2025-12-31T18:00:00+00:00,576.0,2025-11-30T19:00:00+00:00,2025-12-31T19:00:00+00:00,0
2026-01-25T19:00:00+00:00,2026-01-25T19:00:00+00:00,turbine_1,1,0.1661298069402514,0.2683333333333333,-0.10220352639308192,0.01,6.56,-3.6,0.0,0.6768966961415298,True,open_meteo_previous_runs,72,2026-01-23T07:00:00+00:00,2025-12-31T18:00:00+00:00,600.0,2025-11-30T19:00:00+00:00,2025-12-31T19:00:00+00:00,0
2026-01-25T19:00:00+00:00,2026-01-25T20:00:00+00:00,turbine_1,2,0.1584261027882732,0.2283333333333333,-0.0699072305450601,0.01,7.52,-3.8,0.0,0.6691929919895516,True,open_meteo_previous_runs,72,2026-01-23T08:00:00+00:00,2025-12-31T18:00:00+00:00,600.0,2025-11-30T19:00:00+00:00,2025-12-31T19:00:00+00:00,0
2026-01-25T19:00:00+00:00,2026-01-25T21:00:00+00:00,turbine_1,3,0.18022465346330702,0.295,-0.11477534653669297,0.01,8.52,-4.3,0.0,0.6909915426645854,True,open_meteo_previous_runs,72,2026-01-23T09:00:00+00:00,2025-12-31T18:00:00+00:00,600.0,2025-11-30T19:00:00+00:00,2025-12-31T19:00:00+00:00,0
2026-01-25T19:00:00+00:00,2026-01-25T22:00:00+00:00,turbine_1,4,0.2605989841144182,0.3066666666666666,-0.04606768255224841,0.01,9.04,-5.1,0.0,0.7713658733156966,True,open_meteo_previous_runs,72,2026-01-23T10:00:00+00:00,2025-12-31T18:00:00+00:00,600.0,2025-11-30T19:00:00+00:00,2025-12-31T19:00:00+00:00,0
2026-01-25T19:00:00+00:00,2026-01-25T23:00:00+00:00,turbine_1,5,0.2719071654076079,0.2766666666666666,-0.004759501259058718,0.01,9.62,-6.1,0.0,0.7826740546088864,True,open_meteo_previous_runs,72,2026-01-23T11:00:00+00:00,2025-12-31T18:00:00+00:00,600.0,2025-11-30T19:00:00+00:00,2025-12-31T19:00:00+00:00,0
2026-01-25T19:00:00+00:00,2026-01-26T00:00:00+00:00,turbine_1,6,0.16036348174444068,0.6033333333333334,-0.4429698515888927,0.01,8.77,-5.7,0.0,0.6711303709457191,True,open_meteo_previous_runs,72,2026-01-23T12:00:00+00:00,2025-12-31T18:00:00+00:00,600.0,2025-11-30T19:00:00+00:00,2025-12-31T19:00:00+00:00,0
2026-01-25T19:00:00+00:00,2026-01-26T01:00:00+00:00,turbine_1,7,0.23603984945126896,0.2916666666666667,-0.05562681721539772,0.01,9.31,-5.5,0.0,0.7468067386525474,True,open_meteo_previous_runs,72,2026-01-23T13:00:00+00:00,2025-12-31T18:00:00+00:00,600.0,2025-11-30T19:00:00+00:00,2025-12-31T19:00:00+00:00,0
2026-01-25T19:00:00+00:00,2026-01-26T02:00:00+00:00,turbine_1,8,0.2751527774549328,0.2733333333333334,0.0018194441215994006,0.01,10.06,-6.1,0.0,0.7859196666562112,True,open_meteo_previous_runs,72,2026-01-23T14:00:00+00:00,2025-12-31T18:00:00+00:00,600.0,2025-11-30T19:00:00+00:00,2025-12-31T19:00:00+00:00,0
2026-01-25T19:00:00+00:00,2026-01-26T03:00:00+00:00,turbine_1,9,0.2751527774549328,0.3133333333333333,-0.038180555878400524,0.01,10.34,-6.0,0.0,0.7859196666562112,True,open_meteo_previous_runs,72,2026-01-23T15:00:00+00:00,2025-12-31T18:00:00+00:00,600.0,2025-11-30T19:00:00+00:00,2025-12-31T19:00:00+00:00,0
2026-01-25T19:00:00+00:00,2026-01-26T04:00:00+00:00,turbine_1,10,0.3840916180232679,0.2383333333333333,0.1457582846899346,0.01,10.69,-4.4,0.0,0.8948585072245463,True,open_meteo_previous_runs,72,2026-01-23T16:00:00+00:00,2025-12-31T18:00:00+00:00,600.0,2025-11-30T19:00:00+00:00,2025-12-31T19:00:00+00:00,0
2026-01-25T19:00:00+00:00,2026-01-26T05:00:00+00:00,turbine_1,11,0.35173998847237964,0.2433333333333333,0.10840665513904635,0.01,10.6,-3.3,0.0,0.8625068776736581,True,open_meteo_previous_runs,72,2026-01-23T17:00:00+00:00,2025-12-31T18:00:00+00:00,600.0,2025-11-30T19:00:00+00:00,2025-12-31T19:00:00+00:00,0
2026-01-25T19:00:00+00:00,2026-01-26T06:00:00+00:00,turbine_1,12,0.4233380482416033,0.4766666666666666,-0.05332861842506331,0.01,11.41,-2.9,0.0,0.9341049374428818,True,open_meteo_previous_runs,72,2026-01-23T18:00:00+00:00,2025-12-31T18:00:00+00:00,600.0,2025-11-30T19:00:00+00:00,2025-12-31T19:00:00+00:00,0
2026-01-25T19:00:00+00:00,2026-01-26T07:00:00+00:00,turbine_1,13,0.4848719660444777,0.7983333333333333,-0.31346136728885565,0.01,11.96,-1.8,0.0,0.9956388552457561,True,open_meteo_previous_runs,72,2026-01-23T19:00:00+00:00,2025-12-31T18:00:00+00:00,600.0,2025-11-30T19:00:00+00:00,2025-12-31T19:00:00+00:00,0
2026-01-25T19:00:00+00:00,2026-01-26T08:00:00+00:00,turbine_1,14,0.5192380135870169,0.7933333333333333,-0.2740953197463164,0.01,11.95,-1.1,0.008471124385738493,1.0,True,open_meteo_previous_runs,72,2026-01-23T20:00:00+00:00,2025-12-31T18:00:00+00:00,600.0,2025-11-30T19:00:00+00:00,2025-12-31T19:00:00+00:00,0
2026-01-25T19:00:00+00:00,2026-01-26T09:00:00+00:00,turbine_1,15,0.4479328096326249,0.7600000000000001,-0.31206719036737524,0.01,11.73,-0.7,0.0,0.9586996988339034,True,open_meteo_previous_runs,72,2026-01-23T21:00:00+00:00,2025-12-31T18:00:00+00:00,600.0,2025-11-30T19:00:00+00:00,2025-12-31T19:00:00+00:00,0
2026-01-25T19:00:00+00:00,2026-01-26T10:00:00+00:00,turbine_1,16,0.481438236221988,0.6716666666666667,-0.19022843044467874,0.01,11.47,-0.8,0.0,0.9922051254232664,True,open_meteo_previous_runs,72,2026-01-23T22:00:00+00:00,2025-12-31T18:00:00+00:00,600.0,2025-11-30T19:00:00+00:00,2025-12-31T19:00:00+00:00,0
2026-01-25T19:00:00+00:00,2026-01-26T11:00:00+00:00,turbine_1,17,0.5179572008871344,0.6133333333333333,-0.09537613244619891,0.01,10.75,-2.3,0.007190311685855932,1.0,True,open_meteo_previous_runs,72,2026-01-23T23:00:00+00:00,2025-12-31T18:00:00+00:00,600.0,2025-11-30T19:00:00+00:00,2025-12-31T19:00:00+00:00,0
2026-01-25T19:00:00+00:00,2026-01-26T12:00:00+00:00,turbine_1,18,0.29837594319072225,0.3999999999999999,-0.10162405680927766,0.01,9.28,-5.8,0.0,0.8091428323920007,True,open_meteo_previous_runs,72,2026-01-24T00:00:00+00:00,2025-12-31T18:00:00+00:00,600.0,2025-11-30T19:00:00+00:00,2025-12-31T19:00:00+00:00,0
2026-01-25T19:00:00+00:00,2026-01-26T13:00:00+00:00,turbine_1,19,0.2138792049088795,0.5,-0.28612079509112054,0.01,8.61,-7.4,0.0,0.7246460941101579,True,open_meteo_previous_runs,72,2026-01-24T01:00:00+00:00,2025-12-31T18:00:00+00:00,600.0,2025-11-30T19:00:00+00:00,2025-12-31T19:00:00+00:00,0
2026-01-25T19:00:00+00:00,2026-01-26T14:00:00+00:00,turbine_1,20,0.21039955892656967,0.775,-0.5646004410734303,0.01,8.23,-7.6,0.0,0.7211664481278481,True,open_meteo_previous_runs,72,2026-01-24T02:00:00+00:00,2025-12-31T18:00:00+00:00,600.0,2025-11-30T19:00:00+00:00,2025-12-31T19:00:00+00:00,0
2026-01-25T19:00:00+00:00,2026-01-26T15:00:00+00:00,turbine_1,21,0.2150065791293473,0.2983333333333333,-0.08332675420398597,0.01,8.27,-7.4,0.0,0.7257734683306257,True,open_meteo_previous_runs,72,2026-01-24T03:00:00+00:00,2025-12-31T18:00:00+00:00,600.0,2025-11-30T19:00:00+00:00,2025-12-31T19:00:00+00:00,0
2026-01-25T19:00:00+00:00,2026-01-26T16:00:00+00:00,turbine_1,22,0.1838160326149186,0.1683333333333333,0.0154826992815853,0.01,7.97,-7.4,0.0,0.6945829218161971,True,open_meteo_previous_runs,72,2026-01-24T04:00:00+00:00,2025-12-31T18:00:00+00:00,600.0,2025-11-30T19:00:00+00:00,2025-12-31T19:00:00+00:00,0
2026-01-25T19:00:00+00:00,2026-01-26T17:00:00+00:00,turbine_1,23,0.17490530778056504,0.6983333333333333,-0.5234280255527682,0.01,8.02,-7.2,0.0,0.6856721969818435,True,open_meteo_previous_runs,72,2026-01-24T05:00:00+00:00,2025-12-31T18:00:00+00:00,600.0,2025-11-30T19:00:00+00:00,2025-12-31T19:00:00+00:00,0
2026-01-25T19:00:00+00:00,2026-01-26T18:00:00+00:00,turbine_1,24,0.2793054186292102,0.9,-0.6206945813707898,0.01,9.04,-5.1,0.0,0.7900723078304887,True,open_meteo_previous_runs,72,2026-01-24T06:00:00+00:00,2025-12-31T18:00:00+00:00,600.0,2025-11-30T19:00:00+00:00,2025-12-31T19:00:00+00:00,0
2026-01-25T19:00:00+00:00,2026-01-26T19:00:00+00:00,turbine_1,25,0.2853283199390423,0.65,-0.36467168006095774,0.01,9.58,-5.3,0.0,0.766843513540452,True,open_meteo_previous_runs,72,2026-01-24T07:00:00+00:00,2025-12-31T18:00:00+00:00,600.0,2025-11-30T19:00:00+00:00,2025-12-31T19:00:00+00:00,0
2026-01-25T19:00:00+00:00,2026-01-26T20:00:00+00:00,turbine_1,26,0.30554208867717986,0.6233333333333334,-0.31779124465615355,0.01,9.66,-6.4,0.0,0.7870572822785895,True,open_meteo_previous_runs,72,2026-01-24T08:00:00+00:00,2025-12-31T18:00:00+00:00,600.0,2025-11-30T19:00:00+00:00,2025-12-31T19:00:00+00:00,0
2026-01-25T19:00:00+00:00,2026-01-26T21:00:00+00:00,turbine_1,27,0.2984939691966023,0.48,-0.18150603080339767,0.01,9.66,-6.5,0.0,0.780009162798012,True,open_meteo_previous_runs,72,2026-01-24T09:00:00+00:00,2025-12-31T18:00:00+00:00,600.0,2025-11-30T19:00:00+00:00,2025-12-31T19:00:00+00:00,0
2026-01-25T19:00:00+00:00,2026-01-26T22:00:00+00:00,turbine_1,28,0.2850002118790327,0.935,-0.6499997881209674,0.01,9.53,-6.9,0.0,0.7665154054804424,True,open_meteo_previous_runs,72,2026-01-24T10:00:00+00:00,2025-12-31T18:00:00+00:00,600.0,2025-11-30T19:00:00+00:00,2025-12-31T19:00:00+00:00,0
2026-01-25T19:00:00+00:00,2026-01-26T23:00:00+00:00,turbine_1,29,0.1894536524570238,0.6849999999999999,-0.4955463475429761,0.01,8.78,-7.6,0.0,0.6709688460584335,True,open_meteo_previous_runs,72,2026-01-24T11:00:00+00:00,2025-12-31T18:00:00+00:00,600.0,2025-11-30T19:00:00+00:00,2025-12-31T19:00:00+00:00,0
2026-01-25T19:00:00+00:00,2026-01-27T00:00:00+00:00,turbine_1,30,0.24641090201046617,0.4066666666666667,-0.1602557646562005,0.01,9.57,-7.8,0.0,0.7279260956118758,True,open_meteo_previous_runs,72,2026-01-24T12:00:00+00:00,2025-12-31T18:00:00+00:00,600.0,2025-11-30T19:00:00+00:00,2025-12-31T19:00:00+00:00,0
2026-01-25T19:00:00+00:00,2026-01-27T01:00:00+00:00,turbine_1,31,0.1720149670606451,0.0316666666666666,0.1403483003939785,0.01,8.5,-7.8,0.0,0.6535301606620548,True,open_meteo_previous_runs,72,2026-01-24T13:00:00+00:00,2025-12-31T18:00:00+00:00,600.0,2025-11-30T19:00:00+00:00,2025-12-31T19:00:00+00:00,0
2026-01-25T19:00:00+00:00,2026-01-27T02:00:00+00:00,turbine_1,32,0.13355111858813853,0.0133333333333333,0.12021778525480524,0.01,7.75,-7.8,0.0,0.6150663121895482,True,open_meteo_previous_runs,72,2026-01-24T14:00:00+00:00,2025-12-31T18:00:00+00:00,600.0,2025-11-30T19:00:00+00:00,2025-12-31T19:00:00+00:00,0
2026-01-25T19:00:00+00:00,2026-01-27T03:00:00+00:00,turbine_1,33,0.13355111858813853,0.01,0.12355111858813854,0.01,7.34,-6.4,0.0,0.6150663121895482,True,open_meteo_previous_runs,72,2026-01-24T15:00:00+00:00,2025-12-31T18:00:00+00:00,600.0,2025-11-30T19:00:00+00:00,2025-12-31T19:00:00+00:00,0
2026-01-25T19:00:00+00:00,2026-01-27T04:00:00+00:00,turbine_1,34,0.13407806012439677,0.01,0.12407806012439677,0.01,6.63,-4.5,0.0,0.6155932537258064,True,open_meteo_previous_runs,72,2026-01-24T16:00:00+00:00,2025-12-31T18:00:00+00:00,600.0,2025-11-30T19:00:00+00:00,2025-12-31T19:00:00+00:00,0
2026-01-25T19:00:00+00:00,2026-01-27T05:00:00+00:00,turbine_1,35,0.1375908969062598,0.01,0.1275908969062598,0.01,5.65,-3.5,0.0,0.6191060905076695,True,open_meteo_previous_runs,72,2026-01-24T17:00:00+00:00,2025-12-31T18:00:00+00:00,600.0,2025-11-30T19:00:00+00:00,2025-12-31T19:00:00+00:00,0
2026-01-25T19:00:00+00:00,2026-01-27T06:00:00+00:00,turbine_1,36,0.13492855052933253,0.01,0.12492855052933254,0.01,6.61,-2.6,0.0,0.6164437441307422,True,open_meteo_previous_runs,72,2026-01-24T18:00:00+00:00,2025-12-31T18:00:00+00:00,600.0,2025-11-30T19:00:00+00:00,2025-12-31T19:00:00+00:00,0
2026-01-25T19:00:00+00:00,2026-01-27T07:00:00+00:00,turbine_1,37,0.131821732483246,0.01,0.121821732483246,0.01,6.2,-1.9,0.0,0.6133369260846557,True,open_meteo_previous_runs,72,2026-01-24T19:00:00+00:00,2025-12-31T18:00:00+00:00,600.0,2025-11-30T19:00:00+00:00,2025-12-31T19:00:00+00:00,0
2026-01-25T19:00:00+00:00,2026-01-27T08:00:00+00:00,turbine_1,38,0.14955826465366712,0.01,0.1395582646536671,0.01,5.69,-1.2,0.0,0.6310734582550768,True,open_meteo_previous_runs,72,2026-01-24T20:00:00+00:00,2025-12-31T18:00:00+00:00,600.0,2025-11-30T19:00:00+00:00,2025-12-31T19:00:00+00:00,0
2026-01-25T19:00:00+00:00,2026-01-27T09:00:00+00:00,turbine_1,39,0.14712380058550406,0.01,0.13712380058550405,0.01,5.32,-1.1,0.0,0.6286389941869137,True,open_meteo_previous_runs,72,2026-01-24T21:00:00+00:00,2025-12-31T18:00:00+00:00,600.0,2025-11-30T19:00:00+00:00,2025-12-31T19:00:00+00:00,0
2026-01-25T19:00:00+00:00,2026-01-27T10:00:00+00:00,turbine_1,40,0.16306452059214496,0.01,0.15306452059214495,0.01,5.02,-1.6,0.0,0.6445797141935546,True,open_meteo_previous_runs,72,2026-01-24T22:00:00+00:00,2025-12-31T18:00:00+00:00,600.0,2025-11-30T19:00:00+00:00,2025-12-31T19:00:00+00:00,0
2026-01-25T19:00:00+00:00,2026-01-27T11:00:00+00:00,turbine_1,41,0.1748353238189548,0.01,0.1648353238189548,0.01,4.62,-2.8,0.0,0.6563505174203645,True,open_meteo_previous_runs,72,2026-01-24T23:00:00+00:00,2025-12-31T18:00:00+00:00,600.0,2025-11-30T19:00:00+00:00,2025-12-31T19:00:00+00:00,0
2026-01-25T19:00:00+00:00,2026-01-27T12:00:00+00:00,turbine_1,42,0.15268125003166386,0.01,0.14268125003166385,0.01,3.61,-4.0,0.0,0.6341964436330736,True,open_meteo_previous_runs,72,2026-01-25T00:00:00+00:00,2025-12-31T18:00:00+00:00,600.0,2025-11-30T19:00:00+00:00,2025-12-31T19:00:00+00:00,0
2026-01-25T19:00:00+00:00,2026-01-27T13:00:00+00:00,turbine_1,43,0.16788377249085384,0.01,0.15788377249085384,0.01,3.26,-3.8,0.0,0.6493989660922636,True,open_meteo_previous_runs,72,2026-01-25T01:00:00+00:00,2025-12-31T18:00:00+00:00,600.0,2025-11-30T19:00:00+00:00,2025-12-31T19:00:00+00:00,0
2026-01-25T19:00:00+00:00,2026-01-27T14:00:00+00:00,turbine_1,44,0.17982142433031376,0.01,0.16982142433031375,0.01,2.79,-3.5,0.0,0.6613366179317235,True,open_meteo_previous_runs,72,2026-01-25T02:00:00+00:00,2025-12-31T18:00:00+00:00,600.0,2025-11-30T19:00:00+00:00,2025-12-31T19:00:00+00:00,0
2026-01-25T19:00:00+00:00,2026-01-27T15:00:00+00:00,turbine_1,45,0.17982142433031376,0.0166666666666666,0.16315475766364715,0.01,2.94,-3.5,0.0,0.6613366179317235,True,open_meteo_previous_runs,72,2026-01-25T03:00:00+00:00,2025-12-31T18:00:00+00:00,600.0,2025-11-30T19:00:00+00:00,2025-12-31T19:00:00+00:00,0
2026-01-25T19:00:00+00:00,2026-01-27T16:00:00+00:00,turbine_1,46,0.17350580278387404,0.0083333333333333,0.16517246945054073,0.01,2.77,-4.0,0.0,0.6550209963852838,True,open_meteo_previous_runs,72,2026-01-25T04:00:00+00:00,2025-12-31T18:00:00+00:00,600.0,2025-11-30T19:00:00+00:00,2025-12-31T19:00:00+00:00,0
2026-01-25T19:00:00+00:00,2026-01-27T17:00:00+00:00,turbine_1,47,0.1667089349171008,0.01,0.15670893491710078,0.01,2.95,-4.4,0.0,0.6482241285185105,True,open_meteo_previous_runs,72,2026-01-25T05:00:00+00:00,2025-12-31T18:00:00+00:00,600.0,2025-11-30T19:00:00+00:00,2025-12-31T19:00:00+00:00,0
2026-01-25T19:00:00+00:00,2026-01-27T18:00:00+00:00,turbine_1,48,0.20089517293234402,0.01,0.190895172932344,0.01,4.4,-4.1,0.0,0.6824103665337538,True,open_meteo_previous_runs,72,2026-01-25T06:00:00+00:00,2025-12-31T18:00:00+00:00,600.0,2025-11-30T19:00:00+00:00,2025-12-31T19:00:00+00:00,0
2026-01-26T19:00:00+00:00,2026-01-26T19:00:00+00:00,turbine_1,1,0.2815606898753883,0.65,-0.36843931012461173,0.01,9.58,-5.3,0.0,0.7923275790766667,True,open_meteo_previous_runs,72,2026-01-24T07:00:00+00:00,2025-12-31T18:00:00+00:00,624.0,2025-11-30T19:00:00+00:00,2025-12-31T19:00:00+00:00,0
2026-01-26T19:00:00+00:00,2026-01-26T20:00:00+00:00,turbine_1,2,0.30177445861352586,0.6233333333333334,-0.32155887471980754,0.01,9.66,-6.4,0.0,0.8125413478148042,True,open_meteo_previous_runs,72,2026-01-24T08:00:00+00:00,2025-12-31T18:00:00+00:00,624.0,2025-11-30T19:00:00+00:00,2025-12-31T19:00:00+00:00,0
2026-01-26T19:00:00+00:00,2026-01-26T21:00:00+00:00,turbine_1,3,0.2947263391329483,0.48,-0.18527366086705166,0.01,9.66,-6.5,0.0,0.8054932283342268,True,open_meteo_previous_runs,72,2026-01-24T09:00:00+00:00,2025-12-31T18:00:00+00:00,624.0,2025-11-30T19:00:00+00:00,2025-12-31T19:00:00+00:00,0
2026-01-26T19:00:00+00:00,2026-01-26T22:00:00+00:00,turbine_1,4,0.2812325818153787,0.935,-0.6537674181846214,0.01,9.53,-6.9,0.0,0.7919994710166571,True,open_meteo_previous_runs,72,2026-01-24T10:00:00+00:00,2025-12-31T18:00:00+00:00,624.0,2025-11-30T19:00:00+00:00,2025-12-31T19:00:00+00:00,0
2026-01-26T19:00:00+00:00,2026-01-26T23:00:00+00:00,turbine_1,5,0.18879793696943173,0.6849999999999999,-0.49620206303056824,0.01,8.78,-7.6,0.0,0.6995648261707101,True,open_meteo_previous_runs,72,2026-01-24T11:00:00+00:00,2025-12-31T18:00:00+00:00,624.0,2025-11-30T19:00:00+00:00,2025-12-31T19:00:00+00:00,0
2026-01-26T19:00:00+00:00,2026-01-27T00:00:00+00:00,turbine_1,6,0.2434727101826167,0.4066666666666667,-0.16319395648404997,0.01,9.57,-7.8,0.0,0.7542395993838952,True,open_meteo_previous_runs,72,2026-01-24T12:00:00+00:00,2025-12-31T18:00:00+00:00,624.0,2025-11-30T19:00:00+00:00,2025-12-31T19:00:00+00:00,0
2026-01-26T19:00:00+00:00,2026-01-27T01:00:00+00:00,turbine_1,7,0.171359251573053,0.0316666666666666,0.13969258490638642,0.01,8.5,-7.8,0.0,0.6821261407743314,True,open_meteo_previous_runs,72,2026-01-24T13:00:00+00:00,2025-12-31T18:00:00+00:00,624.0,2025-11-30T19:00:00+00:00,2025-12-31T19:00:00+00:00,0
2026-01-26T19:00:00+00:00,2026-01-27T02:00:00+00:00,turbine_1,8,0.13355111858813853,0.0133333333333333,0.12021778525480524,0.01,7.75,-7.8,0.0,0.644318007789417,True,open_meteo_previous_runs,72,2026-01-24T14:00:00+00:00,2025-12-31T18:00:00+00:00,624.0,2025-11-30T19:00:00+00:00,2025-12-31T19:00:00+00:00,0
2026-01-26T19:00:00+00:00,2026-01-27T03:00:00+00:00,turbine_1,9,0.13355111858813853,0.01,0.12355111858813854,0.01,7.34,-6.4,0.0,0.644318007789417,True,open_meteo_previous_runs,72,2026-01-24T15:00:00+00:00,2025-12-31T18:00:00+00:00,624.0,2025-11-30T19:00:00+00:00,2025-12-31T19:00:00+00:00,0
2026-01-26T19:00:00+00:00,2026-01-27T04:00:00+00:00,turbine_1,10,0.13407806012439677,0.01,0.12407806012439677,0.01,6.63,-4.5,0.0,0.6448449493256752,True,open_meteo_previous_runs,72,2026-01-24T16:00:00+00:00,2025-12-31T18:00:00+00:00,624.0,2025-11-30T19:00:00+00:00,2025-12-31T19:00:00+00:00,0
2026-01-26T19:00:00+00:00,2026-01-27T05:00:00+00:00,turbine_1,11,0.1375908969062598,0.01,0.1275908969062598,0.01,5.65,-3.5,0.0,0.6483577861075382,True,open_meteo_previous_runs,72,2026-01-24T17:00:00+00:00,2025-12-31T18:00:00+00:00,624.0,2025-11-30T19:00:00+00:00,2025-12-31T19:00:00+00:00,0
2026-01-26T19:00:00+00:00,2026-01-27T06:00:00+00:00,turbine_1,12,0.13492855052933253,0.01,0.12492855052933254,0.01,6.61,-2.6,0.0,0.6456954397306109,True,open_meteo_previous_runs,72,2026-01-24T18:00:00+00:00,2025-12-31T18:00:00+00:00,624.0,2025-11-30T19:00:00+00:00,2025-12-31T19:00:00+00:00,0
2026-01-26T19:00:00+00:00,2026-01-27T07:00:00+00:00,turbine_1,13,0.131821732483246,0.01,0.121821732483246,0.01,6.2,-1.9,0.0,0.6425886216845245,True,open_meteo_previous_runs,72,2026-01-24T19:00:00+00:00,2025-12-31T18:00:00+00:00,624.0,2025-11-30T19:00:00+00:00,2025-12-31T19:00:00+00:00,0
2026-01-26T19:00:00+00:00,2026-01-27T08:00:00+00:00,turbine_1,14,0.14955826465366712,0.01,0.1395582646536671,0.01,5.69,-1.2,0.0,0.6603251538549455,True,open_meteo_previous_runs,72,2026-01-24T20:00:00+00:00,2025-12-31T18:00:00+00:00,624.0,2025-11-30T19:00:00+00:00,2025-12-31T19:00:00+00:00,0
2026-01-26T19:00:00+00:00,2026-01-27T09:00:00+00:00,turbine_1,15,0.14712380058550406,0.01,0.13712380058550405,0.01,5.32,-1.1,0.0,0.6578906897867824,True,open_meteo_previous_runs,72,2026-01-24T21:00:00+00:00,2025-12-31T18:00:00+00:00,624.0,2025-11-30T19:00:00+00:00,2025-12-31T19:00:00+00:00,0
2026-01-26T19:00:00+00:00,2026-01-27T10:00:00+00:00,turbine_1,16,0.16306452059214496,0.01,0.15306452059214495,0.01,5.02,-1.6,0.0,0.6738314097934234,True,open_meteo_previous_runs,72,2026-01-24T22:00:00+00:00,2025-12-31T18:00:00+00:00,624.0,2025-11-30T19:00:00+00:00,2025-12-31T19:00:00+00:00,0
2026-01-26T19:00:00+00:00,2026-01-27T11:00:00+00:00,turbine_1,17,0.1748353238189548,0.01,0.1648353238189548,0.01,4.62,-2.8,0.0,0.6856022130202333,True,open_meteo_previous_runs,72,2026-01-24T23:00:00+00:00,2025-12-31T18:00:00+00:00,624.0,2025-11-30T19:00:00+00:00,2025-12-31T19:00:00+00:00,0
2026-01-26T19:00:00+00:00,2026-01-27T12:00:00+00:00,turbine_1,18,0.15268125003166386,0.01,0.14268125003166385,0.01,3.61,-4.0,0.0,0.6634481392329423,True,open_meteo_previous_runs,72,2026-01-25T00:00:00+00:00,2025-12-31T18:00:00+00:00,624.0,2025-11-30T19:00:00+00:00,2025-12-31T19:00:00+00:00,0
2026-01-26T19:00:00+00:00,2026-01-27T13:00:00+00:00,turbine_1,19,0.16788377249085384,0.01,0.15788377249085384,0.01,3.26,-3.8,0.0,0.6786506616921323,True,open_meteo_previous_runs,72,2026-01-25T01:00:00+00:00,2025-12-31T18:00:00+00:00,624.0,2025-11-30T19:00:00+00:00,2025-12-31T19:00:00+00:00,0
2026-01-26T19:00:00+00:00,2026-01-27T14:00:00+00:00,turbine_1,20,0.17982142433031376,0.01,0.16982142433031375,0.01,2.79,-3.5,0.0,0.6905883135315922,True,open_meteo_previous_runs,72,2026-01-25T02:00:00+00:00,2025-12-31T18:00:00+00:00,624.0,2025-11-30T19:00:00+00:00,2025-12-31T19:00:00+00:00,0
2026-01-26T19:00:00+00:00,2026-01-27T15:00:00+00:00,turbine_1,21,0.17982142433031376,0.0166666666666666,0.16315475766364715,0.01,2.94,-3.5,0.0,0.6905883135315922,True,open_meteo_previous_runs,72,2026-01-25T03:00:00+00:00,2025-12-31T18:00:00+00:00,624.0,2025-11-30T19:00:00+00:00,2025-12-31T19:00:00+00:00,0
2026-01-26T19:00:00+00:00,2026-01-27T16:00:00+00:00,turbine_1,22,0.17350580278387404,0.0083333333333333,0.16517246945054073,0.01,2.77,-4.0,0.0,0.6842726919851525,True,open_meteo_previous_runs,72,2026-01-25T04:00:00+00:00,2025-12-31T18:00:00+00:00,624.0,2025-11-30T19:00:00+00:00,2025-12-31T19:00:00+00:00,0
2026-01-26T19:00:00+00:00,2026-01-27T17:00:00+00:00,turbine_1,23,0.1667089349171008,0.01,0.15670893491710078,0.01,2.95,-4.4,0.0,0.6774758241183793,True,open_meteo_previous_runs,72,2026-01-25T05:00:00+00:00,2025-12-31T18:00:00+00:00,624.0,2025-11-30T19:00:00+00:00,2025-12-31T19:00:00+00:00,0
2026-01-26T19:00:00+00:00,2026-01-27T18:00:00+00:00,turbine_1,24,0.20089517293234402,0.01,0.190895172932344,0.01,4.4,-4.1,0.0,0.7116620621336225,True,open_meteo_previous_runs,72,2026-01-25T06:00:00+00:00,2025-12-31T18:00:00+00:00,624.0,2025-11-30T19:00:00+00:00,2025-12-31T19:00:00+00:00,0
2026-01-26T19:00:00+00:00,2026-01-27T19:00:00+00:00,turbine_1,25,0.1861779422801703,0.01,0.17617794228017028,0.01,4.65,-4.2,0.0,0.66769313588158,True,open_meteo_previous_runs,72,2026-01-25T07:00:00+00:00,2025-12-31T18:00:00+00:00,624.0,2025-11-30T19:00:00+00:00,2025-12-31T19:00:00+00:00,0
2026-01-26T19:00:00+00:00,2026-01-27T20:00:00+00:00,turbine_1,26,0.1861779422801703,0.01,0.17617794228017028,0.01,4.59,-4.2,0.0,0.66769313588158,True,open_meteo_previous_runs,72,2026-01-25T08:00:00+00:00,2025-12-31T18:00:00+00:00,624.0,2025-11-30T19:00:00+00:00,2025-12-31T19:00:00+00:00,0
2026-01-26T19:00:00+00:00,2026-01-27T21:00:00+00:00,turbine_1,27,0.1762355132787676,0.01,0.1662355132787676,0.01,4.18,-4.1,0.0,0.6577507068801773,True,open_meteo_previous_runs,72,2026-01-25T09:00:00+00:00,2025-12-31T18:00:00+00:00,624.0,2025-11-30T19:00:00+00:00,2025-12-31T19:00:00+00:00,0
2026-01-26T19:00:00+00:00,2026-01-27T22:00:00+00:00,turbine_1,28,0.1497642295146332,0.01,0.1397642295146332,0.01,3.13,-4.1,0.0,0.6312794231160429,True,open_meteo_previous_runs,72,2026-01-25T10:00:00+00:00,2025-12-31T18:00:00+00:00,624.0,2025-11-30T19:00:00+00:00,2025-12-31T19:00:00+00:00,0
2026-01-26T19:00:00+00:00,2026-01-27T23:00:00+00:00,turbine_1,29,0.14997250109756682,0.01,0.13997250109756681,0.01,1.63,-4.1,0.0,0.6314876946989765,True,open_meteo_previous_runs,72,2026-01-25T11:00:00+00:00,2025-12-31T18:00:00+00:00,624.0,2025-11-30T19:00:00+00:00,2025-12-31T19:00:00+00:00,0
2026-01-26T19:00:00+00:00,2026-01-28T00:00:00+00:00,turbine_1,30,0.11949857483429811,0.01,0.10949857483429812,0.01,1.17,-4.1,0.0,0.6010137684357079,True,open_meteo_previous_runs,72,2026-01-25T12:00:00+00:00,2025-12-31T18:00:00+00:00,624.0,2025-11-30T19:00:00+00:00,2025-12-31T19:00:00+00:00,0
2026-01-26T19:00:00+00:00,2026-01-28T01:00:00+00:00,turbine_1,31,0.12125202837513861,0.01,0.11125202837513862,0.01,2.28,-3.5,0.0,0.6027672219765483,True,open_meteo_previous_runs,72,2026-01-25T13:00:00+00:00,2025-12-31T18:00:00+00:00,624.0,2025-11-30T19:00:00+00:00,2025-12-31T19:00:00+00:00,0
2026-01-26T19:00:00+00:00,2026-01-28T02:00:00+00:00,turbine_1,32,0.11792996936111534,0.0366666666666666,0.08126330269444874,0.01,3.28,-2.8,0.0,0.599445162962525,True,open_meteo_previous_runs,72,2026-01-25T14:00:00+00:00,2025-12-31T18:00:00+00:00,624.0,2025-11-30T19:00:00+00:00,2025-12-31T19:00:00+00:00,0
2026-01-26T19:00:00+00:00,2026-01-28T03:00:00+00:00,turbine_1,33,0.11792996936111534,0.04,0.07792996936111535,0.01,2.64,-1.6,0.0,0.599445162962525,True,open_meteo_previous_runs,72,2026-01-25T15:00:00+00:00,2025-12-31T18:00:00+00:00,624.0,2025-11-30T19:00:00+00:00,2025-12-31T19:00:00+00:00,0
2026-01-26T19:00:00+00:00,2026-01-28T04:00:00+00:00,turbine_1,34,0.12058333384741271,0.01,0.11058333384741272,0.01,1.63,-0.3,0.0,0.6020985274488224,True,open_meteo_previous_runs,72,2026-01-25T16:00:00+00:00,2025-12-31T18:00:00+00:00,624.0,2025-11-30T19:00:00+00:00,2025-12-31T19:00:00+00:00,0
2026-01-26T19:00:00+00:00,2026-01-28T05:00:00+00:00,turbine_1,35,0.09718939713968118,0.01,0.08718939713968119,0.01,1.14,-0.5,0.0,0.5787045907410909,True,open_meteo_previous_runs,72,2026-01-25T17:00:00+00:00,2025-12-31T18:00:00+00:00,624.0,2025-11-30T19:00:00+00:00,2025-12-31T19:00:00+00:00,0
2026-01-26T19:00:00+00:00,2026-01-28T06:00:00+00:00,turbine_1,36,0.10945400965657297,0.01,0.09945400965657297,0.01,0.4,-0.2,0.0,0.5909692032579826,True,open_meteo_previous_runs,72,2026-01-25T18:00:00+00:00,2025-12-31T18:00:00+00:00,624.0,2025-11-30T19:00:00+00:00,2025-12-31T19:00:00+00:00,0
2026-01-26T19:00:00+00:00,2026-01-28T07:00:00+00:00,turbine_1,37,0.11577751117235266,0.01,0.10577751117235266,0.01,1.68,0.1,0.0,0.5972927047737624,True,open_meteo_previous_runs,72,2026-01-25T19:00:00+00:00,2025-12-31T18:00:00+00:00,624.0,2025-11-30T19:00:00+00:00,2025-12-31T19:00:00+00:00,0
2026-01-26T19:00:00+00:00,2026-01-28T08:00:00+00:00,turbine_1,38,0.13153508658033983,0.01,0.12153508658033983,0.01,3.81,0.5,0.0,0.6130502801817496,True,open_meteo_previous_runs,72,2026-01-25T20:00:00+00:00,2025-12-31T18:00:00+00:00,624.0,2025-11-30T19:00:00+00:00,2025-12-31T19:00:00+00:00,0
2026-01-26T19:00:00+00:00,2026-01-28T09:00:00+00:00,turbine_1,39,0.1505086344635201,0.01,0.1405086344635201,0.01,5.42,0.4,0.0,0.6320238280649298,True,open_meteo_previous_runs,72,2026-01-25T21:00:00+00:00,2025-12-31T18:00:00+00:00,624.0,2025-11-30T19:00:00+00:00,2025-12-31T19:00:00+00:00,0
2026-01-26T19:00:00+00:00,2026-01-28T10:00:00+00:00,turbine_1,40,0.15929469638389254,0.01,0.14929469638389253,0.01,6.18,-0.4,0.0,0.6408098899853023,True,open_meteo_previous_runs,72,2026-01-25T22:00:00+00:00,2025-12-31T18:00:00+00:00,624.0,2025-11-30T19:00:00+00:00,2025-12-31T19:00:00+00:00,0
2026-01-26T19:00:00+00:00,2026-01-28T11:00:00+00:00,turbine_1,41,0.1606684021411402,0.01,0.1506684021411402,0.01,7.43,-1.5,0.0,0.6421835957425499,True,open_meteo_previous_runs,72,2026-01-25T23:00:00+00:00,2025-12-31T18:00:00+00:00,624.0,2025-11-30T19:00:00+00:00,2025-12-31T19:00:00+00:00,0
2026-01-26T19:00:00+00:00,2026-01-28T12:00:00+00:00,turbine_1,42,0.16960472455175307,0.0783333333333333,0.09127139121841978,0.01,7.82,-2.8,0.0,0.6511199181531628,True,open_meteo_previous_runs,72,2026-01-26T00:00:00+00:00,2025-12-31T18:00:00+00:00,624.0,2025-11-30T19:00:00+00:00,2025-12-31T19:00:00+00:00,0
2026-01-26T19:00:00+00:00,2026-01-28T13:00:00+00:00,turbine_1,43,0.22137840055590455,0.1716666666666666,0.04971173388923794,0.01,8.42,-3.7,0.0,0.7028935941573142,True,open_meteo_previous_runs,72,2026-01-26T01:00:00+00:00,2025-12-31T18:00:00+00:00,624.0,2025-11-30T19:00:00+00:00,2025-12-31T19:00:00+00:00,0
2026-01-26T19:00:00+00:00,2026-01-28T14:00:00+00:00,turbine_1,44,0.30073427435068023,0.495,-0.19426572564931976,0.01,9.35,-3.8,0.0,0.7822494679520899,True,open_meteo_previous_runs,72,2026-01-26T02:00:00+00:00,2025-12-31T18:00:00+00:00,624.0,2025-11-30T19:00:00+00:00,2025-12-31T19:00:00+00:00,0
2026-01-26T19:00:00+00:00,2026-01-28T15:00:00+00:00,turbine_1,45,0.38540523486139067,0.7183333333333333,-0.3329280984719426,0.01,10.15,-3.8,0.0,0.8669204284628004,True,open_meteo_previous_runs,72,2026-01-26T03:00:00+00:00,2025-12-31T18:00:00+00:00,624.0,2025-11-30T19:00:00+00:00,2025-12-31T19:00:00+00:00,0
2026-01-26T19:00:00+00:00,2026-01-28T16:00:00+00:00,turbine_1,46,0.36689753398940467,0.4583333333333333,-0.09143579934392865,0.01,10.33,-4.1,0.0,0.8484127275908144,True,open_meteo_previous_runs,72,2026-01-26T04:00:00+00:00,2025-12-31T18:00:00+00:00,624.0,2025-11-30T19:00:00+00:00,2025-12-31T19:00:00+00:00,0
2026-01-26T19:00:00+00:00,2026-01-28T17:00:00+00:00,turbine_1,47,0.35026400579436107,0.3183333333333333,0.031930672461027765,0.01,10.26,-4.2,0.0,0.8317791993957708,True,open_meteo_previous_runs,72,2026-01-26T05:00:00+00:00,2025-12-31T18:00:00+00:00,624.0,2025-11-30T19:00:00+00:00,2025-12-31T19:00:00+00:00,0
2026-01-26T19:00:00+00:00,2026-01-28T18:00:00+00:00,turbine_1,48,0.357986809155051,0.2283333333333333,0.12965347582171768,0.01,10.03,-4.4,0.0,0.8395020027564607,True,open_meteo_previous_runs,72,2026-01-26T06:00:00+00:00,2025-12-31T18:00:00+00:00,624.0,2025-11-30T19:00:00+00:00,2025-12-31T19:00:00+00:00,0
2026-01-27T19:00:00+00:00,2026-01-27T19:00:00+00:00,turbine_1,1,0.18534850404436576,0.01,0.17534850404436575,0.01,4.65,-4.2,0.0,0.6961153932456442,True,open_meteo_previous_runs,72,2026-01-25T07:00:00+00:00,2025-12-31T18:00:00+00:00,648.0,2025-11-30T19:00:00+00:00,2025-12-31T19:00:00+00:00,0
2026-01-27T19:00:00+00:00,2026-01-27T20:00:00+00:00,turbine_1,2,0.18534850404436576,0.01,0.17534850404436575,0.01,4.59,-4.2,0.0,0.6961153932456442,True,open_meteo_previous_runs,72,2026-01-25T08:00:00+00:00,2025-12-31T18:00:00+00:00,648.0,2025-11-30T19:00:00+00:00,2025-12-31T19:00:00+00:00,0
2026-01-27T19:00:00+00:00,2026-01-27T21:00:00+00:00,turbine_1,3,0.17540607504296307,0.01,0.16540607504296306,0.01,4.18,-4.1,0.0,0.6861729642442416,True,open_meteo_previous_runs,72,2026-01-25T09:00:00+00:00,2025-12-31T18:00:00+00:00,648.0,2025-11-30T19:00:00+00:00,2025-12-31T19:00:00+00:00,0
2026-01-27T19:00:00+00:00,2026-01-27T22:00:00+00:00,turbine_1,4,0.14973686604282987,0.01,0.13973686604282987,0.01,3.13,-4.1,0.0,0.6605037552441083,True,open_meteo_previous_runs,72,2026-01-25T10:00:00+00:00,2025-12-31T18:00:00+00:00,648.0,2025-11-30T19:00:00+00:00,2025-12-31T19:00:00+00:00,0
2026-01-27T19:00:00+00:00,2026-01-27T23:00:00+00:00,turbine_1,5,0.14997250109756682,0.01,0.13997250109756681,0.01,1.63,-4.1,0.0,0.6607393902988452,True,open_meteo_previous_runs,72,2026-01-25T11:00:00+00:00,2025-12-31T18:00:00+00:00,648.0,2025-11-30T19:00:00+00:00,2025-12-31T19:00:00+00:00,0
2026-01-27T19:00:00+00:00,2026-01-28T00:00:00+00:00,turbine_1,6,0.11949857483429811,0.01,0.10949857483429812,0.01,1.17,-4.1,0.0,0.6302654640355766,True,open_meteo_previous_runs,72,2026-01-25T12:00:00+00:00,2025-12-31T18:00:00+00:00,648.0,2025-11-30T19:00:00+00:00,2025-12-31T19:00:00+00:00,0
2026-01-27T19:00:00+00:00,2026-01-28T01:00:00+00:00,turbine_1,7,0.12125202837513861,0.01,0.11125202837513862,0.01,2.28,-3.5,0.0,0.632018917576417,True,open_meteo_previous_runs,72,2026-01-25T13:00:00+00:00,2025-12-31T18:00:00+00:00,648.0,2025-11-30T19:00:00+00:00,2025-12-31T19:00:00+00:00,0
2026-01-27T19:00:00+00:00,2026-01-28T02:00:00+00:00,turbine_1,8,0.11792996936111534,0.0366666666666666,0.08126330269444874,0.01,3.28,-2.8,0.0,0.6286968585623938,True,open_meteo_previous_runs,72,2026-01-25T14:00:00+00:00,2025-12-31T18:00:00+00:00,648.0,2025-11-30T19:00:00+00:00,2025-12-31T19:00:00+00:00,0
2026-01-27T19:00:00+00:00,2026-01-28T03:00:00+00:00,turbine_1,9,0.11792996936111534,0.04,0.07792996936111535,0.01,2.64,-1.6,0.0,0.6286968585623938,True,open_meteo_previous_runs,72,2026-01-25T15:00:00+00:00,2025-12-31T18:00:00+00:00,648.0,2025-11-30T19:00:00+00:00,2025-12-31T19:00:00+00:00,0
2026-01-27T19:00:00+00:00,2026-01-28T04:00:00+00:00,turbine_1,10,0.12058333384741271,0.01,0.11058333384741272,0.01,1.63,-0.3,0.0,0.6313502230486912,True,open_meteo_previous_runs,72,2026-01-25T16:00:00+00:00,2025-12-31T18:00:00+00:00,648.0,2025-11-30T19:00:00+00:00,2025-12-31T19:00:00+00:00,0
2026-01-27T19:00:00+00:00,2026-01-28T05:00:00+00:00,turbine_1,11,0.09718939713968118,0.01,0.08718939713968119,0.01,1.14,-0.5,0.0,0.6079562863409597,True,open_meteo_previous_runs,72,2026-01-25T17:00:00+00:00,2025-12-31T18:00:00+00:00,648.0,2025-11-30T19:00:00+00:00,2025-12-31T19:00:00+00:00,0
2026-01-27T19:00:00+00:00,2026-01-28T06:00:00+00:00,turbine_1,12,0.10945400965657297,0.01,0.09945400965657297,0.01,0.4,-0.2,0.0,0.6202208988578514,True,open_meteo_previous_runs,72,2026-01-25T18:00:00+00:00,2025-12-31T18:00:00+00:00,648.0,2025-11-30T19:00:00+00:00,2025-12-31T19:00:00+00:00,0
2026-01-27T19:00:00+00:00,2026-01-28T07:00:00+00:00,turbine_1,13,0.11577751117235266,0.01,0.10577751117235266,0.01,1.68,0.1,0.0,0.6265444003736311,True,open_meteo_previous_runs,72,2026-01-25T19:00:00+00:00,2025-12-31T18:00:00+00:00,648.0,2025-11-30T19:00:00+00:00,2025-12-31T19:00:00+00:00,0
2026-01-27T19:00:00+00:00,2026-01-28T08:00:00+00:00,turbine_1,14,0.13153508658033983,0.01,0.12153508658033983,0.01,3.81,0.5,0.0,0.6423019757816183,True,open_meteo_previous_runs,72,2026-01-25T20:00:00+00:00,2025-12-31T18:00:00+00:00,648.0,2025-11-30T19:00:00+00:00,2025-12-31T19:00:00+00:00,0
2026-01-27T19:00:00+00:00,2026-01-28T09:00:00+00:00,turbine_1,15,0.1505086344635201,0.01,0.1405086344635201,0.01,5.42,0.4,0.0,0.6612755236647986,True,open_meteo_previous_runs,72,2026-01-25T21:00:00+00:00,2025-12-31T18:00:00+00:00,648.0,2025-11-30T19:00:00+00:00,2025-12-31T19:00:00+00:00,0
2026-01-27T19:00:00+00:00,2026-01-28T10:00:00+00:00,turbine_1,16,0.15929469638389254,0.01,0.14929469638389253,0.01,6.18,-0.4,0.0,0.670061585585171,True,open_meteo_previous_runs,72,2026-01-25T22:00:00+00:00,2025-12-31T18:00:00+00:00,648.0,2025-11-30T19:00:00+00:00,2025-12-31T19:00:00+00:00,0
2026-01-27T19:00:00+00:00,2026-01-28T11:00:00+00:00,turbine_1,17,0.1606684021411402,0.01,0.1506684021411402,0.01,7.43,-1.5,0.0,0.6714352913424186,True,open_meteo_previous_runs,72,2026-01-25T23:00:00+00:00,2025-12-31T18:00:00+00:00,648.0,2025-11-30T19:00:00+00:00,2025-12-31T19:00:00+00:00,0
2026-01-27T19:00:00+00:00,2026-01-28T12:00:00+00:00,turbine_1,18,0.16960472455175307,0.0783333333333333,0.09127139121841978,0.01,7.82,-2.8,0.0,0.6803716137530316,True,open_meteo_previous_runs,72,2026-01-26T00:00:00+00:00,2025-12-31T18:00:00+00:00,648.0,2025-11-30T19:00:00+00:00,2025-12-31T19:00:00+00:00,0
2026-01-27T19:00:00+00:00,2026-01-28T13:00:00+00:00,turbine_1,19,0.22137840055590455,0.1716666666666666,0.04971173388923794,0.01,8.42,-3.7,0.0,0.732145289757183,True,open_meteo_previous_runs,72,2026-01-26T01:00:00+00:00,2025-12-31T18:00:00+00:00,648.0,2025-11-30T19:00:00+00:00,2025-12-31T19:00:00+00:00,0
2026-01-27T19:00:00+00:00,2026-01-28T14:00:00+00:00,turbine_1,20,0.30073427435068023,0.495,-0.19426572564931976,0.01,9.35,-3.8,0.0,0.8115011635519587,True,open_meteo_previous_runs,72,2026-01-26T02:00:00+00:00,2025-12-31T18:00:00+00:00,648.0,2025-11-30T19:00:00+00:00,2025-12-31T19:00:00+00:00,0
2026-01-27T19:00:00+00:00,2026-01-28T15:00:00+00:00,turbine_1,21,0.38540523486139067,0.7183333333333333,-0.3329280984719426,0.01,10.15,-3.8,0.0,0.8961721240626691,True,open_meteo_previous_runs,72,2026-01-26T03:00:00+00:00,2025-12-31T18:00:00+00:00,648.0,2025-11-30T19:00:00+00:00,2025-12-31T19:00:00+00:00,0
2026-01-27T19:00:00+00:00,2026-01-28T16:00:00+00:00,turbine_1,22,0.36689753398940467,0.4583333333333333,-0.09143579934392865,0.01,10.33,-4.1,0.0,0.8776644231906832,True,open_meteo_previous_runs,72,2026-01-26T04:00:00+00:00,2025-12-31T18:00:00+00:00,648.0,2025-11-30T19:00:00+00:00,2025-12-31T19:00:00+00:00,0
2026-01-27T19:00:00+00:00,2026-01-28T17:00:00+00:00,turbine_1,23,0.35026400579436107,0.3183333333333333,0.031930672461027765,0.01,10.26,-4.2,0.0,0.8610308949956396,True,open_meteo_previous_runs,72,2026-01-26T05:00:00+00:00,2025-12-31T18:00:00+00:00,648.0,2025-11-30T19:00:00+00:00,2025-12-31T19:00:00+00:00,0
2026-01-27T19:00:00+00:00,2026-01-28T18:00:00+00:00,turbine_1,24,0.357986809155051,0.2283333333333333,0.12965347582171768,0.01,10.03,-4.4,0.0,0.8687536983563294,True,open_meteo_previous_runs,72,2026-01-26T06:00:00+00:00,2025-12-31T18:00:00+00:00,648.0,2025-11-30T19:00:00+00:00,2025-12-31T19:00:00+00:00,0
2026-01-27T19:00:00+00:00,2026-01-28T19:00:00+00:00,turbine_1,25,0.3185718553885345,0.2716666666666666,0.046905188721867885,0.01,10.2,-4.6,0.0,0.8000870489899442,True,open_meteo_previous_runs,72,2026-01-26T07:00:00+00:00,2025-12-31T18:00:00+00:00,648.0,2025-11-30T19:00:00+00:00,2025-12-31T19:00:00+00:00,0
2026-01-27T19:00:00+00:00,2026-01-28T20:00:00+00:00,turbine_1,26,0.2803462918632146,0.1399999999999999,0.14034629186321468,0.01,9.39,-5.0,0.0,0.7618614854646243,True,open_meteo_previous_runs,72,2026-01-26T08:00:00+00:00,2025-12-31T18:00:00+00:00,648.0,2025-11-30T19:00:00+00:00,2025-12-31T19:00:00+00:00,0
2026-01-27T19:00:00+00:00,2026-01-28T21:00:00+00:00,turbine_1,27,0.31152373590795696,0.1999999999999999,0.11152373590795706,0.01,9.88,-5.3,0.0,0.7930389295093667,True,open_meteo_previous_runs,72,2026-01-26T09:00:00+00:00,2025-12-31T18:00:00+00:00,648.0,2025-11-30T19:00:00+00:00,2025-12-31T19:00:00+00:00,0
2026-01-27T19:00:00+00:00,2026-01-28T22:00:00+00:00,turbine_1,28,0.27329817238263704,0.2366666666666666,0.03663150571597043,0.01,9.49,-5.4,0.0,0.7548133659840468,True,open_meteo_previous_runs,72,2026-01-26T10:00:00+00:00,2025-12-31T18:00:00+00:00,648.0,2025-11-30T19:00:00+00:00,2025-12-31T19:00:00+00:00,0
2026-01-27T19:00:00+00:00,2026-01-28T23:00:00+00:00,turbine_1,29,0.26835345740283295,0.17,0.09835345740283294,0.01,9.14,-5.9,0.0,0.7498686510042427,True,open_meteo_previous_runs,72,2026-01-26T11:00:00+00:00,2025-12-31T18:00:00+00:00,648.0,2025-11-30T19:00:00+00:00,2025-12-31T19:00:00+00:00,0
2026-01-27T19:00:00+00:00,2026-01-29T00:00:00+00:00,turbine_1,30,0.14634681398678445,0.0433333333333333,0.10301348065345114,0.01,7.02,-6.6,0.0,0.6278620075881942,True,open_meteo_previous_runs,72,2026-01-26T12:00:00+00:00,2025-12-31T18:00:00+00:00,648.0,2025-11-30T19:00:00+00:00,2025-12-31T19:00:00+00:00,0
2026-01-27T19:00:00+00:00,2026-01-29T01:00:00+00:00,turbine_1,31,0.13488186223319398,0.015,0.11988186223319398,0.01,6.89,-6.7,0.0,0.6163970558346037,True,open_meteo_previous_runs,72,2026-01-26T13:00:00+00:00,2025-12-31T18:00:00+00:00,648.0,2025-11-30T19:00:00+00:00,2025-12-31T19:00:00+00:00,0
2026-01-27T19:00:00+00:00,2026-01-29T02:00:00+00:00,turbine_1,32,0.1315598032191707,0.0116666666666666,0.11989313655250411,0.01,6.77,-6.9,0.0,0.6130749968205804,True,open_meteo_previous_runs,72,2026-01-26T14:00:00+00:00,2025-12-31T18:00:00+00:00,648.0,2025-11-30T19:00:00+00:00,2025-12-31T19:00:00+00:00,0
2026-01-27T19:00:00+00:00,2026-01-29T03:00:00+00:00,turbine_1,33,0.14150208910509365,0.01,0.13150208910509364,0.01,6.54,-6.2,0.0,0.6230172827065034,True,open_meteo_previous_runs,72,2026-01-26T15:00:00+00:00,2025-12-31T18:00:00+00:00,648.0,2025-11-30T19:00:00+00:00,2025-12-31T19:00:00+00:00,0
2026-01-27T19:00:00+00:00,2026-01-29T04:00:00+00:00,turbine_1,34,0.13540760092890783,0.0249999999999999,0.11040760092890793,0.01,6.08,-3.2,0.0,0.6169227945303175,True,open_meteo_previous_runs,72,2026-01-26T16:00:00+00:00,2025-12-31T18:00:00+00:00,648.0,2025-11-30T19:00:00+00:00,2025-12-31T19:00:00+00:00,0
2026-01-27T19:00:00+00:00,2026-01-29T05:00:00+00:00,turbine_1,35,0.11525747862994708,0.0383333333333333,0.07692414529661377,0.01,6.94,-1.8,0.0,0.5967726722313568,True,open_meteo_previous_runs,72,2026-01-26T17:00:00+00:00,2025-12-31T18:00:00+00:00,648.0,2025-11-30T19:00:00+00:00,2025-12-31T19:00:00+00:00,0
2026-01-27T19:00:00+00:00,2026-01-29T06:00:00+00:00,turbine_1,36,0.14222485467654644,0.0166666666666666,0.12555818800987983,0.01,7.65,-0.3,0.0,0.6237400482779561,True,open_meteo_previous_runs,72,2026-01-26T18:00:00+00:00,2025-12-31T18:00:00+00:00,648.0,2025-11-30T19:00:00+00:00,2025-12-31T19:00:00+00:00,0
2026-01-27T19:00:00+00:00,2026-01-29T07:00:00+00:00,turbine_1,37,0.13280646775012114,0.2133333333333333,-0.08052686558321215,0.01,7.8,0.1,0.0,0.6143216613515309,True,open_meteo_previous_runs,72,2026-01-26T19:00:00+00:00,2025-12-31T18:00:00+00:00,648.0,2025-11-30T19:00:00+00:00,2025-12-31T19:00:00+00:00,0
2026-01-27T19:00:00+00:00,2026-01-29T08:00:00+00:00,turbine_1,38,0.14222485467654644,0.655,-0.5127751453234536,0.01,7.63,0.4,0.0,0.6237400482779561,True,open_meteo_previous_runs,72,2026-01-26T20:00:00+00:00,2025-12-31T18:00:00+00:00,648.0,2025-11-30T19:00:00+00:00,2025-12-31T19:00:00+00:00,0
2026-01-27T19:00:00+00:00,2026-01-29T09:00:00+00:00,turbine_1,39,0.14222485467654644,0.8666666666666667,-0.7244418119901203,0.01,7.36,0.5,0.0,0.6237400482779561,True,open_meteo_previous_runs,72,2026-01-26T21:00:00+00:00,2025-12-31T18:00:00+00:00,648.0,2025-11-30T19:00:00+00:00,2025-12-31T19:00:00+00:00,0
2026-01-27T19:00:00+00:00,2026-01-29T10:00:00+00:00,turbine_1,40,0.15342976869580663,0.8333333333333334,-0.6799035646375268,0.01,7.38,0.4,0.0,0.6349449622972163,True,open_meteo_previous_runs,72,2026-01-26T22:00:00+00:00,2025-12-31T18:00:00+00:00,648.0,2025-11-30T19:00:00+00:00,2025-12-31T19:00:00+00:00,0
2026-01-27T19:00:00+00:00,2026-01-29T11:00:00+00:00,turbine_1,41,0.1556863740653125,0.9366666666666666,-0.7809802926013542,0.01,7.38,-1.0,0.0,0.6372015676667222,True,open_meteo_previous_runs,72,2026-01-26T23:00:00+00:00,2025-12-31T18:00:00+00:00,648.0,2025-11-30T19:00:00+00:00,2025-12-31T19:00:00+00:00,0
2026-01-27T19:00:00+00:00,2026-01-29T12:00:00+00:00,turbine_1,42,0.17647075895859476,0.9583333333333334,-0.7818625743747386,0.01,8.22,-3.2,0.0,0.6579859525600045,True,open_meteo_previous_runs,72,2026-01-27T00:00:00+00:00,2025-12-31T18:00:00+00:00,648.0,2025-11-30T19:00:00+00:00,2025-12-31T19:00:00+00:00,0
2026-01-27T19:00:00+00:00,2026-01-29T13:00:00+00:00,turbine_1,43,0.18109317338100198,0.8883333333333333,-0.7072401599523314,0.01,7.94,-4.4,0.0,0.6626083669824117,True,open_meteo_previous_runs,72,2026-01-27T01:00:00+00:00,2025-12-31T18:00:00+00:00,648.0,2025-11-30T19:00:00+00:00,2025-12-31T19:00:00+00:00,0
2026-01-27T19:00:00+00:00,2026-01-29T14:00:00+00:00,turbine_1,44,0.19324239485468203,0.9116666666666666,-0.7184242718119846,0.01,7.96,-4.8,0.0,0.6747575884560917,True,open_meteo_previous_runs,72,2026-01-27T02:00:00+00:00,2025-12-31T18:00:00+00:00,648.0,2025-11-30T19:00:00+00:00,2025-12-31T19:00:00+00:00,0
2026-01-27T19:00:00+00:00,2026-01-29T15:00:00+00:00,turbine_1,45,0.22362718175188165,0.9816666666666666,-0.7580394849147849,0.01,8.99,-4.5,0.0,0.7051423753532914,True,open_meteo_previous_runs,72,2026-01-27T03:00:00+00:00,2025-12-31T18:00:00+00:00,648.0,2025-11-30T19:00:00+00:00,2025-12-31T19:00:00+00:00,0
2026-01-27T19:00:00+00:00,2026-01-29T16:00:00+00:00,turbine_1,46,0.31277536845707415,0.99,-0.6772246315429258,0.01,9.7,-4.2,0.0,0.7942905620584839,True,open_meteo_previous_runs,72,2026-01-27T04:00:00+00:00,2025-12-31T18:00:00+00:00,648.0,2025-11-30T19:00:00+00:00,2025-12-31T19:00:00+00:00,0
2026-01-27T19:00:00+00:00,2026-01-29T17:00:00+00:00,turbine_1,47,0.3530047810792233,0.99,-0.6369952189207767,0.01,10.11,-4.2,0.0,0.834519974680633,True,open_meteo_previous_runs,72,2026-01-27T05:00:00+00:00,2025-12-31T18:00:00+00:00,648.0,2025-11-30T19:00:00+00:00,2025-12-31T19:00:00+00:00,0
2026-01-27T19:00:00+00:00,2026-01-29T18:00:00+00:00,turbine_1,48,0.5561585280574471,0.99,-0.43384147194255285,0.01,10.74,-4.3,0.07464333445603744,1.0,True,open_meteo_previous_runs,72,2026-01-27T06:00:00+00:00,2025-12-31T18:00:00+00:00,648.0,2025-11-30T19:00:00+00:00,2025-12-31T19:00:00+00:00,0
2026-01-28T19:00:00+00:00,2026-01-28T19:00:00+00:00,turbine_1,1,0.3148042253248805,0.2716666666666666,0.04313755865821389,0.01,10.2,-4.6,0.0,0.825571114526159,True,open_meteo_previous_runs,72,2026-01-26T07:00:00+00:00,2025-12-31T18:00:00+00:00,672.0,2025-11-30T19:00:00+00:00,2025-12-31T19:00:00+00:00,0
2026-01-28T19:00:00+00:00,2026-01-28T20:00:00+00:00,turbine_1,2,0.2765786617995606,0.1399999999999999,0.13657866179956069,0.01,9.39,-5.0,0.0,0.787345551000839,True,open_meteo_previous_runs,72,2026-01-26T08:00:00+00:00,2025-12-31T18:00:00+00:00,672.0,2025-11-30T19:00:00+00:00,2025-12-31T19:00:00+00:00,0
2026-01-28T19:00:00+00:00,2026-01-28T21:00:00+00:00,turbine_1,3,0.30775610584430296,0.1999999999999999,0.10775610584430306,0.01,9.88,-5.3,0.0,0.8185229950455815,True,open_meteo_previous_runs,72,2026-01-26T09:00:00+00:00,2025-12-31T18:00:00+00:00,672.0,2025-11-30T19:00:00+00:00,2025-12-31T19:00:00+00:00,0
2026-01-28T19:00:00+00:00,2026-01-28T22:00:00+00:00,turbine_1,4,0.26953054231898305,0.2366666666666666,0.03286387565231644,0.01,9.49,-5.4,0.0,0.7802974315202615,True,open_meteo_previous_runs,72,2026-01-26T10:00:00+00:00,2025-12-31T18:00:00+00:00,672.0,2025-11-30T19:00:00+00:00,2025-12-31T19:00:00+00:00,0
2026-01-28T19:00:00+00:00,2026-01-28T23:00:00+00:00,turbine_1,5,0.2676977419152408,0.17,0.0976977419152408,0.01,9.14,-5.9,0.0,0.7784646311165193,True,open_meteo_previous_runs,72,2026-01-26T11:00:00+00:00,2025-12-31T18:00:00+00:00,672.0,2025-11-30T19:00:00+00:00,2025-12-31T19:00:00+00:00,0
2026-01-28T19:00:00+00:00,2026-01-29T00:00:00+00:00,turbine_1,6,0.14634681398678445,0.0433333333333333,0.10301348065345114,0.01,7.02,-6.6,0.0,0.657113703188063,True,open_meteo_previous_runs,72,2026-01-26T12:00:00+00:00,2025-12-31T18:00:00+00:00,672.0,2025-11-30T19:00:00+00:00,2025-12-31T19:00:00+00:00,0
2026-01-28T19:00:00+00:00,2026-01-29T01:00:00+00:00,turbine_1,7,0.13488186223319398,0.015,0.11988186223319398,0.01,6.89,-6.7,0.0,0.6456487514344724,True,open_meteo_previous_runs,72,2026-01-26T13:00:00+00:00,2025-12-31T18:00:00+00:00,672.0,2025-11-30T19:00:00+00:00,2025-12-31T19:00:00+00:00,0
2026-01-28T19:00:00+00:00,2026-01-29T02:00:00+00:00,turbine_1,8,0.1315598032191707,0.0116666666666666,0.11989313655250411,0.01,6.77,-6.9,0.0,0.6423266924204492,True,open_meteo_previous_runs,72,2026-01-26T14:00:00+00:00,2025-12-31T18:00:00+00:00,672.0,2025-11-30T19:00:00+00:00,2025-12-31T19:00:00+00:00,0
2026-01-28T19:00:00+00:00,2026-01-29T03:00:00+00:00,turbine_1,9,0.14150208910509365,0.01,0.13150208910509364,0.01,6.54,-6.2,0.0,0.6522689783063721,True,open_meteo_previous_runs,72,2026-01-26T15:00:00+00:00,2025-12-31T18:00:00+00:00,672.0,2025-11-30T19:00:00+00:00,2025-12-31T19:00:00+00:00,0
2026-01-28T19:00:00+00:00,2026-01-29T04:00:00+00:00,turbine_1,10,0.13540760092890783,0.0249999999999999,0.11040760092890793,0.01,6.08,-3.2,0.0,0.6461744901301862,True,open_meteo_previous_runs,72,2026-01-26T16:00:00+00:00,2025-12-31T18:00:00+00:00,672.0,2025-11-30T19:00:00+00:00,2025-12-31T19:00:00+00:00,0
2026-01-28T19:00:00+00:00,2026-01-29T05:00:00+00:00,turbine_1,11,0.11525747862994708,0.0383333333333333,0.07692414529661377,0.01,6.94,-1.8,0.0,0.6260243678312255,True,open_meteo_previous_runs,72,2026-01-26T17:00:00+00:00,2025-12-31T18:00:00+00:00,672.0,2025-11-30T19:00:00+00:00,2025-12-31T19:00:00+00:00,0
2026-01-28T19:00:00+00:00,2026-01-29T06:00:00+00:00,turbine_1,12,0.14222485467654644,0.0166666666666666,0.12555818800987983,0.01,7.65,-0.3,0.0,0.6529917438778249,True,open_meteo_previous_runs,72,2026-01-26T18:00:00+00:00,2025-12-31T18:00:00+00:00,672.0,2025-11-30T19:00:00+00:00,2025-12-31T19:00:00+00:00,0
2026-01-28T19:00:00+00:00,2026-01-29T07:00:00+00:00,turbine_1,13,0.13280646775012114,0.2133333333333333,-0.08052686558321215,0.01,7.8,0.1,0.0,0.6435733569513996,True,open_meteo_previous_runs,72,2026-01-26T19:00:00+00:00,2025-12-31T18:00:00+00:00,672.0,2025-11-30T19:00:00+00:00,2025-12-31T19:00:00+00:00,0
2026-01-28T19:00:00+00:00,2026-01-29T08:00:00+00:00,turbine_1,14,0.14222485467654644,0.655,-0.5127751453234536,0.01,7.63,0.4,0.0,0.6529917438778249,True,open_meteo_previous_runs,72,2026-01-26T20:00:00+00:00,2025-12-31T18:00:00+00:00,672.0,2025-11-30T19:00:00+00:00,2025-12-31T19:00:00+00:00,0
2026-01-28T19:00:00+00:00,2026-01-29T09:00:00+00:00,turbine_1,15,0.14222485467654644,0.8666666666666667,-0.7244418119901203,0.01,7.36,0.5,0.0,0.6529917438778249,True,open_meteo_previous_runs,72,2026-01-26T21:00:00+00:00,2025-12-31T18:00:00+00:00,672.0,2025-11-30T19:00:00+00:00,2025-12-31T19:00:00+00:00,0
2026-01-28T19:00:00+00:00,2026-01-29T10:00:00+00:00,turbine_1,16,0.15342976869580663,0.8333333333333334,-0.6799035646375268,0.01,7.38,0.4,0.0,0.664196657897085,True,open_meteo_previous_runs,72,2026-01-26T22:00:00+00:00,2025-12-31T18:00:00+00:00,672.0,2025-11-30T19:00:00+00:00,2025-12-31T19:00:00+00:00,0
2026-01-28T19:00:00+00:00,2026-01-29T11:00:00+00:00,turbine_1,17,0.1556863740653125,0.9366666666666666,-0.7809802926013542,0.01,7.38,-1.0,0.0,0.6664532632665909,True,open_meteo_previous_runs,72,2026-01-26T23:00:00+00:00,2025-12-31T18:00:00+00:00,672.0,2025-11-30T19:00:00+00:00,2025-12-31T19:00:00+00:00,0
2026-01-28T19:00:00+00:00,2026-01-29T12:00:00+00:00,turbine_1,18,0.17647075895859476,0.9583333333333334,-0.7818625743747386,0.01,8.22,-3.2,0.0,0.6872376481598732,True,open_meteo_previous_runs,72,2026-01-27T00:00:00+00:00,2025-12-31T18:00:00+00:00,672.0,2025-11-30T19:00:00+00:00,2025-12-31T19:00:00+00:00,0
2026-01-28T19:00:00+00:00,2026-01-29T13:00:00+00:00,turbine_1,19,0.18109317338100198,0.8883333333333333,-0.7072401599523314,0.01,7.94,-4.4,0.0,0.6918600625822804,True,open_meteo_previous_runs,72,2026-01-27T01:00:00+00:00,2025-12-31T18:00:00+00:00,672.0,2025-11-30T19:00:00+00:00,2025-12-31T19:00:00+00:00,0
2026-01-28T19:00:00+00:00,2026-01-29T14:00:00+00:00,turbine_1,20,0.19324239485468203,0.9116666666666666,-0.7184242718119846,0.01,7.96,-4.8,0.0,0.7040092840559604,True,open_meteo_previous_runs,72,2026-01-27T02:00:00+00:00,2025-12-31T18:00:00+00:00,672.0,2025-11-30T19:00:00+00:00,2025-12-31T19:00:00+00:00,0
2026-01-28T19:00:00+00:00,2026-01-29T15:00:00+00:00,turbine_1,21,0.22362718175188165,0.9816666666666666,-0.7580394849147849,0.01,8.99,-4.5,0.0,0.7343940709531601,True,open_meteo_previous_runs,72,2026-01-27T03:00:00+00:00,2025-12-31T18:00:00+00:00,672.0,2025-11-30T19:00:00+00:00,2025-12-31T19:00:00+00:00,0
2026-01-28T19:00:00+00:00,2026-01-29T16:00:00+00:00,turbine_1,22,0.31277536845707415,0.99,-0.6772246315429258,0.01,9.7,-4.2,0.0,0.8235422576583526,True,open_meteo_previous_runs,72,2026-01-27T04:00:00+00:00,2025-12-31T18:00:00+00:00,672.0,2025-11-30T19:00:00+00:00,2025-12-31T19:00:00+00:00,0
2026-01-28T19:00:00+00:00,2026-01-29T17:00:00+00:00,turbine_1,23,0.3530047810792233,0.99,-0.6369952189207767,0.01,10.11,-4.2,0.0,0.8637716702805017,True,open_meteo_previous_runs,72,2026-01-27T05:00:00+00:00,2025-12-31T18:00:00+00:00,672.0,2025-11-30T19:00:00+00:00,2025-12-31T19:00:00+00:00,0
2026-01-28T19:00:00+00:00,2026-01-29T18:00:00+00:00,turbine_1,24,0.5561585280574471,0.99,-0.43384147194255285,0.01,10.74,-4.3,0.0453916388561687,1.0,True,open_meteo_previous_runs,72,2026-01-27T06:00:00+00:00,2025-12-31T18:00:00+00:00,672.0,2025-11-30T19:00:00+00:00,2025-12-31T19:00:00+00:00,0
2026-01-28T19:00:00+00:00,2026-01-29T19:00:00+00:00,turbine_1,25,0.5483937608125391,0.8466666666666667,-0.2982729058541276,0.01,11.7,-4.4,0.06687856721112939,1.0,True,open_meteo_previous_runs,72,2026-01-27T07:00:00+00:00,2025-12-31T18:00:00+00:00,672.0,2025-11-30T19:00:00+00:00,2025-12-31T19:00:00+00:00,0
2026-01-28T19:00:00+00:00,2026-01-29T20:00:00+00:00,turbine_1,26,0.6286179571169883,0.6749999999999999,-0.04638204288301162,0.01,11.94,-4.4,0.1471027635155786,1.0,True,open_meteo_previous_runs,72,2026-01-27T08:00:00+00:00,2025-12-31T18:00:00+00:00,672.0,2025-11-30T19:00:00+00:00,2025-12-31T19:00:00+00:00,0
2026-01-28T19:00:00+00:00,2026-01-29T21:00:00+00:00,turbine_1,27,0.6161162711238163,0.6966666666666667,-0.08055039554285037,0.01,11.88,-4.5,0.13460107752240658,1.0,True,open_meteo_previous_runs,72,2026-01-27T09:00:00+00:00,2025-12-31T18:00:00+00:00,672.0,2025-11-30T19:00:00+00:00,2025-12-31T19:00:00+00:00,0
2026-01-28T19:00:00+00:00,2026-01-29T22:00:00+00:00,turbine_1,28,0.6188050866502186,0.4666666666666666,0.152138419983552,0.01,12.45,-4.5,0.1372898930488089,1.0,True,open_meteo_previous_runs,72,2026-01-27T10:00:00+00:00,2025-12-31T18:00:00+00:00,672.0,2025-11-30T19:00:00+00:00,2025-12-31T19:00:00+00:00,0
2026-01-28T19:00:00+00:00,2026-01-29T23:00:00+00:00,turbine_1,29,0.5971400435227606,0.4016666666666666,0.195473376856094,0.01,12.81,-4.7,0.11562484992135091,1.0,True,open_meteo_previous_runs,72,2026-01-27T11:00:00+00:00,2025-12-31T18:00:00+00:00,672.0,2025-11-30T19:00:00+00:00,2025-12-31T19:00:00+00:00,0
2026-01-28T19:00:00+00:00,2026-01-30T00:00:00+00:00,turbine_1,30,0.6118780232303617,0.7016666666666667,-0.089788643436305,0.01,13.24,-4.1,0.13036282962895196,1.0,True,open_meteo_previous_runs,72,2026-01-27T12:00:00+00:00,2025-12-31T18:00:00+00:00,672.0,2025-11-30T19:00:00+00:00,2025-12-31T19:00:00+00:00,0
2026-01-28T19:00:00+00:00,2026-01-30T01:00:00+00:00,turbine_1,31,0.6117694321592668,0.7133333333333334,-0.10156390117406655,0.01,13.2,-4.3,0.13025423855785712,1.0,True,open_meteo_previous_runs,72,2026-01-27T13:00:00+00:00,2025-12-31T18:00:00+00:00,672.0,2025-11-30T19:00:00+00:00,2025-12-31T19:00:00+00:00,0
2026-01-28T19:00:00+00:00,2026-01-30T02:00:00+00:00,turbine_1,32,0.6779211453163392,0.5516666666666666,0.12625447864967254,0.01,13.38,-4.5,0.19640595171492947,1.0,True,open_meteo_previous_runs,72,2026-01-27T14:00:00+00:00,2025-12-31T18:00:00+00:00,672.0,2025-11-30T19:00:00+00:00,2025-12-31T19:00:00+00:00,0
2026-01-28T19:00:00+00:00,2026-01-30T03:00:00+00:00,turbine_1,33,0.6910884139955688,0.5716666666666667,0.1194217473289021,0.01,14.2,-4.0,0.20957322039415904,1.0,True,open_meteo_previous_runs,72,2026-01-27T15:00:00+00:00,2025-12-31T18:00:00+00:00,672.0,2025-11-30T19:00:00+00:00,2025-12-31T19:00:00+00:00,0
2026-01-28T19:00:00+00:00,2026-01-30T04:00:00+00:00,turbine_1,34,0.7477491414681482,0.7983333333333333,-0.050584191865185146,0.01,15.43,-2.6,0.2662339478667385,1.0,True,open_meteo_previous_runs,72,2026-01-27T16:00:00+00:00,2025-12-31T18:00:00+00:00,672.0,2025-11-30T19:00:00+00:00,2025-12-31T19:00:00+00:00,0
2026-01-28T19:00:00+00:00,2026-01-30T05:00:00+00:00,turbine_1,35,0.7354422805626288,0.9416666666666668,-0.20622438610403793,0.01,16.42,-0.7,0.25392708696121913,1.0,True,open_meteo_previous_runs,72,2026-01-27T17:00:00+00:00,2025-12-31T18:00:00+00:00,672.0,2025-11-30T19:00:00+00:00,2025-12-31T19:00:00+00:00,0
2026-01-28T19:00:00+00:00,2026-01-30T06:00:00+00:00,turbine_1,36,0.777407622255019,0.96,-0.18259237774498094,0.01,15.92,1.0,0.2958924286536093,1.0,True,open_meteo_previous_runs,72,2026-01-27T18:00:00+00:00,2025-12-31T18:00:00+00:00,672.0,2025-11-30T19:00:00+00:00,2025-12-31T19:00:00+00:00,0
2026-01-28T19:00:00+00:00,2026-01-30T07:00:00+00:00,turbine_1,37,0.7622258997793219,0.975,-0.2127741002206781,0.01,16.06,2.0,0.28071070617791216,1.0,True,open_meteo_previous_runs,72,2026-01-27T19:00:00+00:00,2025-12-31T18:00:00+00:00,672.0,2025-11-30T19:00:00+00:00,2025-12-31T19:00:00+00:00,0
2026-01-28T19:00:00+00:00,2026-01-30T08:00:00+00:00,turbine_1,38,0.7816012763148403,0.9833333333333334,-0.20173205701849306,0.01,15.73,2.4,0.3000860827134306,1.0,True,open_meteo_previous_runs,72,2026-01-27T20:00:00+00:00,2025-12-31T18:00:00+00:00,672.0,2025-11-30T19:00:00+00:00,2025-12-31T19:00:00+00:00,0
2026-01-28T19:00:00+00:00,2026-01-30T09:00:00+00:00,turbine_1,39,0.7816012763148403,0.945,-0.16339872368515962,0.01,15.15,2.7,0.3000860827134306,1.0,True,open_meteo_previous_runs,72,2026-01-27T21:00:00+00:00,2025-12-31T18:00:00+00:00,672.0,2025-11-30T19:00:00+00:00,2025-12-31T19:00:00+00:00,0
2026-01-28T19:00:00+00:00,2026-01-30T10:00:00+00:00,turbine_1,40,0.7727473539142107,0.9633333333333334,-0.1905859794191227,0.01,14.67,2.1,0.29123216031280097,1.0,True,open_meteo_previous_runs,72,2026-01-27T22:00:00+00:00,2025-12-31T18:00:00+00:00,672.0,2025-11-30T19:00:00+00:00,2025-12-31T19:00:00+00:00,0
2026-01-28T19:00:00+00:00,2026-01-30T11:00:00+00:00,turbine_1,41,0.7379048836629644,0.93,-0.1920951163370357,0.01,13.33,1.1,0.25638969006155465,1.0,True,open_meteo_previous_runs,72,2026-01-27T23:00:00+00:00,2025-12-31T18:00:00+00:00,672.0,2025-11-30T19:00:00+00:00,2025-12-31T19:00:00+00:00,0
2026-01-28T19:00:00+00:00,2026-01-30T12:00:00+00:00,turbine_1,42,0.7559139539537659,0.9616666666666666,-0.20575271271290063,0.01,14.45,-0.6,0.2743987603523562,1.0,True,open_meteo_previous_runs,72,2026-01-28T00:00:00+00:00,2025-12-31T18:00:00+00:00,672.0,2025-11-30T19:00:00+00:00,2025-12-31T19:00:00+00:00,0
2026-01-28T19:00:00+00:00,2026-01-30T13:00:00+00:00,turbine_1,43,0.7535811256605326,0.7466666666666667,0.006914458993865891,0.01,14.4,-1.0,0.2720659320591229,1.0,True,open_meteo_previous_runs,72,2026-01-28T01:00:00+00:00,2025-12-31T18:00:00+00:00,672.0,2025-11-30T19:00:00+00:00,2025-12-31T19:00:00+00:00,0
2026-01-28T19:00:00+00:00,2026-01-30T14:00:00+00:00,turbine_1,44,0.7541624168174971,0.75,0.004162416817497072,0.01,14.09,-1.4,0.27264722321608736,1.0,True,open_meteo_previous_runs,72,2026-01-28T02:00:00+00:00,2025-12-31T18:00:00+00:00,672.0,2025-11-30T19:00:00+00:00,2025-12-31T19:00:00+00:00,0
2026-01-28T19:00:00+00:00,2026-01-30T15:00:00+00:00,turbine_1,45,0.7399906054127556,0.5399999999999999,0.1999906054127557,0.01,13.25,-1.5,0.2584754118113459,1.0,True,open_meteo_previous_runs,72,2026-01-28T03:00:00+00:00,2025-12-31T18:00:00+00:00,672.0,2025-11-30T19:00:00+00:00,2025-12-31T19:00:00+00:00,0
2026-01-28T19:00:00+00:00,2026-01-30T16:00:00+00:00,turbine_1,46,0.6636547269319725,0.4616666666666666,0.20198806026530586,0.01,12.94,-1.6,0.18213953333056276,1.0,True,open_meteo_previous_runs,72,2026-01-28T04:00:00+00:00,2025-12-31T18:00:00+00:00,672.0,2025-11-30T19:00:00+00:00,2025-12-31T19:00:00+00:00,0
2026-01-28T19:00:00+00:00,2026-01-30T17:00:00+00:00,turbine_1,47,0.6638657379016089,0.29,0.3738657379016089,0.01,12.59,-1.6,0.18235054430019915,1.0,True,open_meteo_previous_runs,72,2026-01-28T05:00:00+00:00,2025-12-31T18:00:00+00:00,672.0,2025-11-30T19:00:00+00:00,2025-12-31T19:00:00+00:00,0
2026-01-28T19:00:00+00:00,2026-01-30T18:00:00+00:00,turbine_1,48,0.6611769223752065,0.155,0.5061769223752065,0.01,12.02,-1.9,0.17966172877379682,1.0,True,open_meteo_previous_runs,72,2026-01-28T06:00:00+00:00,2025-12-31T18:00:00+00:00,672.0,2025-11-30T19:00:00+00:00,2025-12-31T19:00:00+00:00,0
2026-01-29T19:00:00+00:00,2026-01-29T19:00:00+00:00,turbine_1,1,0.5446261307488851,0.8466666666666667,-0.30204053591778157,0.01,11.7,-4.4,0.03385924154760667,1.0,True,open_meteo_previous_runs,72,2026-01-27T07:00:00+00:00,2025-12-31T18:00:00+00:00,696.0,2025-11-30T19:00:00+00:00,2025-12-31T19:00:00+00:00,0
2026-01-29T19:00:00+00:00,2026-01-29T20:00:00+00:00,turbine_1,2,0.6248503270533343,0.6749999999999999,-0.05014967294666561,0.01,11.94,-4.4,0.11408343785205588,1.0,True,open_meteo_previous_runs,72,2026-01-27T08:00:00+00:00,2025-12-31T18:00:00+00:00,696.0,2025-11-30T19:00:00+00:00,2025-12-31T19:00:00+00:00,0
2026-01-29T19:00:00+00:00,2026-01-29T21:00:00+00:00,turbine_1,3,0.6123486410601625,0.6966666666666667,-0.08431802560650414,0.01,11.88,-4.5,0.10158175185888407,1.0,True,open_meteo_previous_runs,72,2026-01-27T09:00:00+00:00,2025-12-31T18:00:00+00:00,696.0,2025-11-30T19:00:00+00:00,2025-12-31T19:00:00+00:00,0
2026-01-29T19:00:00+00:00,2026-01-29T22:00:00+00:00,turbine_1,4,0.6150374565865648,0.4666666666666666,0.14837078991989822,0.01,12.45,-4.5,0.1042705673852864,1.0,True,open_meteo_previous_runs,72,2026-01-27T10:00:00+00:00,2025-12-31T18:00:00+00:00,696.0,2025-11-30T19:00:00+00:00,2025-12-31T19:00:00+00:00,0
2026-01-29T19:00:00+00:00,2026-01-29T23:00:00+00:00,turbine_1,5,0.5942018516949114,0.4016666666666666,0.19253518502824474,0.01,12.81,-4.7,0.08343496249363291,1.0,True,open_meteo_previous_runs,72,2026-01-27T11:00:00+00:00,2025-12-31T18:00:00+00:00,696.0,2025-11-30T19:00:00+00:00,2025-12-31T19:00:00+00:00,0
2026-01-29T19:00:00+00:00,2026-01-30T00:00:00+00:00,turbine_1,6,0.6089398314025124,0.7016666666666667,-0.09272683526415426,0.01,13.24,-4.1,0.09817294220123396,1.0,True,open_meteo_previous_runs,72,2026-01-27T12:00:00+00:00,2025-12-31T18:00:00+00:00,696.0,2025-11-30T19:00:00+00:00,2025-12-31T19:00:00+00:00,0
2026-01-29T19:00:00+00:00,2026-01-30T01:00:00+00:00,turbine_1,7,0.6088312403314176,0.7133333333333334,-0.10450209300191582,0.01,13.2,-4.3,0.09806435113013912,1.0,True,open_meteo_previous_runs,72,2026-01-27T13:00:00+00:00,2025-12-31T18:00:00+00:00,696.0,2025-11-30T19:00:00+00:00,2025-12-31T19:00:00+00:00,0
2026-01-29T19:00:00+00:00,2026-01-30T02:00:00+00:00,turbine_1,8,0.6749829534884897,0.5516666666666666,0.12331628682182305,0.01,13.38,-4.5,0.16421606428721125,1.0,True,open_meteo_previous_runs,72,2026-01-27T14:00:00+00:00,2025-12-31T18:00:00+00:00,696.0,2025-11-30T19:00:00+00:00,2025-12-31T19:00:00+00:00,0
2026-01-29T19:00:00+00:00,2026-01-30T03:00:00+00:00,turbine_1,9,0.6881502221677193,0.5716666666666667,0.1164835555010526,0.01,14.2,-4.0,0.17738333296644082,1.0,True,open_meteo_previous_runs,72,2026-01-27T15:00:00+00:00,2025-12-31T18:00:00+00:00,696.0,2025-11-30T19:00:00+00:00,2025-12-31T19:00:00+00:00,0
2026-01-29T19:00:00+00:00,2026-01-30T04:00:00+00:00,turbine_1,10,0.7477491414681482,0.7983333333333333,-0.050584191865185146,0.01,15.43,-2.6,0.23698225226686975,1.0,True,open_meteo_previous_runs,72,2026-01-27T16:00:00+00:00,2025-12-31T18:00:00+00:00,696.0,2025-11-30T19:00:00+00:00,2025-12-31T19:00:00+00:00,0
2026-01-29T19:00:00+00:00,2026-01-30T05:00:00+00:00,turbine_1,11,0.7354422805626288,0.9416666666666668,-0.20622438610403793,0.01,16.42,-0.7,0.2246753913613504,1.0,True,open_meteo_previous_runs,72,2026-01-27T17:00:00+00:00,2025-12-31T18:00:00+00:00,696.0,2025-11-30T19:00:00+00:00,2025-12-31T19:00:00+00:00,0
2026-01-29T19:00:00+00:00,2026-01-30T06:00:00+00:00,turbine_1,12,0.777407622255019,0.96,-0.18259237774498094,0.01,15.92,1.0,0.2666407330537406,1.0,True,open_meteo_previous_runs,72,2026-01-27T18:00:00+00:00,2025-12-31T18:00:00+00:00,696.0,2025-11-30T19:00:00+00:00,2025-12-31T19:00:00+00:00,0
2026-01-29T19:00:00+00:00,2026-01-30T07:00:00+00:00,turbine_1,13,0.7622258997793219,0.975,-0.2127741002206781,0.01,16.06,2.0,0.25145901057804343,1.0,True,open_meteo_previous_runs,72,2026-01-27T19:00:00+00:00,2025-12-31T18:00:00+00:00,696.0,2025-11-30T19:00:00+00:00,2025-12-31T19:00:00+00:00,0
2026-01-29T19:00:00+00:00,2026-01-30T08:00:00+00:00,turbine_1,14,0.7816012763148403,0.9833333333333334,-0.20173205701849306,0.01,15.73,2.4,0.2708343871135619,1.0,True,open_meteo_previous_runs,72,2026-01-27T20:00:00+00:00,2025-12-31T18:00:00+00:00,696.0,2025-11-30T19:00:00+00:00,2025-12-31T19:00:00+00:00,0
2026-01-29T19:00:00+00:00,2026-01-30T09:00:00+00:00,turbine_1,15,0.7816012763148403,0.945,-0.16339872368515962,0.01,15.15,2.7,0.2708343871135619,1.0,True,open_meteo_previous_runs,72,2026-01-27T21:00:00+00:00,2025-12-31T18:00:00+00:00,696.0,2025-11-30T19:00:00+00:00,2025-12-31T19:00:00+00:00,0
2026-01-29T19:00:00+00:00,2026-01-30T10:00:00+00:00,turbine_1,16,0.7727473539142107,0.9633333333333334,-0.1905859794191227,0.01,14.67,2.1,0.26198046471293224,1.0,True,open_meteo_previous_runs,72,2026-01-27T22:00:00+00:00,2025-12-31T18:00:00+00:00,696.0,2025-11-30T19:00:00+00:00,2025-12-31T19:00:00+00:00,0
2026-01-29T19:00:00+00:00,2026-01-30T11:00:00+00:00,turbine_1,17,0.7379048836629644,0.93,-0.1920951163370357,0.01,13.33,1.1,0.22713799446168592,1.0,True,open_meteo_previous_runs,72,2026-01-27T23:00:00+00:00,2025-12-31T18:00:00+00:00,696.0,2025-11-30T19:00:00+00:00,2025-12-31T19:00:00+00:00,0
2026-01-29T19:00:00+00:00,2026-01-30T12:00:00+00:00,turbine_1,18,0.7559139539537659,0.9616666666666666,-0.20575271271290063,0.01,14.45,-0.6,0.2451470647524875,1.0,True,open_meteo_previous_runs,72,2026-01-28T00:00:00+00:00,2025-12-31T18:00:00+00:00,696.0,2025-11-30T19:00:00+00:00,2025-12-31T19:00:00+00:00,0
2026-01-29T19:00:00+00:00,2026-01-30T13:00:00+00:00,turbine_1,19,0.7535811256605326,0.7466666666666667,0.006914458993865891,0.01,14.4,-1.0,0.24281423645925415,1.0,True,open_meteo_previous_runs,72,2026-01-28T01:00:00+00:00,2025-12-31T18:00:00+00:00,696.0,2025-11-30T19:00:00+00:00,2025-12-31T19:00:00+00:00,0
2026-01-29T19:00:00+00:00,2026-01-30T14:00:00+00:00,turbine_1,20,0.7541624168174971,0.75,0.004162416817497072,0.01,14.09,-1.4,0.24339552761621863,1.0,True,open_meteo_previous_runs,72,2026-01-28T02:00:00+00:00,2025-12-31T18:00:00+00:00,696.0,2025-11-30T19:00:00+00:00,2025-12-31T19:00:00+00:00,0
2026-01-29T19:00:00+00:00,2026-01-30T15:00:00+00:00,turbine_1,21,0.7399906054127556,0.5399999999999999,0.1999906054127557,0.01,13.25,-1.5,0.2292237162114772,1.0,True,open_meteo_previous_runs,72,2026-01-28T03:00:00+00:00,2025-12-31T18:00:00+00:00,696.0,2025-11-30T19:00:00+00:00,2025-12-31T19:00:00+00:00,0
2026-01-29T19:00:00+00:00,2026-01-30T16:00:00+00:00,turbine_1,22,0.6636547269319725,0.4616666666666666,0.20198806026530586,0.01,12.94,-1.6,0.15288783773069403,1.0,True,open_meteo_previous_runs,72,2026-01-28T04:00:00+00:00,2025-12-31T18:00:00+00:00,696.0,2025-11-30T19:00:00+00:00,2025-12-31T19:00:00+00:00,0
2026-01-29T19:00:00+00:00,2026-01-30T17:00:00+00:00,turbine_1,23,0.6638657379016089,0.29,0.3738657379016089,0.01,12.59,-1.6,0.15309884870033041,1.0,True,open_meteo_previous_runs,72,2026-01-28T05:00:00+00:00,2025-12-31T18:00:00+00:00,696.0,2025-11-30T19:00:00+00:00,2025-12-31T19:00:00+00:00,0
2026-01-29T19:00:00+00:00,2026-01-30T18:00:00+00:00,turbine_1,24,0.6611769223752065,0.155,0.5061769223752065,0.01,12.02,-1.9,0.1504100331739281,1.0,True,open_meteo_previous_runs,72,2026-01-28T06:00:00+00:00,2025-12-31T18:00:00+00:00,696.0,2025-11-30T19:00:00+00:00,2025-12-31T19:00:00+00:00,0
2026-01-29T19:00:00+00:00,2026-01-30T19:00:00+00:00,turbine_1,25,0.6286179571169883,0.1383333333333333,0.490284623783655,0.01,12.11,-1.8,0.1471027635155786,1.0,True,open_meteo_previous_runs,72,2026-01-28T07:00:00+00:00,2025-12-31T18:00:00+00:00,696.0,2025-11-30T19:00:00+00:00,2025-12-31T19:00:00+00:00,0
2026-01-29T19:00:00+00:00,2026-01-30T20:00:00+00:00,turbine_1,26,0.6286179571169883,0.1433333333333333,0.485284623783655,0.01,12.14,-1.9,0.1471027635155786,1.0,True,open_meteo_previous_runs,72,2026-01-28T08:00:00+00:00,2025-12-31T18:00:00+00:00,696.0,2025-11-30T19:00:00+00:00,2025-12-31T19:00:00+00:00,0
2026-01-29T19:00:00+00:00,2026-01-30T21:00:00+00:00,turbine_1,27,0.7078591894181114,0.1866666666666666,0.5211925227514449,0.01,13.0,-2.0,0.22634399581670173,1.0,True,open_meteo_previous_runs,72,2026-01-28T09:00:00+00:00,2025-12-31T18:00:00+00:00,696.0,2025-11-30T19:00:00+00:00,2025-12-31T19:00:00+00:00,0
2026-01-29T19:00:00+00:00,2026-01-30T22:00:00+00:00,turbine_1,28,0.7773329615892071,0.13,0.6473329615892071,0.01,13.52,-2.1,0.29581776798779735,1.0,True,open_meteo_previous_runs,72,2026-01-28T10:00:00+00:00,2025-12-31T18:00:00+00:00,696.0,2025-11-30T19:00:00+00:00,2025-12-31T19:00:00+00:00,0
2026-01-29T19:00:00+00:00,2026-01-30T23:00:00+00:00,turbine_1,29,0.7667750408993261,0.0783333333333333,0.6884417075659929,0.01,13.66,-2.6,0.2852598472979164,1.0,True,open_meteo_previous_runs,72,2026-01-28T11:00:00+00:00,2025-12-31T18:00:00+00:00,696.0,2025-11-30T19:00:00+00:00,2025-12-31T19:00:00+00:00,0
2026-01-29T19:00:00+00:00,2026-01-31T00:00:00+00:00,turbine_1,30,0.6813517954014573,0.1116666666666666,0.5696851287347907,0.01,13.34,-2.7,0.1998366018000476,1.0,True,open_meteo_previous_runs,72,2026-01-28T12:00:00+00:00,2025-12-31T18:00:00+00:00,696.0,2025-11-30T19:00:00+00:00,2025-12-31T19:00:00+00:00,0
2026-01-29T19:00:00+00:00,2026-01-31T01:00:00+00:00,turbine_1,31,0.6812432043303625,0.145,0.5362432043303624,0.01,13.51,-2.7,0.19972801072895274,1.0,True,open_meteo_previous_runs,72,2026-01-28T13:00:00+00:00,2025-12-31T18:00:00+00:00,696.0,2025-11-30T19:00:00+00:00,2025-12-31T19:00:00+00:00,0
2026-01-29T19:00:00+00:00,2026-01-31T02:00:00+00:00,turbine_1,32,0.6084473731452436,0.48,0.12844737314524357,0.01,13.28,-3.1,0.12693217954383385,1.0,True,open_meteo_previous_runs,72,2026-01-28T14:00:00+00:00,2025-12-31T18:00:00+00:00,696.0,2025-11-30T19:00:00+00:00,2025-12-31T19:00:00+00:00,0
2026-01-29T19:00:00+00:00,2026-01-31T03:00:00+00:00,turbine_1,33,0.6779211453163392,0.5016666666666666,0.17625447864967259,0.01,13.52,-3.1,0.19640595171492947,1.0,True,open_meteo_previous_runs,72,2026-01-28T15:00:00+00:00,2025-12-31T18:00:00+00:00,696.0,2025-11-30T19:00:00+00:00,2025-12-31T19:00:00+00:00,0
2026-01-29T19:00:00+00:00,2026-01-31T04:00:00+00:00,turbine_1,34,0.6547286328568188,0.5216666666666666,0.1330619661901522,0.01,13.37,-1.7,0.1732134392554091,1.0,True,open_meteo_previous_runs,72,2026-01-28T16:00:00+00:00,2025-12-31T18:00:00+00:00,696.0,2025-11-30T19:00:00+00:00,2025-12-31T19:00:00+00:00,0
2026-01-29T19:00:00+00:00,2026-01-31T05:00:00+00:00,turbine_1,35,0.6589738745085452,0.95,-0.2910261254914548,0.01,14.19,0.2,0.17745868090713546,1.0,True,open_meteo_previous_runs,72,2026-01-28T17:00:00+00:00,2025-12-31T18:00:00+00:00,696.0,2025-11-30T19:00:00+00:00,2025-12-31T19:00:00+00:00,0
2026-01-29T19:00:00+00:00,2026-01-31T06:00:00+00:00,turbine_1,36,0.7095022401137886,0.9583333333333334,-0.24883109321954477,0.01,14.46,1.1,0.2279870465123789,1.0,True,open_meteo_previous_runs,72,2026-01-28T18:00:00+00:00,2025-12-31T18:00:00+00:00,696.0,2025-11-30T19:00:00+00:00,2025-12-31T19:00:00+00:00,0
2026-01-29T19:00:00+00:00,2026-01-31T07:00:00+00:00,turbine_1,37,0.7651912726847917,0.9266666666666666,-0.16147539398187494,0.01,14.51,2.3,0.283676079083382,1.0,True,open_meteo_previous_runs,72,2026-01-28T19:00:00+00:00,2025-12-31T18:00:00+00:00,696.0,2025-11-30T19:00:00+00:00,2025-12-31T19:00:00+00:00,0
2026-01-29T19:00:00+00:00,2026-01-31T08:00:00+00:00,turbine_1,38,0.7080410068663533,0.945,-0.23695899313364666,0.01,13.8,2.9,0.2265258132649436,1.0,True,open_meteo_previous_runs,72,2026-01-28T20:00:00+00:00,2025-12-31T18:00:00+00:00,696.0,2025-11-30T19:00:00+00:00,2025-12-31T19:00:00+00:00,0
2026-01-29T19:00:00+00:00,2026-01-31T09:00:00+00:00,turbine_1,39,0.7033342292806783,0.8783333333333333,-0.17499910405265495,0.01,13.39,3.1,0.22181903567926864,1.0,True,open_meteo_previous_runs,72,2026-01-28T21:00:00+00:00,2025-12-31T18:00:00+00:00,696.0,2025-11-30T19:00:00+00:00,2025-12-31T19:00:00+00:00,0
2026-01-29T19:00:00+00:00,2026-01-31T10:00:00+00:00,turbine_1,40,0.5605988803062083,0.875,-0.3144011196937917,0.01,12.28,2.6,0.0790836867047986,1.0,True,open_meteo_previous_runs,72,2026-01-28T22:00:00+00:00,2025-12-31T18:00:00+00:00,696.0,2025-11-30T19:00:00+00:00,2025-12-31T19:00:00+00:00,0
2026-01-29T19:00:00+00:00,2026-01-31T11:00:00+00:00,turbine_1,41,0.5334940682343917,0.8450000000000001,-0.31150593176560837,0.01,11.36,1.4,0.05197887463298201,1.0,True,open_meteo_previous_runs,72,2026-01-28T23:00:00+00:00,2025-12-31T18:00:00+00:00,696.0,2025-11-30T19:00:00+00:00,2025-12-31T19:00:00+00:00,0
2026-01-29T19:00:00+00:00,2026-01-31T12:00:00+00:00,turbine_1,42,0.31908735538223293,0.7983333333333333,-0.4792459779511004,0.01,9.8,-0.0,0.0,0.8006025489836426,True,open_meteo_previous_runs,72,2026-01-29T00:00:00+00:00,2025-12-31T18:00:00+00:00,696.0,2025-11-30T19:00:00+00:00,2025-12-31T19:00:00+00:00,0
2026-01-29T19:00:00+00:00,2026-01-31T13:00:00+00:00,turbine_1,43,0.2979747888009446,0.81,-0.5120252111990555,0.01,9.44,-0.9,0.0,0.7794899824023542,True,open_meteo_previous_runs,72,2026-01-29T01:00:00+00:00,2025-12-31T18:00:00+00:00,696.0,2025-11-30T19:00:00+00:00,2025-12-31T19:00:00+00:00,0
2026-01-29T19:00:00+00:00,2026-01-31T14:00:00+00:00,turbine_1,44,0.20033301255902583,0.8216666666666667,-0.6213336541076409,0.01,8.19,-1.0,0.0,0.6818482061604355,True,open_meteo_previous_runs,72,2026-01-29T02:00:00+00:00,2025-12-31T18:00:00+00:00,696.0,2025-11-30T19:00:00+00:00,2025-12-31T19:00:00+00:00,0
2026-01-29T19:00:00+00:00,2026-01-31T15:00:00+00:00,turbine_1,45,0.19672646459096627,0.3383333333333334,-0.1416068687423671,0.01,6.93,-1.1,0.0,0.678241658192376,True,open_meteo_previous_runs,72,2026-01-29T03:00:00+00:00,2025-12-31T18:00:00+00:00,696.0,2025-11-30T19:00:00+00:00,2025-12-31T19:00:00+00:00,0
2026-01-29T19:00:00+00:00,2026-01-31T16:00:00+00:00,turbine_1,46,0.20577217627257943,0.03,0.17577217627257943,0.01,5.41,-1.2,0.0,0.6872873698739892,True,open_meteo_previous_runs,72,2026-01-29T04:00:00+00:00,2025-12-31T18:00:00+00:00,696.0,2025-11-30T19:00:00+00:00,2025-12-31T19:00:00+00:00,0
2026-01-29T19:00:00+00:00,2026-01-31T17:00:00+00:00,turbine_1,47,0.1633623999701249,0.0166666666666666,0.14669573330345828,0.01,3.54,-1.4,0.0,0.6448775935715346,True,open_meteo_previous_runs,72,2026-01-29T05:00:00+00:00,2025-12-31T18:00:00+00:00,696.0,2025-11-30T19:00:00+00:00,2025-12-31T19:00:00+00:00,0
2026-01-29T19:00:00+00:00,2026-01-31T18:00:00+00:00,turbine_1,48,0.19460882622885622,0.1999999999999999,-0.005391173771143676,0.01,5.96,-0.3,0.0,0.6761240198302659,True,open_meteo_previous_runs,72,2026-01-29T06:00:00+00:00,2025-12-31T18:00:00+00:00,696.0,2025-11-30T19:00:00+00:00,2025-12-31T19:00:00+00:00,0
2026-01-30T19:00:00+00:00,2026-01-30T19:00:00+00:00,turbine_1,1,0.6248503270533343,0.1383333333333333,0.486516993720001,0.01,12.11,-1.8,0.11408343785205588,1.0,True,open_meteo_previous_runs,72,2026-01-28T07:00:00+00:00,2025-12-31T18:00:00+00:00,720.0,2025-11-30T19:00:00+00:00,2025-12-31T19:00:00+00:00,0
2026-01-30T19:00:00+00:00,2026-01-30T20:00:00+00:00,turbine_1,2,0.6248503270533343,0.1433333333333333,0.481516993720001,0.01,12.14,-1.9,0.11408343785205588,1.0,True,open_meteo_previous_runs,72,2026-01-28T08:00:00+00:00,2025-12-31T18:00:00+00:00,720.0,2025-11-30T19:00:00+00:00,2025-12-31T19:00:00+00:00,0
2026-01-30T19:00:00+00:00,2026-01-30T21:00:00+00:00,turbine_1,3,0.7040915593544577,0.1866666666666666,0.5174248926877911,0.01,13.0,-2.0,0.19332467015317922,1.0,True,open_meteo_previous_runs,72,2026-01-28T09:00:00+00:00,2025-12-31T18:00:00+00:00,720.0,2025-11-30T19:00:00+00:00,2025-12-31T19:00:00+00:00,0
2026-01-30T19:00:00+00:00,2026-01-30T22:00:00+00:00,turbine_1,4,0.7735653315255531,0.13,0.6435653315255531,0.01,13.52,-2.1,0.26279844232427463,1.0,True,open_meteo_previous_runs,72,2026-01-28T10:00:00+00:00,2025-12-31T18:00:00+00:00,720.0,2025-11-30T19:00:00+00:00,2025-12-31T19:00:00+00:00,0
2026-01-30T19:00:00+00:00,2026-01-30T23:00:00+00:00,turbine_1,5,0.7638368490714766,0.0783333333333333,0.6855035157381434,0.01,13.66,-2.6,0.2530699598701982,1.0,True,open_meteo_previous_runs,72,2026-01-28T11:00:00+00:00,2025-12-31T18:00:00+00:00,720.0,2025-11-30T19:00:00+00:00,2025-12-31T19:00:00+00:00,0
2026-01-30T19:00:00+00:00,2026-01-31T00:00:00+00:00,turbine_1,6,0.6784136035736078,0.1116666666666666,0.5667469369069412,0.01,13.34,-2.7,0.16764671437232936,1.0,True,open_meteo_previous_runs,72,2026-01-28T12:00:00+00:00,2025-12-31T18:00:00+00:00,720.0,2025-11-30T19:00:00+00:00,2025-12-31T19:00:00+00:00,0
2026-01-30T19:00:00+00:00,2026-01-31T01:00:00+00:00,turbine_1,7,0.678305012502513,0.145,0.5333050125025129,0.01,13.51,-2.7,0.16753812330123452,1.0,True,open_meteo_previous_runs,72,2026-01-28T13:00:00+00:00,2025-12-31T18:00:00+00:00,720.0,2025-11-30T19:00:00+00:00,2025-12-31T19:00:00+00:00,0
2026-01-30T19:00:00+00:00,2026-01-31T02:00:00+00:00,turbine_1,8,0.6055091813173943,0.48,0.1255091813173943,0.01,13.28,-3.1,0.09474229211611584,1.0,True,open_meteo_previous_runs,72,2026-01-28T14:00:00+00:00,2025-12-31T18:00:00+00:00,720.0,2025-11-30T19:00:00+00:00,2025-12-31T19:00:00+00:00,0
2026-01-30T19:00:00+00:00,2026-01-31T03:00:00+00:00,turbine_1,9,0.6749829534884897,0.5016666666666666,0.1733162868218231,0.01,13.52,-3.1,0.16421606428721125,1.0,True,open_meteo_previous_runs,72,2026-01-28T15:00:00+00:00,2025-12-31T18:00:00+00:00,720.0,2025-11-30T19:00:00+00:00,2025-12-31T19:00:00+00:00,0
2026-01-30T19:00:00+00:00,2026-01-31T04:00:00+00:00,turbine_1,10,0.6547286328568188,0.5216666666666666,0.1330619661901522,0.01,13.37,-1.7,0.14396174365554038,1.0,True,open_meteo_previous_runs,72,2026-01-28T16:00:00+00:00,2025-12-31T18:00:00+00:00,720.0,2025-11-30T19:00:00+00:00,2025-12-31T19:00:00+00:00,0
2026-01-30T19:00:00+00:00,2026-01-31T05:00:00+00:00,turbine_1,11,0.6589738745085452,0.95,-0.2910261254914548,0.01,14.19,0.2,0.14820698530726673,1.0,True,open_meteo_previous_runs,72,2026-01-28T17:00:00+00:00,2025-12-31T18:00:00+00:00,720.0,2025-11-30T19:00:00+00:00,2025-12-31T19:00:00+00:00,0
2026-01-30T19:00:00+00:00,2026-01-31T06:00:00+00:00,turbine_1,12,0.7095022401137886,0.9583333333333334,-0.24883109321954477,0.01,14.46,1.1,0.19873535091251016,1.0,True,open_meteo_previous_runs,72,2026-01-28T18:00:00+00:00,2025-12-31T18:00:00+00:00,720.0,2025-11-30T19:00:00+00:00,2025-12-31T19:00:00+00:00,0
2026-01-30T19:00:00+00:00,2026-01-31T07:00:00+00:00,turbine_1,13,0.7651912726847917,0.9266666666666666,-0.16147539398187494,0.01,14.51,2.3,0.25442438348351326,1.0,True,open_meteo_previous_runs,72,2026-01-28T19:00:00+00:00,2025-12-31T18:00:00+00:00,720.0,2025-11-30T19:00:00+00:00,2025-12-31T19:00:00+00:00,0
2026-01-30T19:00:00+00:00,2026-01-31T08:00:00+00:00,turbine_1,14,0.7080410068663533,0.945,-0.23695899313364666,0.01,13.8,2.9,0.19727411766507486,1.0,True,open_meteo_previous_runs,72,2026-01-28T20:00:00+00:00,2025-12-31T18:00:00+00:00,720.0,2025-11-30T19:00:00+00:00,2025-12-31T19:00:00+00:00,0
2026-01-30T19:00:00+00:00,2026-01-31T09:00:00+00:00,turbine_1,15,0.7033342292806783,0.8783333333333333,-0.17499910405265495,0.01,13.39,3.1,0.1925673400793999,1.0,True,open_meteo_previous_runs,72,2026-01-28T21:00:00+00:00,2025-12-31T18:00:00+00:00,720.0,2025-11-30T19:00:00+00:00,2025-12-31T19:00:00+00:00,0
2026-01-30T19:00:00+00:00,2026-01-31T10:00:00+00:00,turbine_1,16,0.5605988803062083,0.875,-0.3144011196937917,0.01,12.28,2.6,0.04983199110492986,1.0,True,open_meteo_previous_runs,72,2026-01-28T22:00:00+00:00,2025-12-31T18:00:00+00:00,720.0,2025-11-30T19:00:00+00:00,2025-12-31T19:00:00+00:00,0
2026-01-30T19:00:00+00:00,2026-01-31T11:00:00+00:00,turbine_1,17,0.5334940682343917,0.8450000000000001,-0.31150593176560837,0.01,11.36,1.4,0.022727179033113276,1.0,True,open_meteo_previous_runs,72,2026-01-28T23:00:00+00:00,2025-12-31T18:00:00+00:00,720.0,2025-11-30T19:00:00+00:00,2025-12-31T19:00:00+00:00,0
2026-01-30T19:00:00+00:00,2026-01-31T12:00:00+00:00,turbine_1,18,0.31908735538223293,0.7983333333333333,-0.4792459779511004,0.01,9.8,-0.0,0.0,0.8298542445835113,True,open_meteo_previous_runs,72,2026-01-29T00:00:00+00:00,2025-12-31T18:00:00+00:00,720.0,2025-11-30T19:00:00+00:00,2025-12-31T19:00:00+00:00,0
2026-01-30T19:00:00+00:00,2026-01-31T13:00:00+00:00,turbine_1,19,0.2979747888009446,0.81,-0.5120252111990555,0.01,9.44,-0.9,0.0,0.808741678002223,True,open_meteo_previous_runs,72,2026-01-29T01:00:00+00:00,2025-12-31T18:00:00+00:00,720.0,2025-11-30T19:00:00+00:00,2025-12-31T19:00:00+00:00,0
2026-01-30T19:00:00+00:00,2026-01-31T14:00:00+00:00,turbine_1,20,0.20033301255902583,0.8216666666666667,-0.6213336541076409,0.01,8.19,-1.0,0.0,0.7110999017603042,True,open_meteo_previous_runs,72,2026-01-29T02:00:00+00:00,2025-12-31T18:00:00+00:00,720.0,2025-11-30T19:00:00+00:00,2025-12-31T19:00:00+00:00,0
2026-01-30T19:00:00+00:00,2026-01-31T15:00:00+00:00,turbine_1,21,0.19672646459096627,0.3383333333333334,-0.1416068687423671,0.01,6.93,-1.1,0.0,0.7074933537922448,True,open_meteo_previous_runs,72,2026-01-29T03:00:00+00:00,2025-12-31T18:00:00+00:00,720.0,2025-11-30T19:00:00+00:00,2025-12-31T19:00:00+00:00,0
2026-01-30T19:00:00+00:00,2026-01-31T16:00:00+00:00,turbine_1,22,0.20577217627257943,0.03,0.17577217627257943,0.01,5.41,-1.2,0.0,0.7165390654738579,True,open_meteo_previous_runs,72,2026-01-29T04:00:00+00:00,2025-12-31T18:00:00+00:00,720.0,2025-11-30T19:00:00+00:00,2025-12-31T19:00:00+00:00,0
2026-01-30T19:00:00+00:00,2026-01-31T17:00:00+00:00,turbine_1,23,0.1633623999701249,0.0166666666666666,0.14669573330345828,0.01,3.54,-1.4,0.0,0.6741292891714034,True,open_meteo_previous_runs,72,2026-01-29T05:00:00+00:00,2025-12-31T18:00:00+00:00,720.0,2025-11-30T19:00:00+00:00,2025-12-31T19:00:00+00:00,0
2026-01-30T19:00:00+00:00,2026-01-31T18:00:00+00:00,turbine_1,24,0.19460882622885622,0.1999999999999999,-0.005391173771143676,0.01,5.96,-0.3,0.0,0.7053757154301347,True,open_meteo_previous_runs,72,2026-01-29T06:00:00+00:00,2025-12-31T18:00:00+00:00,720.0,2025-11-30T19:00:00+00:00,2025-12-31T19:00:00+00:00,0
2026-01-30T19:00:00+00:00,2026-01-31T19:00:00+00:00,turbine_1,25,0.2086032758135925,,,0.01,5.02,-0.4,0.0,0.6901184694150022,False,open_meteo_previous_runs,72,2026-01-29T07:00:00+00:00,2025-12-31T18:00:00+00:00,720.0,2025-11-30T19:00:00+00:00,2025-12-31T19:00:00+00:00,0
2026-01-30T19:00:00+00:00,2026-01-31T20:00:00+00:00,turbine_1,26,0.2071766053931544,,,0.01,4.57,-1.6,0.0,0.6886917989945641,False,open_meteo_previous_runs,72,2026-01-29T08:00:00+00:00,2025-12-31T18:00:00+00:00,720.0,2025-11-30T19:00:00+00:00,2025-12-31T19:00:00+00:00,0
2026-01-30T19:00:00+00:00,2026-01-31T21:00:00+00:00,turbine_1,27,0.19997991904369528,,,0.01,4.39,-2.2,0.0,0.681495112645105,False,open_meteo_previous_runs,72,2026-01-29T09:00:00+00:00,2025-12-31T18:00:00+00:00,720.0,2025-11-30T19:00:00+00:00,2025-12-31T19:00:00+00:00,0
2026-01-30T19:00:00+00:00,2026-01-31T22:00:00+00:00,turbine_1,28,0.20140658946413337,,,0.01,5.41,-2.1,0.0,0.6829217830655431,False,open_meteo_previous_runs,72,2026-01-29T10:00:00+00:00,2025-12-31T18:00:00+00:00,720.0,2025-11-30T19:00:00+00:00,2025-12-31T19:00:00+00:00,0
2026-01-30T19:00:00+00:00,2026-01-31T23:00:00+00:00,turbine_1,29,0.18937277653258136,,,0.01,5.98,-1.8,0.0,0.670887970133991,False,open_meteo_previous_runs,72,2026-01-29T11:00:00+00:00,2025-12-31T18:00:00+00:00,720.0,2025-11-30T19:00:00+00:00,2025-12-31T19:00:00+00:00,0
2026-01-30T19:00:00+00:00,2026-02-01T00:00:00+00:00,turbine_1,30,0.24730793058387232,,,0.01,9.31,-3.1,0.0,0.7288231241852821,False,open_meteo_previous_runs,72,2026-01-29T12:00:00+00:00,2025-12-31T18:00:00+00:00,720.0,2025-11-30T19:00:00+00:00,2025-12-31T19:00:00+00:00,0
2026-01-30T19:00:00+00:00,2026-02-01T01:00:00+00:00,turbine_1,31,0.2505763931775161,,,0.01,9.43,-3.3,0.0,0.7320915867789258,False,open_meteo_previous_runs,72,2026-01-29T13:00:00+00:00,2025-12-31T18:00:00+00:00,720.0,2025-11-30T19:00:00+00:00,2025-12-31T19:00:00+00:00,0
2026-01-30T19:00:00+00:00,2026-02-01T02:00:00+00:00,turbine_1,32,0.24725433416349277,,,0.01,9.63,-3.2,0.0,0.7287695277649024,False,open_meteo_previous_runs,72,2026-01-29T14:00:00+00:00,2025-12-31T18:00:00+00:00,720.0,2025-11-30T19:00:00+00:00,2025-12-31T19:00:00+00:00,0
2026-01-30T19:00:00+00:00,2026-02-01T03:00:00+00:00,turbine_1,33,0.27691921787787427,,,0.01,9.91,-2.5,0.0,0.758434411479284,False,open_meteo_previous_runs,72,2026-01-29T15:00:00+00:00,2025-12-31T18:00:00+00:00,720.0,2025-11-30T19:00:00+00:00,2025-12-31T19:00:00+00:00,0
2026-01-30T19:00:00+00:00,2026-02-01T04:00:00+00:00,turbine_1,34,0.27165965212840315,,,0.01,9.98,-1.4,0.0,0.7531748457298129,False,open_meteo_previous_runs,72,2026-01-29T16:00:00+00:00,2025-12-31T18:00:00+00:00,720.0,2025-11-30T19:00:00+00:00,2025-12-31T19:00:00+00:00,0
2026-01-30T19:00:00+00:00,2026-02-01T05:00:00+00:00,turbine_1,35,0.2892107735680841,,,0.01,10.39,0.8,0.0,0.7707259671694938,False,open_meteo_previous_runs,72,2026-01-29T17:00:00+00:00,2025-12-31T18:00:00+00:00,720.0,2025-11-30T19:00:00+00:00,2025-12-31T19:00:00+00:00,0
2026-01-30T19:00:00+00:00,2026-02-01T06:00:00+00:00,turbine_1,36,0.4671200808775791,,,0.01,11.16,1.9,0.0,0.9486352744789888,False,open_meteo_previous_runs,72,2026-01-29T18:00:00+00:00,2025-12-31T18:00:00+00:00,720.0,2025-11-30T19:00:00+00:00,2025-12-31T19:00:00+00:00,0
2026-01-30T19:00:00+00:00,2026-02-01T07:00:00+00:00,turbine_1,37,0.47928216270982404,,,0.01,11.64,2.9,0.0,0.9607973563112338,False,open_meteo_previous_runs,72,2026-01-29T19:00:00+00:00,2025-12-31T18:00:00+00:00,720.0,2025-11-30T19:00:00+00:00,2025-12-31T19:00:00+00:00,0
2026-01-30T19:00:00+00:00,2026-02-01T08:00:00+00:00,turbine_1,38,0.49926657312100675,,,0.01,11.72,3.5,0.017751379519597044,0.9807817667224165,False,open_meteo_previous_runs,72,2026-01-29T20:00:00+00:00,2025-12-31T18:00:00+00:00,720.0,2025-11-30T19:00:00+00:00,2025-12-31T19:00:00+00:00,0
2026-01-30T19:00:00+00:00,2026-02-01T09:00:00+00:00,turbine_1,39,0.49926657312100675,,,0.01,11.45,3.6,0.017751379519597044,0.9807817667224165,False,open_meteo_previous_runs,72,2026-01-29T21:00:00+00:00,2025-12-31T18:00:00+00:00,720.0,2025-11-30T19:00:00+00:00,2025-12-31T19:00:00+00:00,0
2026-01-30T19:00:00+00:00,2026-02-01T10:00:00+00:00,turbine_1,40,0.5018289149462635,,,0.01,11.4,3.1,0.020313721344853763,0.9833441085476732,False,open_meteo_previous_runs,72,2026-01-29T22:00:00+00:00,2025-12-31T18:00:00+00:00,720.0,2025-11-30T19:00:00+00:00,2025-12-31T19:00:00+00:00,0
2026-01-30T19:00:00+00:00,2026-02-01T11:00:00+00:00,turbine_1,41,0.5215616350429796,,,0.01,10.82,1.6,0.04004644144156988,1.0,False,open_meteo_previous_runs,72,2026-01-29T23:00:00+00:00,2025-12-31T18:00:00+00:00,720.0,2025-11-30T19:00:00+00:00,2025-12-31T19:00:00+00:00,0
2026-01-30T19:00:00+00:00,2026-02-01T12:00:00+00:00,turbine_1,42,0.3493058560216192,,,0.01,10.51,0.0,0.0,0.8308210496230288,False,open_meteo_previous_runs,72,2026-01-30T00:00:00+00:00,2025-12-31T18:00:00+00:00,720.0,2025-11-30T19:00:00+00:00,2025-12-31T19:00:00+00:00,0
2026-01-30T19:00:00+00:00,2026-02-01T13:00:00+00:00,turbine_1,43,0.36171973325611184,,,0.01,9.97,-0.4,0.0,0.8432349268575215,False,open_meteo_previous_runs,72,2026-01-30T01:00:00+00:00,2025-12-31T18:00:00+00:00,720.0,2025-11-30T19:00:00+00:00,2025-12-31T19:00:00+00:00,0
2026-01-30T19:00:00+00:00,2026-02-01T14:00:00+00:00,turbine_1,44,0.3183358793661117,,,0.01,9.75,-0.5,0.0,0.7998510729675214,False,open_meteo_previous_runs,72,2026-01-30T02:00:00+00:00,2025-12-31T18:00:00+00:00,720.0,2025-11-30T19:00:00+00:00,2025-12-31T19:00:00+00:00,0
2026-01-30T19:00:00+00:00,2026-02-01T15:00:00+00:00,turbine_1,45,0.3340296121390068,,,0.01,9.71,-0.5,0.0,0.8155448057404164,False,open_meteo_previous_runs,72,2026-01-30T03:00:00+00:00,2025-12-31T18:00:00+00:00,720.0,2025-11-30T19:00:00+00:00,2025-12-31T19:00:00+00:00,0
2026-01-30T19:00:00+00:00,2026-02-01T16:00:00+00:00,turbine_1,46,0.31552191126702084,,,0.01,9.75,-0.5,0.0,0.7970371048684306,False,open_meteo_previous_runs,72,2026-01-30T04:00:00+00:00,2025-12-31T18:00:00+00:00,720.0,2025-11-30T19:00:00+00:00,2025-12-31T19:00:00+00:00,0
2026-01-30T19:00:00+00:00,2026-02-01T17:00:00+00:00,turbine_1,47,0.3576057176855975,,,0.01,10.24,-0.6,0.0,0.8391209112870073,False,open_meteo_previous_runs,72,2026-01-30T05:00:00+00:00,2025-12-31T18:00:00+00:00,720.0,2025-11-30T19:00:00+00:00,2025-12-31T19:00:00+00:00,0
2026-01-30T19:00:00+00:00,2026-02-01T18:00:00+00:00,turbine_1,48,0.37660478913530643,,,0.01,10.55,-0.8,0.0,0.8581199827367161,False,open_meteo_previous_runs,72,2026-01-30T06:00:00+00:00,2025-12-31T18:00:00+00:00,720.0,2025-11-30T19:00:00+00:00,2025-12-31T19:00:00+00:00,0
2025-12-31T19:00:00+00:00,2025-12-31T19:00:00+00:00,turbine_2,1,0.13123986313681182,0.015,0.11623986313681182,0.01,1.75,3.7,0.0,0.6572801230437213,True,open_meteo_previous_runs,72,2025-12-29T07:00:00+00:00,2025-12-31T18:00:00+00:00,0.0,2025-11-30T19:00:00+00:00,2025-12-31T19:00:00+00:00,25
2025-12-31T19:00:00+00:00,2025-12-31T20:00:00+00:00,turbine_2,2,0.13123986313681182,0.1633333333333333,-0.03209347019652148,0.01,2.11,3.7,0.0,0.6572801230437213,True,open_meteo_previous_runs,72,2025-12-29T08:00:00+00:00,2025-12-31T18:00:00+00:00,0.0,2025-11-30T19:00:00+00:00,2025-12-31T19:00:00+00:00,25
2025-12-31T19:00:00+00:00,2025-12-31T21:00:00+00:00,turbine_2,3,0.1163744317178972,0.63,-0.5136255682821028,0.01,3.52,3.0,0.0,0.6424146916248067,True,open_meteo_previous_runs,72,2025-12-29T09:00:00+00:00,2025-12-31T18:00:00+00:00,0.0,2025-11-30T19:00:00+00:00,2025-12-31T19:00:00+00:00,25
2025-12-31T19:00:00+00:00,2025-12-31T22:00:00+00:00,turbine_2,4,0.12513107751152236,0.9766666666666666,-0.8515355891551442,0.01,2.2,2.2,0.0,0.6511713374184318,True,open_meteo_previous_runs,72,2025-12-29T10:00:00+00:00,2025-12-31T18:00:00+00:00,0.0,2025-11-30T19:00:00+00:00,2025-12-31T19:00:00+00:00,25
2025-12-31T19:00:00+00:00,2025-12-31T23:00:00+00:00,turbine_2,5,0.1322071786881685,0.98,-0.8477928213118315,0.01,2.98,2.6,0.0,0.6582474385950781,True,open_meteo_previous_runs,72,2025-12-29T11:00:00+00:00,2025-12-31T18:00:00+00:00,0.0,2025-11-30T19:00:00+00:00,2025-12-31T19:00:00+00:00,25
2025-12-31T19:00:00+00:00,2026-01-01T00:00:00+00:00,turbine_2,6,0.1739491190004199,0.975,-0.8010508809995801,0.01,1.43,2.0,0.0,0.6999893789073294,True,open_meteo_previous_runs,72,2025-12-29T12:00:00+00:00,2025-12-31T18:00:00+00:00,0.0,2025-11-30T19:00:00+00:00,2025-12-31T19:00:00+00:00,25
2025-12-31T19:00:00+00:00,2026-01-01T01:00:00+00:00,turbine_2,7,0.17121565192925917,0.9566666666666668,-0.7854510147374076,0.01,0.98,1.6,0.0,0.6972559118361686,True,open_meteo_previous_runs,72,2025-12-29T13:00:00+00:00,2025-12-31T18:00:00+00:00,0.0,2025-11-30T19:00:00+00:00,2025-12-31T19:00:00+00:00,25
2025-12-31T19:00:00+00:00,2026-01-01T02:00:00+00:00,turbine_2,8,0.1697947319599684,0.815,-0.6452052680400315,0.01,0.5,1.6,0.0,0.6958349918668779,True,open_meteo_previous_runs,72,2025-12-29T14:00:00+00:00,2025-12-31T18:00:00+00:00,0.0,2025-11-30T19:00:00+00:00,2025-12-31T19:00:00+00:00,25
2025-12-31T19:00:00+00:00,2026-01-01T03:00:00+00:00,turbine_2,9,0.18668990918875852,0.585,-0.39831009081124147,0.01,0.36,0.6,0.0,0.712730169095668,True,open_meteo_previous_runs,72,2025-12-29T15:00:00+00:00,2025-12-31T18:00:00+00:00,0.0,2025-11-30T19:00:00+00:00,2025-12-31T19:00:00+00:00,25
2025-12-31T19:00:00+00:00,2026-01-01T04:00:00+00:00,turbine_2,10,0.1687191441324584,0.435,-0.2662808558675416,0.01,0.81,0.8,0.0,0.6947594040393679,True,open_meteo_previous_runs,72,2025-12-29T16:00:00+00:00,2025-12-31T18:00:00+00:00,0.0,2025-11-30T19:00:00+00:00,2025-12-31T19:00:00+00:00,25
2025-12-31T19:00:00+00:00,2026-01-01T05:00:00+00:00,turbine_2,11,0.14013974374871557,0.3333333333333333,-0.19319358958461774,0.01,1.12,1.2,0.0,0.6661800036556251,True,open_meteo_previous_runs,72,2025-12-29T17:00:00+00:00,2025-12-31T18:00:00+00:00,0.0,2025-11-30T19:00:00+00:00,2025-12-31T19:00:00+00:00,25
2025-12-31T19:00:00+00:00,2026-01-01T06:00:00+00:00,turbine_2,12,0.22852701948830142,0.1116666666666666,0.11686035282163483,0.01,5.37,2.0,0.0,0.754567279395211,True,open_meteo_previous_runs,72,2025-12-29T18:00:00+00:00,2025-12-31T18:00:00+00:00,0.0,2025-11-30T19:00:00+00:00,2025-12-31T19:00:00+00:00,25
2025-12-31T19:00:00+00:00,2026-01-01T07:00:00+00:00,turbine_2,13,0.22852701948830142,0.0566666666666666,0.1718603528216348,0.01,5.28,1.8,0.0,0.754567279395211,True,open_meteo_previous_runs,72,2025-12-29T19:00:00+00:00,2025-12-31T18:00:00+00:00,0.0,2025-11-30T19:00:00+00:00,2025-12-31T19:00:00+00:00,25
2025-12-31T19:00:00+00:00,2026-01-01T08:00:00+00:00,turbine_2,14,0.2032945231491411,0.0683333333333333,0.1349611898158078,0.01,4.44,2.0,0.0,0.7293347830560506,True,open_meteo_previous_runs,72,2025-12-29T20:00:00+00:00,2025-12-31T18:00:00+00:00,0.0,2025-11-30T19:00:00+00:00,2025-12-31T19:00:00+00:00,25
2025-12-31T19:00:00+00:00,2026-01-01T09:00:00+00:00,turbine_2,15,0.181101864733331,0.0216666666666666,0.1594351980666644,0.01,3.98,2.2,0.0,0.7071421246402405,True,open_meteo_previous_runs,72,2025-12-29T21:00:00+00:00,2025-12-31T18:00:00+00:00,0.0,2025-11-30T19:00:00+00:00,2025-12-31T19:00:00+00:00,25
2025-12-31T19:00:00+00:00,2026-01-01T10:00:00+00:00,turbine_2,16,0.16359236033838556,0.0083333333333333,0.15525902700505226,0.01,3.53,2.2,0.0,0.689632620245295,True,open_meteo_previous_runs,72,2025-12-29T22:00:00+00:00,2025-12-31T18:00:00+00:00,0.0,2025-11-30T19:00:00+00:00,2025-12-31T19:00:00+00:00,25
2025-12-31T19:00:00+00:00,2026-01-01T11:00:00+00:00,turbine_2,17,0.1521628493266928,0.01,0.1421628493266928,0.01,1.84,2.0,0.0,0.6782031092336023,True,open_meteo_previous_runs,72,2025-12-29T23:00:00+00:00,2025-12-31T18:00:00+00:00,0.0,2025-11-30T19:00:00+00:00,2025-12-31T19:00:00+00:00,25
2025-12-31T19:00:00+00:00,2026-01-01T12:00:00+00:00,turbine_2,18,0.15990658112273676,0.0116666666666666,0.14823991445607015,0.01,1.3,2.3,0.0,0.6859468410296463,True,open_meteo_previous_runs,72,2025-12-30T00:00:00+00:00,2025-12-31T18:00:00+00:00,0.0,2025-11-30T19:00:00+00:00,2025-12-31T19:00:00+00:00,25
2025-12-31T19:00:00+00:00,2026-01-01T13:00:00+00:00,turbine_2,19,0.17563388569545751,0.0233333333333333,0.15230055236212423,0.01,1.1,2.4,0.0,0.701674145602367,True,open_meteo_previous_runs,72,2025-12-30T01:00:00+00:00,2025-12-31T18:00:00+00:00,0.0,2025-11-30T19:00:00+00:00,2025-12-31T19:00:00+00:00,25
2025-12-31T19:00:00+00:00,2026-01-01T14:00:00+00:00,turbine_2,20,0.18355063222673454,0.0183333333333333,0.16521729889340125,0.01,1.86,2.3,0.0,0.709590892133644,True,open_meteo_previous_runs,72,2025-12-30T02:00:00+00:00,2025-12-31T18:00:00+00:00,0.0,2025-11-30T19:00:00+00:00,2025-12-31T19:00:00+00:00,25
2025-12-31T19:00:00+00:00,2026-01-01T15:00:00+00:00,turbine_2,21,0.18270631985507138,0.0766666666666666,0.10603965318840478,0.01,3.81,1.8,0.0,0.7087465797619809,True,open_meteo_previous_runs,72,2025-12-30T03:00:00+00:00,2025-12-31T18:00:00+00:00,0.0,2025-11-30T19:00:00+00:00,2025-12-31T19:00:00+00:00,25
2025-12-31T19:00:00+00:00,2026-01-01T16:00:00+00:00,turbine_2,22,0.2223103364574124,0.065,0.1573103364574124,0.01,4.59,1.2,0.0,0.7483505963643219,True,open_meteo_previous_runs,72,2025-12-30T04:00:00+00:00,2025-12-31T18:00:00+00:00,0.0,2025-11-30T19:00:00+00:00,2025-12-31T19:00:00+00:00,25
2025-12-31T19:00:00+00:00,2026-01-01T17:00:00+00:00,turbine_2,23,0.20797920255261815,0.04,0.16797920255261814,0.01,4.39,0.8,0.0,0.7340194624595276,True,open_meteo_previous_runs,72,2025-12-30T05:00:00+00:00,2025-12-31T18:00:00+00:00,0.0,2025-11-30T19:00:00+00:00,2025-12-31T19:00:00+00:00,25
2025-12-31T19:00:00+00:00,2026-01-01T18:00:00+00:00,turbine_2,24,0.26989156557096877,0.0083333333333333,0.26155823223763547,0.01,5.83,0.4,0.0,0.7959318254778782,True,open_meteo_previous_runs,72,2025-12-30T06:00:00+00:00,2025-12-31T18:00:00+00:00,0.0,2025-11-30T19:00:00+00:00,2025-12-31T19:00:00+00:00,25
2025-12-31T19:00:00+00:00,2026-01-01T19:00:00+00:00,turbine_2,25,0.17050800482456446,0.0083333333333333,0.16217467149123116,0.01,6.23,-0.4,0.0,0.6746818684023035,True,open_meteo_previous_runs,72,2025-12-30T07:00:00+00:00,2025-12-31T18:00:00+00:00,0.0,2025-11-30T19:00:00+00:00,2025-12-31T19:00:00+00:00,25
2025-12-31T19:00:00+00:00,2026-01-01T20:00:00+00:00,turbine_2,26,0.1655979248219417,0.0083333333333333,0.15726459148860839,0.01,5.95,-0.8,0.0,0.6697717883996808,True,open_meteo_previous_runs,72,2025-12-30T08:00:00+00:00,2025-12-31T18:00:00+00:00,0.0,2025-11-30T19:00:00+00:00,2025-12-31T19:00:00+00:00,25
2025-12-31T19:00:00+00:00,2026-01-01T21:00:00+00:00,turbine_2,27,0.1220958864471303,0.01,0.11209588644713031,0.01,5.77,-1.1,0.0,0.6262697500248694,True,open_meteo_previous_runs,72,2025-12-30T09:00:00+00:00,2025-12-31T18:00:00+00:00,0.0,2025-11-30T19:00:00+00:00,2025-12-31T19:00:00+00:00,25
2025-12-31T19:00:00+00:00,2026-01-01T22:00:00+00:00,turbine_2,28,0.1233452547657603,0.0083333333333333,0.115011921432427,0.01,5.46,-1.3,0.0,0.6275191183434994,True,open_meteo_previous_runs,72,2025-12-30T10:00:00+00:00,2025-12-31T18:00:00+00:00,0.0,2025-11-30T19:00:00+00:00,2025-12-31T19:00:00+00:00,25
2025-12-31T19:00:00+00:00,2026-01-01T23:00:00+00:00,turbine_2,29,0.1233452547657603,0.005,0.1183452547657603,0.01,5.2,-1.4,0.0,0.6275191183434994,True,open_meteo_previous_runs,72,2025-12-30T11:00:00+00:00,2025-12-31T18:00:00+00:00,0.0,2025-11-30T19:00:00+00:00,2025-12-31T19:00:00+00:00,25
2025-12-31T19:00:00+00:00,2026-01-02T00:00:00+00:00,turbine_2,30,0.20896177865502052,0.01,0.19896177865502052,0.01,6.89,-1.0,0.0,0.7131356422327596,True,open_meteo_previous_runs,72,2025-12-30T12:00:00+00:00,2025-12-31T18:00:00+00:00,0.0,2025-11-30T19:00:00+00:00,2025-12-31T19:00:00+00:00,25
2025-12-31T19:00:00+00:00,2026-01-02T01:00:00+00:00,turbine_2,31,0.1795958021560829,0.01,0.1695958021560829,0.01,6.5,-0.9,0.0,0.6837696657338219,True,open_meteo_previous_runs,72,2025-12-30T13:00:00+00:00,2025-12-31T18:00:00+00:00,0.0,2025-11-30T19:00:00+00:00,2025-12-31T19:00:00+00:00,25
2025-12-31T19:00:00+00:00,2026-01-02T02:00:00+00:00,turbine_2,32,0.1766568699958867,0.01,0.1666568699958867,0.01,6.19,-1.1,0.0,0.6808307335736258,True,open_meteo_previous_runs,72,2025-12-30T14:00:00+00:00,2025-12-31T18:00:00+00:00,0.0,2025-11-30T19:00:00+00:00,2025-12-31T19:00:00+00:00,25
2025-12-31T19:00:00+00:00,2026-01-02T03:00:00+00:00,turbine_2,33,0.1766568699958867,0.01,0.1666568699958867,0.01,6.19,-0.8,0.0,0.6808307335736258,True,open_meteo_previous_runs,72,2025-12-30T15:00:00+00:00,2025-12-31T18:00:00+00:00,0.0,2025-11-30T19:00:00+00:00,2025-12-31T19:00:00+00:00,25
2025-12-31T19:00:00+00:00,2026-01-02T04:00:00+00:00,turbine_2,34,0.1536522366442146,0.0766666666666666,0.07698556997754799,0.01,6.58,0.4,0.0,0.6578261002219536,True,open_meteo_previous_runs,72,2025-12-30T16:00:00+00:00,2025-12-31T18:00:00+00:00,0.0,2025-11-30T19:00:00+00:00,2025-12-31T19:00:00+00:00,25
2025-12-31T19:00:00+00:00,2026-01-02T05:00:00+00:00,turbine_2,35,0.19869735350390558,0.2666666666666666,-0.06796931316276103,0.01,7.42,1.6,0.0,0.7028712170816447,True,open_meteo_previous_runs,72,2025-12-30T17:00:00+00:00,2025-12-31T18:00:00+00:00,0.0,2025-11-30T19:00:00+00:00,2025-12-31T19:00:00+00:00,25
2025-12-31T19:00:00+00:00,2026-01-02T06:00:00+00:00,turbine_2,36,0.36023432108314474,0.3766666666666666,-0.016432345583521857,0.01,8.9,2.1,0.0,0.8644081846608838,True,open_meteo_previous_runs,72,2025-12-30T18:00:00+00:00,2025-12-31T18:00:00+00:00,0.0,2025-11-30T19:00:00+00:00,2025-12-31T19:00:00+00:00,25
2025-12-31T19:00:00+00:00,2026-01-02T07:00:00+00:00,turbine_2,37,0.3619834627338422,0.6766666666666667,-0.31468320393282456,0.01,8.81,2.7,0.0,0.8661573263115813,True,open_meteo_previous_runs,72,2025-12-30T19:00:00+00:00,2025-12-31T18:00:00+00:00,0.0,2025-11-30T19:00:00+00:00,2025-12-31T19:00:00+00:00,25
2025-12-31T19:00:00+00:00,2026-01-02T08:00:00+00:00,turbine_2,38,0.261311888943686,0.8849999999999999,-0.6236881110563139,0.01,8.27,3.0,0.0,0.7654857525214251,True,open_meteo_previous_runs,72,2025-12-30T20:00:00+00:00,2025-12-31T18:00:00+00:00,0.0,2025-11-30T19:00:00+00:00,2025-12-31T19:00:00+00:00,25
2025-12-31T19:00:00+00:00,2026-01-02T09:00:00+00:00,turbine_2,39,0.23129675740373326,0.7450000000000001,-0.5137032425962669,0.01,7.92,3.0,0.0,0.7354706209814723,True,open_meteo_previous_runs,72,2025-12-30T21:00:00+00:00,2025-12-31T18:00:00+00:00,0.0,2025-11-30T19:00:00+00:00,2025-12-31T19:00:00+00:00,25
2025-12-31T19:00:00+00:00,2026-01-02T10:00:00+00:00,turbine_2,40,0.23781889089839545,0.5816666666666667,-0.3438477757682712,0.01,7.47,2.7,0.0,0.7419927544761346,True,open_meteo_previous_runs,72,2025-12-30T22:00:00+00:00,2025-12-31T18:00:00+00:00,0.0,2025-11-30T19:00:00+00:00,2025-12-31T19:00:00+00:00,25
2025-12-31T19:00:00+00:00,2026-01-02T11:00:00+00:00,turbine_2,41,0.21985401802612148,0.4333333333333333,-0.21347931530721181,0.01,6.83,1.5,0.0,0.7240278816038606,True,open_meteo_previous_runs,72,2025-12-30T23:00:00+00:00,2025-12-31T18:00:00+00:00,0.0,2025-11-30T19:00:00+00:00,2025-12-31T19:00:00+00:00,25
2025-12-31T19:00:00+00:00,2026-01-02T12:00:00+00:00,turbine_2,42,0.21193959003792973,0.38,-0.16806040996207028,0.01,6.04,1.1,0.0,0.7161134536156688,True,open_meteo_previous_runs,72,2025-12-31T00:00:00+00:00,2025-12-31T18:00:00+00:00,0.0,2025-11-30T19:00:00+00:00,2025-12-31T19:00:00+00:00,25
2025-12-31T19:00:00+00:00,2026-01-02T13:00:00+00:00,turbine_2,43,0.18891223256871098,0.4466666666666666,-0.2577544340979556,0.01,5.72,0.6,0.0,0.69308609614645,True,open_meteo_previous_runs,72,2025-12-31T01:00:00+00:00,2025-12-31T18:00:00+00:00,0.0,2025-11-30T19:00:00+00:00,2025-12-31T19:00:00+00:00,25
2025-12-31T19:00:00+00:00,2026-01-02T14:00:00+00:00,turbine_2,44,0.22970306155210315,0.47,-0.24029693844789682,0.01,6.13,0.4,0.0,0.7338769251298423,True,open_meteo_previous_runs,72,2025-12-31T02:00:00+00:00,2025-12-31T18:00:00+00:00,0.0,2025-11-30T19:00:00+00:00,2025-12-31T19:00:00+00:00,25
2025-12-31T19:00:00+00:00,2026-01-02T15:00:00+00:00,turbine_2,45,0.2454178299883679,0.66,-0.4145821700116321,0.01,6.75,0.3,0.0,0.749591693566107,True,open_meteo_previous_runs,72,2025-12-31T03:00:00+00:00,2025-12-31T18:00:00+00:00,0.0,2025-11-30T19:00:00+00:00,2025-12-31T19:00:00+00:00,25
2025-12-31T19:00:00+00:00,2026-01-02T16:00:00+00:00,turbine_2,46,0.24852843102873112,0.8850000000000001,-0.636471568971269,0.01,7.56,0.0,0.0,0.7527022946064702,True,open_meteo_previous_runs,72,2025-12-31T04:00:00+00:00,2025-12-31T18:00:00+00:00,0.0,2025-11-30T19:00:00+00:00,2025-12-31T19:00:00+00:00,25
2025-12-31T19:00:00+00:00,2026-01-02T17:00:00+00:00,turbine_2,47,0.2491727223305277,0.6649999999999999,-0.41582727766947225,0.01,8.18,-0.1,0.0,0.7533465859082668,True,open_meteo_previous_runs,72,2025-12-31T05:00:00+00:00,2025-12-31T18:00:00+00:00,0.0,2025-11-30T19:00:00+00:00,2025-12-31T19:00:00+00:00,25
2025-12-31T19:00:00+00:00,2026-01-02T18:00:00+00:00,turbine_2,48,0.3523230145488307,0.295,0.05732301454883071,0.01,8.99,-0.0,0.0,0.8564968781265698,True,open_meteo_previous_runs,72,2025-12-31T06:00:00+00:00,2025-12-31T18:00:00+00:00,0.0,2025-11-30T19:00:00+00:00,2025-12-31T19:00:00+00:00,25
2026-01-01T19:00:00+00:00,2026-01-01T19:00:00+00:00,turbine_2,1,0.2131552492112202,0.0083333333333333,0.2048219158778869,0.01,6.23,-0.4,0.0,0.7391955091181297,True,open_meteo_previous_runs,72,2025-12-30T07:00:00+00:00,2025-12-31T18:00:00+00:00,24.0,2025-11-30T19:00:00+00:00,2025-12-31T19:00:00+00:00,0
2026-01-01T19:00:00+00:00,2026-01-01T20:00:00+00:00,turbine_2,2,0.2131552492112202,0.0083333333333333,0.2048219158778869,0.01,5.95,-0.8,0.0,0.7391955091181297,True,open_meteo_previous_runs,72,2025-12-30T08:00:00+00:00,2025-12-31T18:00:00+00:00,24.0,2025-11-30T19:00:00+00:00,2025-12-31T19:00:00+00:00,0
2026-01-01T19:00:00+00:00,2026-01-01T21:00:00+00:00,turbine_2,3,0.16593803222285133,0.01,0.15593803222285132,0.01,5.77,-1.1,0.0,0.6919782921297608,True,open_meteo_previous_runs,72,2025-12-30T09:00:00+00:00,2025-12-31T18:00:00+00:00,24.0,2025-11-30T19:00:00+00:00,2025-12-31T19:00:00+00:00,0
2026-01-01T19:00:00+00:00,2026-01-01T22:00:00+00:00,turbine_2,4,0.16718740054148132,0.0083333333333333,0.15885406720814801,0.01,5.46,-1.3,0.0,0.6932276604483908,True,open_meteo_previous_runs,72,2025-12-30T10:00:00+00:00,2025-12-31T18:00:00+00:00,24.0,2025-11-30T19:00:00+00:00,2025-12-31T19:00:00+00:00,0
2026-01-01T19:00:00+00:00,2026-01-01T23:00:00+00:00,turbine_2,5,0.16690992045674188,0.005,0.16190992045674188,0.01,5.2,-1.4,0.0,0.6929501803636514,True,open_meteo_previous_runs,72,2025-12-30T11:00:00+00:00,2025-12-31T18:00:00+00:00,24.0,2025-11-30T19:00:00+00:00,2025-12-31T19:00:00+00:00,0
2026-01-01T19:00:00+00:00,2026-01-02T00:00:00+00:00,turbine_2,6,0.2547935924271074,0.01,0.2447935924271074,0.01,6.89,-1.0,0.0,0.7808338523340169,True,open_meteo_previous_runs,72,2025-12-30T12:00:00+00:00,2025-12-31T18:00:00+00:00,24.0,2025-11-30T19:00:00+00:00,2025-12-31T19:00:00+00:00,0
2026-01-01T19:00:00+00:00,2026-01-02T01:00:00+00:00,turbine_2,7,0.22086682609036276,0.01,0.21086682609036275,0.01,6.5,-0.9,0.0,0.7469070859972723,True,open_meteo_previous_runs,72,2025-12-30T13:00:00+00:00,2025-12-31T18:00:00+00:00,24.0,2025-11-30T19:00:00+00:00,2025-12-31T19:00:00+00:00,0
2026-01-01T19:00:00+00:00,2026-01-02T02:00:00+00:00,turbine_2,8,0.2182023339155335,0.01,0.2082023339155335,0.01,6.19,-1.1,0.0,0.7442425938224431,True,open_meteo_previous_runs,72,2025-12-30T14:00:00+00:00,2025-12-31T18:00:00+00:00,24.0,2025-11-30T19:00:00+00:00,2025-12-31T19:00:00+00:00,0
2026-01-01T19:00:00+00:00,2026-01-02T03:00:00+00:00,turbine_2,9,0.21887575482046095,0.01,0.20887575482046095,0.01,6.19,-0.8,0.0,0.7449160147273705,True,open_meteo_previous_runs,72,2025-12-30T15:00:00+00:00,2025-12-31T18:00:00+00:00,24.0,2025-11-30T19:00:00+00:00,2025-12-31T19:00:00+00:00,0
2026-01-01T19:00:00+00:00,2026-01-02T04:00:00+00:00,turbine_2,10,0.18554623947289758,0.0766666666666666,0.10887957280623098,0.01,6.58,0.4,0.0,0.7115864993798071,True,open_meteo_previous_runs,72,2025-12-30T16:00:00+00:00,2025-12-31T18:00:00+00:00,24.0,2025-11-30T19:00:00+00:00,2025-12-31T19:00:00+00:00,0
2026-01-01T19:00:00+00:00,2026-01-02T05:00:00+00:00,turbine_2,11,0.2305913563325883,0.2666666666666666,-0.03607531033407832,0.01,7.42,1.6,0.0,0.7566316162394978,True,open_meteo_previous_runs,72,2025-12-30T17:00:00+00:00,2025-12-31T18:00:00+00:00,24.0,2025-11-30T19:00:00+00:00,2025-12-31T19:00:00+00:00,0
2026-01-01T19:00:00+00:00,2026-01-02T06:00:00+00:00,turbine_2,12,0.3963622694131342,0.3766666666666666,0.01969560274646759,0.01,8.9,2.1,0.0,0.9224025293200437,True,open_meteo_previous_runs,72,2025-12-30T18:00:00+00:00,2025-12-31T18:00:00+00:00,24.0,2025-11-30T19:00:00+00:00,2025-12-31T19:00:00+00:00,0
2026-01-01T19:00:00+00:00,2026-01-02T07:00:00+00:00,turbine_2,13,0.39811141106383163,0.6766666666666667,-0.2785552556028351,0.01,8.81,2.7,0.0,0.9241516709707411,True,open_meteo_previous_runs,72,2025-12-30T19:00:00+00:00,2025-12-31T18:00:00+00:00,24.0,2025-11-30T19:00:00+00:00,2025-12-31T19:00:00+00:00,0
2026-01-01T19:00:00+00:00,2026-01-02T08:00:00+00:00,turbine_2,14,0.30082888494005455,0.8849999999999999,-0.5841711150599453,0.01,8.27,3.0,0.0,0.826869144846964,True,open_meteo_previous_runs,72,2025-12-30T20:00:00+00:00,2025-12-31T18:00:00+00:00,24.0,2025-11-30T19:00:00+00:00,2025-12-31T19:00:00+00:00,0
2026-01-01T19:00:00+00:00,2026-01-02T09:00:00+00:00,turbine_2,15,0.26381630159162067,0.7450000000000001,-0.48118369840837943,0.01,7.92,3.0,0.0,0.7898565614985302,True,open_meteo_previous_runs,72,2025-12-30T21:00:00+00:00,2025-12-31T18:00:00+00:00,24.0,2025-11-30T19:00:00+00:00,2025-12-31T19:00:00+00:00,0
2026-01-01T19:00:00+00:00,2026-01-02T10:00:00+00:00,turbine_2,16,0.2668624109594797,0.5816666666666667,-0.31480425570718695,0.01,7.47,2.7,0.0,0.7929026708663892,True,open_meteo_previous_runs,72,2025-12-30T22:00:00+00:00,2025-12-31T18:00:00+00:00,24.0,2025-11-30T19:00:00+00:00,2025-12-31T19:00:00+00:00,0
2026-01-01T19:00:00+00:00,2026-01-02T11:00:00+00:00,turbine_2,17,0.2506457379154729,0.4333333333333333,-0.1826875954178604,0.01,6.83,1.5,0.0,0.7766859978223823,True,open_meteo_previous_runs,72,2025-12-30T23:00:00+00:00,2025-12-31T18:00:00+00:00,24.0,2025-11-30T19:00:00+00:00,2025-12-31T19:00:00+00:00,0
2026-01-01T19:00:00+00:00,2026-01-02T12:00:00+00:00,turbine_2,18,0.24249294682173061,0.38,-0.1375070531782694,0.01,6.04,1.1,0.0,0.7685332067286401,True,open_meteo_previous_runs,72,2025-12-31T00:00:00+00:00,2025-12-31T18:00:00+00:00,24.0,2025-11-30T19:00:00+00:00,2025-12-31T19:00:00+00:00,0
2026-01-01T19:00:00+00:00,2026-01-02T13:00:00+00:00,turbine_2,19,0.21679986639970772,0.4466666666666666,-0.22986680026695888,0.01,5.72,0.6,0.0,0.7428401263066172,True,open_meteo_previous_runs,72,2025-12-31T01:00:00+00:00,2025-12-31T18:00:00+00:00,24.0,2025-11-30T19:00:00+00:00,2025-12-31T19:00:00+00:00,0
2026-01-01T19:00:00+00:00,2026-01-02T14:00:00+00:00,turbine_2,20,0.2657235920341253,0.47,-0.20427640796587465,0.01,6.13,0.4,0.0,0.7917638519410348,True,open_meteo_previous_runs,72,2025-12-31T02:00:00+00:00,2025-12-31T18:00:00+00:00,24.0,2025-11-30T19:00:00+00:00,2025-12-31T19:00:00+00:00,0
2026-01-01T19:00:00+00:00,2026-01-02T15:00:00+00:00,turbine_2,21,0.28143836047039,0.66,-0.37856163952961003,0.01,6.75,0.3,0.0,0.8074786203772994,True,open_meteo_previous_runs,72,2025-12-31T03:00:00+00:00,2025-12-31T18:00:00+00:00,24.0,2025-11-30T19:00:00+00:00,2025-12-31T19:00:00+00:00,0
2026-01-01T19:00:00+00:00,2026-01-02T16:00:00+00:00,turbine_2,22,0.28478732461630346,0.8850000000000001,-0.6002126753836967,0.01,7.56,0.0,0.0,0.8108275845232129,True,open_meteo_previous_runs,72,2025-12-31T04:00:00+00:00,2025-12-31T18:00:00+00:00,24.0,2025-11-30T19:00:00+00:00,2025-12-31T19:00:00+00:00,0
2026-01-01T19:00:00+00:00,2026-01-02T17:00:00+00:00,turbine_2,23,0.2928294789690566,0.6649999999999999,-0.37217052103094334,0.01,8.18,-0.1,0.0,0.818869738875966,True,open_meteo_previous_runs,72,2025-12-31T05:00:00+00:00,2025-12-31T18:00:00+00:00,24.0,2025-11-30T19:00:00+00:00,2025-12-31T19:00:00+00:00,0
2026-01-01T19:00:00+00:00,2026-01-02T18:00:00+00:00,turbine_2,24,0.39886706359354634,0.295,0.10386706359354636,0.01,8.99,-0.0,0.0,0.9249073235004559,True,open_meteo_previous_runs,72,2025-12-31T06:00:00+00:00,2025-12-31T18:00:00+00:00,24.0,2025-11-30T19:00:00+00:00,2025-12-31T19:00:00+00:00,0
2026-01-01T19:00:00+00:00,2026-01-02T19:00:00+00:00,turbine_2,25,0.4134956318271562,0.2116666666666666,0.20182896516048962,0.01,9.22,-0.1,0.0,0.9176694954048953,True,open_meteo_previous_runs,72,2025-12-31T07:00:00+00:00,2025-12-31T18:00:00+00:00,24.0,2025-11-30T19:00:00+00:00,2025-12-31T19:00:00+00:00,0
2026-01-01T19:00:00+00:00,2026-01-02T20:00:00+00:00,turbine_2,26,0.41158789632111753,0.1983333333333333,0.21325456298778422,0.01,9.39,-0.4,0.0,0.9157617598988566,True,open_meteo_previous_runs,72,2025-12-31T08:00:00+00:00,2025-12-31T18:00:00+00:00,24.0,2025-11-30T19:00:00+00:00,2025-12-31T19:00:00+00:00,0
2026-01-01T19:00:00+00:00,2026-01-02T21:00:00+00:00,turbine_2,27,0.44411881237713474,0.31,0.13411881237713474,0.01,9.63,-0.5,0.0,0.9482926759548738,True,open_meteo_previous_runs,72,2025-12-31T09:00:00+00:00,2025-12-31T18:00:00+00:00,24.0,2025-11-30T19:00:00+00:00,2025-12-31T19:00:00+00:00,0
2026-01-01T19:00:00+00:00,2026-01-02T22:00:00+00:00,turbine_2,28,0.4533763189109806,0.1583333333333333,0.2950429855776473,0.01,9.89,-0.5,0.0,0.9575501824887197,True,open_meteo_previous_runs,72,2025-12-31T10:00:00+00:00,2025-12-31T18:00:00+00:00,24.0,2025-11-30T19:00:00+00:00,2025-12-31T19:00:00+00:00,0
2026-01-01T19:00:00+00:00,2026-01-02T23:00:00+00:00,turbine_2,29,0.4505331327365085,0.1899999999999999,0.26053313273650863,0.01,10.29,-0.5,0.0,0.9547069963142476,True,open_meteo_previous_runs,72,2025-12-31T11:00:00+00:00,2025-12-31T18:00:00+00:00,24.0,2025-11-30T19:00:00+00:00,2025-12-31T19:00:00+00:00,0
2026-01-01T19:00:00+00:00,2026-01-03T00:00:00+00:00,turbine_2,30,0.4512224258325079,0.2516666666666666,0.19955575916584128,0.01,9.96,-0.7,0.0,0.955396289410247,True,open_meteo_previous_runs,72,2025-12-31T12:00:00+00:00,2025-12-31T18:00:00+00:00,24.0,2025-11-30T19:00:00+00:00,2025-12-31T19:00:00+00:00,0
2026-01-01T19:00:00+00:00,2026-01-03T01:00:00+00:00,turbine_2,31,0.43534749168626213,0.1466666666666666,0.2886808250195955,0.01,9.67,-1.1,0.0,0.9395213552640012,True,open_meteo_previous_runs,72,2025-12-31T13:00:00+00:00,2025-12-31T18:00:00+00:00,24.0,2025-11-30T19:00:00+00:00,2025-12-31T19:00:00+00:00,0
2026-01-01T19:00:00+00:00,2026-01-03T02:00:00+00:00,turbine_2,32,0.38650133322119756,0.26,0.12650133322119755,0.01,9.26,-1.3,0.0,0.8906751967989366,True,open_meteo_previous_runs,72,2025-12-31T14:00:00+00:00,2025-12-31T18:00:00+00:00,24.0,2025-11-30T19:00:00+00:00,2025-12-31T19:00:00+00:00,0
2026-01-01T19:00:00+00:00,2026-01-03T03:00:00+00:00,turbine_2,33,0.35311635280465137,0.22,0.13311635280465137,0.01,8.86,-0.9,0.0,0.8572902163823904,True,open_meteo_previous_runs,72,2025-12-31T15:00:00+00:00,2025-12-31T18:00:00+00:00,24.0,2025-11-30T19:00:00+00:00,2025-12-31T19:00:00+00:00,0
2026-01-01T19:00:00+00:00,2026-01-03T04:00:00+00:00,turbine_2,34,0.3683703688384491,0.1183333333333333,0.2500370355051158,0.01,8.81,0.8,0.0,0.8725442324161882,True,open_meteo_previous_runs,72,2025-12-31T16:00:00+00:00,2025-12-31T18:00:00+00:00,24.0,2025-11-30T19:00:00+00:00,2025-12-31T19:00:00+00:00,0
2026-01-01T19:00:00+00:00,2026-01-03T05:00:00+00:00,turbine_2,35,0.3738109259154609,0.135,0.23881092591546088,0.01,8.94,2.6,0.0,0.8779847894932,True,open_meteo_previous_runs,72,2025-12-31T17:00:00+00:00,2025-12-31T18:00:00+00:00,24.0,2025-11-30T19:00:00+00:00,2025-12-31T19:00:00+00:00,0
2026-01-01T19:00:00+00:00,2026-01-03T06:00:00+00:00,turbine_2,36,0.4041725239945277,0.0666666666666666,0.3375058573278611,0.01,8.99,3.8,0.0,0.9083463875722668,True,open_meteo_previous_runs,72,2025-12-31T18:00:00+00:00,2025-12-31T18:00:00+00:00,24.0,2025-11-30T19:00:00+00:00,2025-12-31T19:00:00+00:00,0
2026-01-01T19:00:00+00:00,2026-01-03T07:00:00+00:00,turbine_2,37,0.3514004947443782,0.1433333333333333,0.20806716141104487,0.01,8.59,4.7,0.0,0.8555743583221173,True,open_meteo_previous_runs,72,2025-12-31T19:00:00+00:00,2025-12-31T18:00:00+00:00,24.0,2025-11-30T19:00:00+00:00,2025-12-31T19:00:00+00:00,0
2026-01-01T19:00:00+00:00,2026-01-03T08:00:00+00:00,turbine_2,38,0.3573607997769664,0.1616666666666666,0.1956941331102998,0.01,8.59,5.3,0.0,0.8615346633547054,True,open_meteo_previous_runs,72,2025-12-31T20:00:00+00:00,2025-12-31T18:00:00+00:00,24.0,2025-11-30T19:00:00+00:00,2025-12-31T19:00:00+00:00,0
2026-01-01T19:00:00+00:00,2026-01-03T09:00:00+00:00,turbine_2,39,0.407189761402351,0.1583333333333333,0.24885642806901773,0.01,8.6,5.5,0.0,0.91136362498009,True,open_meteo_previous_runs,72,2025-12-31T21:00:00+00:00,2025-12-31T18:00:00+00:00,24.0,2025-11-30T19:00:00+00:00,2025-12-31T19:00:00+00:00,0
2026-01-01T19:00:00+00:00,2026-01-03T10:00:00+00:00,turbine_2,40,0.41023587077021006,0.1966666666666666,0.21356920410354346,0.01,8.71,4.5,0.0,0.9144097343479491,True,open_meteo_previous_runs,72,2025-12-31T22:00:00+00:00,2025-12-31T18:00:00+00:00,24.0,2025-11-30T19:00:00+00:00,2025-12-31T19:00:00+00:00,0
2026-01-01T19:00:00+00:00,2026-01-03T11:00:00+00:00,turbine_2,41,0.4106089542483898,0.2066666666666666,0.20394228758172317,0.01,9.0,3.1,0.0,0.9147828178261288,True,open_meteo_previous_runs,72,2025-12-31T23:00:00+00:00,2025-12-31T18:00:00+00:00,24.0,2025-11-30T19:00:00+00:00,2025-12-31T19:00:00+00:00,0
2026-01-01T19:00:00+00:00,2026-01-03T12:00:00+00:00,turbine_2,42,0.3600106223494771,0.2783333333333333,0.0816772890161438,0.01,8.47,2.4,0.0,0.8641844859272162,True,open_meteo_previous_runs,72,2026-01-01T00:00:00+00:00,2025-12-31T18:00:00+00:00,24.0,2025-11-30T19:00:00+00:00,2025-12-31T19:00:00+00:00,0
2026-01-01T19:00:00+00:00,2026-01-03T13:00:00+00:00,turbine_2,43,0.4119200193322836,0.5066666666666667,-0.0947466473343831,0.01,8.78,2.0,0.0,0.9160938829100227,True,open_meteo_previous_runs,72,2026-01-01T01:00:00+00:00,2025-12-31T18:00:00+00:00,24.0,2025-11-30T19:00:00+00:00,2025-12-31T19:00:00+00:00,0
2026-01-01T19:00:00+00:00,2026-01-03T14:00:00+00:00,turbine_2,44,0.4747679325661367,0.245,0.2297679325661367,0.01,9.31,1.7,0.0,0.9789417961438758,True,open_meteo_previous_runs,72,2026-01-01T02:00:00+00:00,2025-12-31T18:00:00+00:00,24.0,2025-11-30T19:00:00+00:00,2025-12-31T19:00:00+00:00,0
2026-01-01T19:00:00+00:00,2026-01-03T15:00:00+00:00,turbine_2,45,0.4747679325661367,0.4883333333333333,-0.01356540076719659,0.01,9.11,1.4,0.0,0.9789417961438758,True,open_meteo_previous_runs,72,2026-01-01T03:00:00+00:00,2025-12-31T18:00:00+00:00,24.0,2025-11-30T19:00:00+00:00,2025-12-31T19:00:00+00:00,0
2026-01-01T19:00:00+00:00,2026-01-03T16:00:00+00:00,turbine_2,46,0.4646456841614354,0.285,0.17964568416143545,0.01,9.35,0.9,0.0,0.9688195477391746,True,open_meteo_previous_runs,72,2026-01-01T04:00:00+00:00,2025-12-31T18:00:00+00:00,24.0,2025-11-30T19:00:00+00:00,2025-12-31T19:00:00+00:00,0
2026-01-01T19:00:00+00:00,2026-01-03T17:00:00+00:00,turbine_2,47,0.45474110134427453,0.1583333333333333,0.29640776801094126,0.01,9.44,1.1,0.0,0.9589149649220137,True,open_meteo_previous_runs,72,2026-01-01T05:00:00+00:00,2025-12-31T18:00:00+00:00,24.0,2025-11-30T19:00:00+00:00,2025-12-31T19:00:00+00:00,0
2026-01-01T19:00:00+00:00,2026-01-03T18:00:00+00:00,turbine_2,48,0.5005219938658241,0.265,0.23552199386582406,0.01,9.57,1.0,0.0,1.0,True,open_meteo_previous_runs,72,2026-01-01T06:00:00+00:00,2025-12-31T18:00:00+00:00,24.0,2025-11-30T19:00:00+00:00,2025-12-31T19:00:00+00:00,0
2026-01-02T19:00:00+00:00,2026-01-02T19:00:00+00:00,turbine_2,1,0.4067202418857875,0.2116666666666666,0.1950535752191209,0.01,9.22,-0.1,0.0,0.932760501792697,True,open_meteo_previous_runs,72,2025-12-31T07:00:00+00:00,2025-12-31T18:00:00+00:00,48.0,2025-11-30T19:00:00+00:00,2025-12-31T19:00:00+00:00,0
2026-01-02T19:00:00+00:00,2026-01-02T20:00:00+00:00,turbine_2,2,0.4048125063797488,0.1983333333333333,0.2064791730464155,0.01,9.39,-0.4,0.0,0.9308527662866584,True,open_meteo_previous_runs,72,2025-12-31T08:00:00+00:00,2025-12-31T18:00:00+00:00,48.0,2025-11-30T19:00:00+00:00,2025-12-31T19:00:00+00:00,0
2026-01-02T19:00:00+00:00,2026-01-02T21:00:00+00:00,turbine_2,3,0.4372333928368444,0.31,0.12723339283684443,0.01,9.63,-0.5,0.0,0.963273652743754,True,open_meteo_previous_runs,72,2025-12-31T09:00:00+00:00,2025-12-31T18:00:00+00:00,48.0,2025-11-30T19:00:00+00:00,2025-12-31T19:00:00+00:00,0
2026-01-02T19:00:00+00:00,2026-01-02T22:00:00+00:00,turbine_2,4,0.4464908993706903,0.1583333333333333,0.288157566037357,0.01,9.89,-0.5,0.0,0.9725311592775998,True,open_meteo_previous_runs,72,2025-12-31T10:00:00+00:00,2025-12-31T18:00:00+00:00,48.0,2025-11-30T19:00:00+00:00,2025-12-31T19:00:00+00:00,0
2026-01-02T19:00:00+00:00,2026-01-02T23:00:00+00:00,turbine_2,5,0.4433702331114788,0.1899999999999999,0.2533702331114789,0.01,10.29,-0.5,0.0,0.9694104930183882,True,open_meteo_previous_runs,72,2025-12-31T11:00:00+00:00,2025-12-31T18:00:00+00:00,48.0,2025-11-30T19:00:00+00:00,2025-12-31T19:00:00+00:00,0
2026-01-02T19:00:00+00:00,2026-01-03T00:00:00+00:00,turbine_2,6,0.4489696062101009,0.2516666666666666,0.1973029395434343,0.01,9.96,-0.7,0.0,0.9750098661170103,True,open_meteo_previous_runs,72,2025-12-31T12:00:00+00:00,2025-12-31T18:00:00+00:00,48.0,2025-11-30T19:00:00+00:00,2025-12-31T19:00:00+00:00,0
2026-01-02T19:00:00+00:00,2026-01-03T01:00:00+00:00,turbine_2,7,0.43666677887707317,0.1466666666666666,0.29000011221040656,0.01,9.67,-1.1,0.0,0.9627070387839827,True,open_meteo_previous_runs,72,2025-12-31T13:00:00+00:00,2025-12-31T18:00:00+00:00,48.0,2025-11-30T19:00:00+00:00,2025-12-31T19:00:00+00:00,0
2026-01-02T19:00:00+00:00,2026-01-03T02:00:00+00:00,turbine_2,8,0.3880950603973755,0.26,0.1280950603973755,0.01,9.26,-1.3,0.0,0.914135320304285,True,open_meteo_previous_runs,72,2025-12-31T14:00:00+00:00,2025-12-31T18:00:00+00:00,48.0,2025-11-30T19:00:00+00:00,2025-12-31T19:00:00+00:00,0
2026-01-02T19:00:00+00:00,2026-01-03T03:00:00+00:00,turbine_2,9,0.35538350088575676,0.22,0.13538350088575676,0.01,8.86,-0.9,0.0,0.8814237607926663,True,open_meteo_previous_runs,72,2025-12-31T15:00:00+00:00,2025-12-31T18:00:00+00:00,48.0,2025-11-30T19:00:00+00:00,2025-12-31T19:00:00+00:00,0
2026-01-02T19:00:00+00:00,2026-01-03T04:00:00+00:00,turbine_2,10,0.3683703688384491,0.1183333333333333,0.2500370355051158,0.01,8.81,0.8,0.0,0.8944106287453586,True,open_meteo_previous_runs,72,2025-12-31T16:00:00+00:00,2025-12-31T18:00:00+00:00,48.0,2025-11-30T19:00:00+00:00,2025-12-31T19:00:00+00:00,0
2026-01-02T19:00:00+00:00,2026-01-03T05:00:00+00:00,turbine_2,11,0.3738109259154609,0.135,0.23881092591546088,0.01,8.94,2.6,0.0,0.8998511858223703,True,open_meteo_previous_runs,72,2025-12-31T17:00:00+00:00,2025-12-31T18:00:00+00:00,48.0,2025-11-30T19:00:00+00:00,2025-12-31T19:00:00+00:00,0
2026-01-02T19:00:00+00:00,2026-01-03T06:00:00+00:00,turbine_2,12,0.4041725239945277,0.0666666666666666,0.3375058573278611,0.01,8.99,3.8,0.0,0.9302127839014371,True,open_meteo_previous_runs,72,2025-12-31T18:00:00+00:00,2025-12-31T18:00:00+00:00,48.0,2025-11-30T19:00:00+00:00,2025-12-31T19:00:00+00:00,0
2026-01-02T19:00:00+00:00,2026-01-03T07:00:00+00:00,turbine_2,13,0.3514004947443782,0.1433333333333333,0.20806716141104487,0.01,8.59,4.7,0.0,0.8774407546512877,True,open_meteo_previous_runs,72,2025-12-31T19:00:00+00:00,2025-12-31T18:00:00+00:00,48.0,2025-11-30T19:00:00+00:00,2025-12-31T19:00:00+00:00,0
2026-01-02T19:00:00+00:00,2026-01-03T08:00:00+00:00,turbine_2,14,0.3573607997769664,0.1616666666666666,0.1956941331102998,0.01,8.59,5.3,0.0,0.8834010596838759,True,open_meteo_previous_runs,72,2025-12-31T20:00:00+00:00,2025-12-31T18:00:00+00:00,48.0,2025-11-30T19:00:00+00:00,2025-12-31T19:00:00+00:00,0
2026-01-02T19:00:00+00:00,2026-01-03T09:00:00+00:00,turbine_2,15,0.407189761402351,0.1583333333333333,0.24885642806901773,0.01,8.6,5.5,0.0,0.9332300213092606,True,open_meteo_previous_runs,72,2025-12-31T21:00:00+00:00,2025-12-31T18:00:00+00:00,48.0,2025-11-30T19:00:00+00:00,2025-12-31T19:00:00+00:00,0
2026-01-02T19:00:00+00:00,2026-01-03T10:00:00+00:00,turbine_2,16,0.41023587077021006,0.1966666666666666,0.21356920410354346,0.01,8.71,4.5,0.0,0.9362761306771196,True,open_meteo_previous_runs,72,2025-12-31T22:00:00+00:00,2025-12-31T18:00:00+00:00,48.0,2025-11-30T19:00:00+00:00,2025-12-31T19:00:00+00:00,0
2026-01-02T19:00:00+00:00,2026-01-03T11:00:00+00:00,turbine_2,17,0.4106089542483898,0.2066666666666666,0.20394228758172317,0.01,9.0,3.1,0.0,0.9366492141552993,True,open_meteo_previous_runs,72,2025-12-31T23:00:00+00:00,2025-12-31T18:00:00+00:00,48.0,2025-11-30T19:00:00+00:00,2025-12-31T19:00:00+00:00,0
2026-01-02T19:00:00+00:00,2026-01-03T12:00:00+00:00,turbine_2,18,0.3600106223494771,0.2783333333333333,0.0816772890161438,0.01,8.47,2.4,0.0,0.8860508822563866,True,open_meteo_previous_runs,72,2026-01-01T00:00:00+00:00,2025-12-31T18:00:00+00:00,48.0,2025-11-30T19:00:00+00:00,2025-12-31T19:00:00+00:00,0
2026-01-02T19:00:00+00:00,2026-01-03T13:00:00+00:00,turbine_2,19,0.4119200193322836,0.5066666666666667,-0.0947466473343831,0.01,8.78,2.0,0.0,0.9379602792391931,True,open_meteo_previous_runs,72,2026-01-01T01:00:00+00:00,2025-12-31T18:00:00+00:00,48.0,2025-11-30T19:00:00+00:00,2025-12-31T19:00:00+00:00,0
2026-01-02T19:00:00+00:00,2026-01-03T14:00:00+00:00,turbine_2,20,0.4747679325661367,0.245,0.2297679325661367,0.01,9.31,1.7,0.0,1.0,True,open_meteo_previous_runs,72,2026-01-01T02:00:00+00:00,2025-12-31T18:00:00+00:00,48.0,2025-11-30T19:00:00+00:00,2025-12-31T19:00:00+00:00,0
2026-01-02T19:00:00+00:00,2026-01-03T15:00:00+00:00,turbine_2,21,0.4747679325661367,0.4883333333333333,-0.01356540076719659,0.01,9.11,1.4,0.0,1.0,True,open_meteo_previous_runs,72,2026-01-01T03:00:00+00:00,2025-12-31T18:00:00+00:00,48.0,2025-11-30T19:00:00+00:00,2025-12-31T19:00:00+00:00,0
2026-01-02T19:00:00+00:00,2026-01-03T16:00:00+00:00,turbine_2,22,0.4646456841614354,0.285,0.17964568416143545,0.01,9.35,0.9,0.0,0.9906859440683449,True,open_meteo_previous_runs,72,2026-01-01T04:00:00+00:00,2025-12-31T18:00:00+00:00,48.0,2025-11-30T19:00:00+00:00,2025-12-31T19:00:00+00:00,0
2026-01-02T19:00:00+00:00,2026-01-03T17:00:00+00:00,turbine_2,23,0.45474110134427453,0.1583333333333333,0.29640776801094126,0.01,9.44,1.1,0.0,0.980781361251184,True,open_meteo_previous_runs,72,2026-01-01T05:00:00+00:00,2025-12-31T18:00:00+00:00,48.0,2025-11-30T19:00:00+00:00,2025-12-31T19:00:00+00:00,0
2026-01-02T19:00:00+00:00,2026-01-03T18:00:00+00:00,turbine_2,24,0.5005219938658241,0.265,0.23552199386582406,0.01,9.57,1.0,0.0,1.0,True,open_meteo_previous_runs,72,2026-01-01T06:00:00+00:00,2025-12-31T18:00:00+00:00,48.0,2025-11-30T19:00:00+00:00,2025-12-31T19:00:00+00:00,0
2026-01-02T19:00:00+00:00,2026-01-03T19:00:00+00:00,turbine_2,25,0.45937725722185474,0.1833333333333333,0.27604392388852145,0.01,9.62,0.9,0.0,0.9635511207995938,True,open_meteo_previous_runs,72,2026-01-01T07:00:00+00:00,2025-12-31T18:00:00+00:00,48.0,2025-11-30T19:00:00+00:00,2025-12-31T19:00:00+00:00,0
2026-01-02T19:00:00+00:00,2026-01-03T20:00:00+00:00,turbine_2,26,0.45937725722185474,0.2666666666666666,0.19271059055518813,0.01,9.66,0.7,0.0,0.9635511207995938,True,open_meteo_previous_runs,72,2026-01-01T08:00:00+00:00,2025-12-31T18:00:00+00:00,48.0,2025-11-30T19:00:00+00:00,2025-12-31T19:00:00+00:00,0
2026-01-02T19:00:00+00:00,2026-01-03T21:00:00+00:00,turbine_2,27,0.4553396942021908,0.1899999999999999,0.2653396942021909,0.01,10.15,0.6,0.0,0.9595135577799299,True,open_meteo_previous_runs,72,2026-01-01T09:00:00+00:00,2025-12-31T18:00:00+00:00,48.0,2025-11-30T19:00:00+00:00,2025-12-31T19:00:00+00:00,0
2026-01-02T19:00:00+00:00,2026-01-03T22:00:00+00:00,turbine_2,28,0.4842944718034674,0.1683333333333333,0.3159611384701341,0.01,10.38,0.4,0.0,0.9884683353812065,True,open_meteo_previous_runs,72,2026-01-01T10:00:00+00:00,2025-12-31T18:00:00+00:00,48.0,2025-11-30T19:00:00+00:00,2025-12-31T19:00:00+00:00,0
2026-01-02T19:00:00+00:00,2026-01-03T23:00:00+00:00,turbine_2,29,0.6156738442693478,0.2333333333333333,0.3823405109360145,0.01,10.6,0.1,0.11149998069160871,1.0,True,open_meteo_previous_runs,72,2026-01-01T11:00:00+00:00,2025-12-31T18:00:00+00:00,48.0,2025-11-30T19:00:00+00:00,2025-12-31T19:00:00+00:00,0
2026-01-02T19:00:00+00:00,2026-01-04T00:00:00+00:00,turbine_2,30,0.723732882352064,0.2283333333333333,0.49539954901873073,0.01,11.01,0.2,0.21955901877432493,1.0,True,open_meteo_previous_runs,72,2026-01-01T12:00:00+00:00,2025-12-31T18:00:00+00:00,48.0,2025-11-30T19:00:00+00:00,2025-12-31T19:00:00+00:00,0
2026-01-02T19:00:00+00:00,2026-01-04T01:00:00+00:00,turbine_2,31,0.7087812940085251,0.37,0.3387812940085251,0.01,10.8,-0.3,0.204607430430786,1.0,True,open_meteo_previous_runs,72,2026-01-01T13:00:00+00:00,2025-12-31T18:00:00+00:00,48.0,2025-11-30T19:00:00+00:00,2025-12-31T19:00:00+00:00,0
2026-01-02T19:00:00+00:00,2026-01-04T02:00:00+00:00,turbine_2,32,0.44663178584770613,0.295,0.15163178584770615,0.01,10.26,-0.5,0.0,0.9508056494254452,True,open_meteo_previous_runs,72,2026-01-01T14:00:00+00:00,2025-12-31T18:00:00+00:00,48.0,2025-11-30T19:00:00+00:00,2025-12-31T19:00:00+00:00,0
2026-01-02T19:00:00+00:00,2026-01-04T03:00:00+00:00,turbine_2,33,0.4485395213537448,0.41,0.03853952135374483,0.01,10.25,-0.2,0.0,0.9527133849314839,True,open_meteo_previous_runs,72,2026-01-01T15:00:00+00:00,2025-12-31T18:00:00+00:00,48.0,2025-11-30T19:00:00+00:00,2025-12-31T19:00:00+00:00,0
2026-01-02T19:00:00+00:00,2026-01-04T04:00:00+00:00,turbine_2,34,0.5019529115713546,0.0483333333333333,0.4536195782380213,0.01,10.47,1.6,0.0,1.0,True,open_meteo_previous_runs,72,2026-01-01T16:00:00+00:00,2025-12-31T18:00:00+00:00,48.0,2025-11-30T19:00:00+00:00,2025-12-31T19:00:00+00:00,0
2026-01-02T19:00:00+00:00,2026-01-04T05:00:00+00:00,turbine_2,35,0.5266067835786935,0.0766666666666666,0.4499401169120269,0.01,10.47,3.7,0.022432920000954426,1.0,True,open_meteo_previous_runs,72,2026-01-01T17:00:00+00:00,2025-12-31T18:00:00+00:00,48.0,2025-11-30T19:00:00+00:00,2025-12-31T19:00:00+00:00,0
2026-01-02T19:00:00+00:00,2026-01-04T06:00:00+00:00,turbine_2,36,0.2844215867985014,0.0683333333333333,0.21608825346516808,0.01,8.15,4.4,0.0,0.7885954503762405,True,open_meteo_previous_runs,72,2026-01-01T18:00:00+00:00,2025-12-31T18:00:00+00:00,48.0,2025-11-30T19:00:00+00:00,2025-12-31T19:00:00+00:00,0
2026-01-02T19:00:00+00:00,2026-01-04T07:00:00+00:00,turbine_2,37,0.2614597736549111,0.01,0.25145977365491107,0.01,7.5,5.5,0.0,0.7656336372326502,True,open_meteo_previous_runs,72,2026-01-01T19:00:00+00:00,2025-12-31T18:00:00+00:00,48.0,2025-11-30T19:00:00+00:00,2025-12-31T19:00:00+00:00,0
2026-01-02T19:00:00+00:00,2026-01-04T08:00:00+00:00,turbine_2,38,0.2520859930896196,0.01,0.2420859930896196,0.01,6.52,6.2,0.0,0.7562598566673586,True,open_meteo_previous_runs,72,2026-01-01T20:00:00+00:00,2025-12-31T18:00:00+00:00,48.0,2025-11-30T19:00:00+00:00,2025-12-31T19:00:00+00:00,0
2026-01-02T19:00:00+00:00,2026-01-04T09:00:00+00:00,turbine_2,39,0.23161874017533815,0.01,0.22161874017533814,0.01,5.38,6.3,0.0,0.7357926037530772,True,open_meteo_previous_runs,72,2026-01-01T21:00:00+00:00,2025-12-31T18:00:00+00:00,48.0,2025-11-30T19:00:00+00:00,2025-12-31T19:00:00+00:00,0
2026-01-02T19:00:00+00:00,2026-01-04T10:00:00+00:00,turbine_2,40,0.20543586234052866,0.0316666666666666,0.17376919567386206,0.01,4.35,5.6,0.0,0.7096097259182678,True,open_meteo_previous_runs,72,2026-01-01T22:00:00+00:00,2025-12-31T18:00:00+00:00,48.0,2025-11-30T19:00:00+00:00,2025-12-31T19:00:00+00:00,0
2026-01-02T19:00:00+00:00,2026-01-04T11:00:00+00:00,turbine_2,41,0.19334570144497557,0.265,-0.07165429855502445,0.01,3.86,3.1,0.0,0.6975195650227146,True,open_meteo_previous_runs,72,2026-01-01T23:00:00+00:00,2025-12-31T18:00:00+00:00,48.0,2025-11-30T19:00:00+00:00,2025-12-31T19:00:00+00:00,0
2026-01-02T19:00:00+00:00,2026-01-04T12:00:00+00:00,turbine_2,42,0.24731030065460755,0.5816666666666667,-0.3343563660120591,0.01,0.92,2.7,0.0,0.7514841642323467,True,open_meteo_previous_runs,72,2026-01-02T00:00:00+00:00,2025-12-31T18:00:00+00:00,48.0,2025-11-30T19:00:00+00:00,2025-12-31T19:00:00+00:00,0
2026-01-02T19:00:00+00:00,2026-01-04T13:00:00+00:00,turbine_2,43,0.270873413285308,0.62,-0.349126586714692,0.01,1.53,2.7,0.0,0.7750472768630471,True,open_meteo_previous_runs,72,2026-01-02T01:00:00+00:00,2025-12-31T18:00:00+00:00,48.0,2025-11-30T19:00:00+00:00,2025-12-31T19:00:00+00:00,0
2026-01-02T19:00:00+00:00,2026-01-04T14:00:00+00:00,turbine_2,44,0.2914877784641438,0.6566666666666666,-0.3651788882025228,0.01,3.8,2.5,0.0,0.7956616420418829,True,open_meteo_previous_runs,72,2026-01-02T02:00:00+00:00,2025-12-31T18:00:00+00:00,48.0,2025-11-30T19:00:00+00:00,2025-12-31T19:00:00+00:00,0
2026-01-02T19:00:00+00:00,2026-01-04T15:00:00+00:00,turbine_2,45,0.34975679228471773,0.4866666666666666,-0.13690987438194885,0.01,5.15,2.1,0.0,0.8539306558624569,True,open_meteo_previous_runs,72,2026-01-02T03:00:00+00:00,2025-12-31T18:00:00+00:00,48.0,2025-11-30T19:00:00+00:00,2025-12-31T19:00:00+00:00,0
2026-01-02T19:00:00+00:00,2026-01-04T16:00:00+00:00,turbine_2,46,0.3713568853266994,0.3466666666666667,0.024690218660032737,0.01,5.92,1.9,0.0,0.8755307489044385,True,open_meteo_previous_runs,72,2026-01-02T04:00:00+00:00,2025-12-31T18:00:00+00:00,48.0,2025-11-30T19:00:00+00:00,2025-12-31T19:00:00+00:00,0
2026-01-02T19:00:00+00:00,2026-01-04T17:00:00+00:00,turbine_2,47,0.36052941897144863,0.485,-0.12447058102855135,0.01,6.13,2.3,0.0,0.8647032825491877,True,open_meteo_previous_runs,72,2026-01-02T05:00:00+00:00,2025-12-31T18:00:00+00:00,48.0,2025-11-30T19:00:00+00:00,2025-12-31T19:00:00+00:00,0
2026-01-02T19:00:00+00:00,2026-01-04T18:00:00+00:00,turbine_2,48,0.3882246799801411,0.8316666666666667,-0.44344198668652557,0.01,7.47,1.5,0.0,0.8923985435578802,True,open_meteo_previous_runs,72,2026-01-02T06:00:00+00:00,2025-12-31T18:00:00+00:00,48.0,2025-11-30T19:00:00+00:00,2025-12-31T19:00:00+00:00,0
2026-01-03T19:00:00+00:00,2026-01-03T19:00:00+00:00,turbine_2,1,0.452601867280486,0.1833333333333333,0.2692685339471527,0.01,9.62,0.9,0.0,0.9786421271873955,True,open_meteo_previous_runs,72,2026-01-01T07:00:00+00:00,2025-12-31T18:00:00+00:00,72.0,2025-11-30T19:00:00+00:00,2025-12-31T19:00:00+00:00,0
2026-01-03T19:00:00+00:00,2026-01-03T20:00:00+00:00,turbine_2,2,0.452601867280486,0.2666666666666666,0.1859352006138194,0.01,9.66,0.7,0.0,0.9786421271873955,True,open_meteo_previous_runs,72,2026-01-01T08:00:00+00:00,2025-12-31T18:00:00+00:00,72.0,2025-11-30T19:00:00+00:00,2025-12-31T19:00:00+00:00,0
2026-01-03T19:00:00+00:00,2026-01-03T21:00:00+00:00,turbine_2,3,0.44845427466190046,0.1899999999999999,0.2584542746619006,0.01,10.15,0.6,0.0,0.97449453456881,True,open_meteo_previous_runs,72,2026-01-01T09:00:00+00:00,2025-12-31T18:00:00+00:00,72.0,2025-11-30T19:00:00+00:00,2025-12-31T19:00:00+00:00,0
2026-01-03T19:00:00+00:00,2026-01-03T22:00:00+00:00,turbine_2,4,0.48005198418469447,0.1683333333333333,0.3117186508513612,0.01,10.38,0.4,0.0,1.0,True,open_meteo_previous_runs,72,2026-01-01T10:00:00+00:00,2025-12-31T18:00:00+00:00,72.0,2025-11-30T19:00:00+00:00,2025-12-31T19:00:00+00:00,0
2026-01-03T19:00:00+00:00,2026-01-03T23:00:00+00:00,turbine_2,5,0.6111538765658353,0.2333333333333333,0.377820543232502,0.01,10.6,0.1,0.0851136166589258,1.0,True,open_meteo_previous_runs,72,2026-01-01T11:00:00+00:00,2025-12-31T18:00:00+00:00,72.0,2025-11-30T19:00:00+00:00,2025-12-31T19:00:00+00:00,0
2026-01-03T19:00:00+00:00,2026-01-04T00:00:00+00:00,turbine_2,6,0.7192129146485515,0.2283333333333333,0.49087958131521825,0.01,11.01,0.2,0.19317265474164202,1.0,True,open_meteo_previous_runs,72,2026-01-01T12:00:00+00:00,2025-12-31T18:00:00+00:00,72.0,2025-11-30T19:00:00+00:00,2025-12-31T19:00:00+00:00,0
2026-01-03T19:00:00+00:00,2026-01-04T01:00:00+00:00,turbine_2,7,0.7078334331182307,0.37,0.33783343311823066,0.01,10.8,-0.3,0.18179317321132116,1.0,True,open_meteo_previous_runs,72,2026-01-01T13:00:00+00:00,2025-12-31T18:00:00+00:00,72.0,2025-11-30T19:00:00+00:00,2025-12-31T19:00:00+00:00,0
2026-01-03T19:00:00+00:00,2026-01-04T02:00:00+00:00,turbine_2,8,0.4433154330212613,0.295,0.14831543302126132,0.01,10.26,-0.5,0.0,0.9693556929281708,True,open_meteo_previous_runs,72,2026-01-01T14:00:00+00:00,2025-12-31T18:00:00+00:00,72.0,2025-11-30T19:00:00+00:00,2025-12-31T19:00:00+00:00,0
2026-01-03T19:00:00+00:00,2026-01-04T03:00:00+00:00,turbine_2,9,0.44589658943222743,0.41,0.035896589432227455,0.01,10.25,-0.2,0.0,0.9719368493391369,True,open_meteo_previous_runs,72,2026-01-01T15:00:00+00:00,2025-12-31T18:00:00+00:00,72.0,2025-11-30T19:00:00+00:00,2025-12-31T19:00:00+00:00,0
2026-01-03T19:00:00+00:00,2026-01-04T04:00:00+00:00,turbine_2,10,0.5019529115713546,0.0483333333333333,0.4536195782380213,0.01,10.47,1.6,0.0,1.0,True,open_meteo_previous_runs,72,2026-01-01T16:00:00+00:00,2025-12-31T18:00:00+00:00,72.0,2025-11-30T19:00:00+00:00,2025-12-31T19:00:00+00:00,0
2026-01-03T19:00:00+00:00,2026-01-04T05:00:00+00:00,turbine_2,11,0.5266067835786935,0.0766666666666666,0.4499401169120269,0.01,10.47,3.7,0.0005665236717840028,1.0,True,open_meteo_previous_runs,72,2026-01-01T17:00:00+00:00,2025-12-31T18:00:00+00:00,72.0,2025-11-30T19:00:00+00:00,2025-12-31T19:00:00+00:00,0
2026-01-03T19:00:00+00:00,2026-01-04T06:00:00+00:00,turbine_2,12,0.2844215867985014,0.0683333333333333,0.21608825346516808,0.01,8.15,4.4,0.0,0.8104618467054109,True,open_meteo_previous_runs,72,2026-01-01T18:00:00+00:00,2025-12-31T18:00:00+00:00,72.0,2025-11-30T19:00:00+00:00,2025-12-31T19:00:00+00:00,0
2026-01-03T19:00:00+00:00,2026-01-04T07:00:00+00:00,turbine_2,13,0.2614597736549111,0.01,0.25145977365491107,0.01,7.5,5.5,0.0,0.7875000335618205,True,open_meteo_previous_runs,72,2026-01-01T19:00:00+00:00,2025-12-31T18:00:00+00:00,72.0,2025-11-30T19:00:00+00:00,2025-12-31T19:00:00+00:00,0
2026-01-03T19:00:00+00:00,2026-01-04T08:00:00+00:00,turbine_2,14,0.2520859930896196,0.01,0.2420859930896196,0.01,6.52,6.2,0.0,0.7781262529965292,True,open_meteo_previous_runs,72,2026-01-01T20:00:00+00:00,2025-12-31T18:00:00+00:00,72.0,2025-11-30T19:00:00+00:00,2025-12-31T19:00:00+00:00,0
2026-01-03T19:00:00+00:00,2026-01-04T09:00:00+00:00,turbine_2,15,0.23161874017533815,0.01,0.22161874017533814,0.01,5.38,6.3,0.0,0.7576590000822476,True,open_meteo_previous_runs,72,2026-01-01T21:00:00+00:00,2025-12-31T18:00:00+00:00,72.0,2025-11-30T19:00:00+00:00,2025-12-31T19:00:00+00:00,0
2026-01-03T19:00:00+00:00,2026-01-04T10:00:00+00:00,turbine_2,16,0.20543586234052866,0.0316666666666666,0.17376919567386206,0.01,4.35,5.6,0.0,0.7314761222474382,True,open_meteo_previous_runs,72,2026-01-01T22:00:00+00:00,2025-12-31T18:00:00+00:00,72.0,2025-11-30T19:00:00+00:00,2025-12-31T19:00:00+00:00,0
2026-01-03T19:00:00+00:00,2026-01-04T11:00:00+00:00,turbine_2,17,0.19334570144497557,0.265,-0.07165429855502445,0.01,3.86,3.1,0.0,0.719385961351885,True,open_meteo_previous_runs,72,2026-01-01T23:00:00+00:00,2025-12-31T18:00:00+00:00,72.0,2025-11-30T19:00:00+00:00,2025-12-31T19:00:00+00:00,0
2026-01-03T19:00:00+00:00,2026-01-04T12:00:00+00:00,turbine_2,18,0.24731030065460755,0.5816666666666667,-0.3343563660120591,0.01,0.92,2.7,0.0,0.7733505605615171,True,open_meteo_previous_runs,72,2026-01-02T00:00:00+00:00,2025-12-31T18:00:00+00:00,72.0,2025-11-30T19:00:00+00:00,2025-12-31T19:00:00+00:00,0
2026-01-03T19:00:00+00:00,2026-01-04T13:00:00+00:00,turbine_2,19,0.270873413285308,0.62,-0.349126586714692,0.01,1.53,2.7,0.0,0.7969136731922175,True,open_meteo_previous_runs,72,2026-01-02T01:00:00+00:00,2025-12-31T18:00:00+00:00,72.0,2025-11-30T19:00:00+00:00,2025-12-31T19:00:00+00:00,0
2026-01-03T19:00:00+00:00,2026-01-04T14:00:00+00:00,turbine_2,20,0.2914877784641438,0.6566666666666666,-0.3651788882025228,0.01,3.8,2.5,0.0,0.8175280383710533,True,open_meteo_previous_runs,72,2026-01-02T02:00:00+00:00,2025-12-31T18:00:00+00:00,72.0,2025-11-30T19:00:00+00:00,2025-12-31T19:00:00+00:00,0
2026-01-03T19:00:00+00:00,2026-01-04T15:00:00+00:00,turbine_2,21,0.34975679228471773,0.4866666666666666,-0.13690987438194885,0.01,5.15,2.1,0.0,0.8757970521916272,True,open_meteo_previous_runs,72,2026-01-02T03:00:00+00:00,2025-12-31T18:00:00+00:00,72.0,2025-11-30T19:00:00+00:00,2025-12-31T19:00:00+00:00,0
2026-01-03T19:00:00+00:00,2026-01-04T16:00:00+00:00,turbine_2,22,0.3713568853266994,0.3466666666666667,0.024690218660032737,0.01,5.92,1.9,0.0,0.8973971452336089,True,open_meteo_previous_runs,72,2026-01-02T04:00:00+00:00,2025-12-31T18:00:00+00:00,72.0,2025-11-30T19:00:00+00:00,2025-12-31T19:00:00+00:00,0
2026-01-03T19:00:00+00:00,2026-01-04T17:00:00+00:00,turbine_2,23,0.36052941897144863,0.485,-0.12447058102855135,0.01,6.13,2.3,0.0,0.8865696788783581,True,open_meteo_previous_runs,72,2026-01-02T05:00:00+00:00,2025-12-31T18:00:00+00:00,72.0,2025-11-30T19:00:00+00:00,2025-12-31T19:00:00+00:00,0
2026-01-03T19:00:00+00:00,2026-01-04T18:00:00+00:00,turbine_2,24,0.3882246799801411,0.8316666666666667,-0.44344198668652557,0.01,7.47,1.5,0.0,0.9142649398870506,True,open_meteo_previous_runs,72,2026-01-02T06:00:00+00:00,2025-12-31T18:00:00+00:00,72.0,2025-11-30T19:00:00+00:00,2025-12-31T19:00:00+00:00,0
2026-01-03T19:00:00+00:00,2026-01-04T19:00:00+00:00,turbine_2,25,0.2759314164491888,0.2766666666666666,-0.0007352502174778341,0.01,7.96,1.0,0.0,0.7801052800269279,True,open_meteo_previous_runs,72,2026-01-02T07:00:00+00:00,2025-12-31T18:00:00+00:00,72.0,2025-11-30T19:00:00+00:00,2025-12-31T19:00:00+00:00,0
2026-01-03T19:00:00+00:00,2026-01-04T20:00:00+00:00,turbine_2,26,0.2759314164491888,0.33,-0.05406858355081123,0.01,8.19,0.7,0.0,0.7801052800269279,True,open_meteo_previous_runs,72,2026-01-02T08:00:00+00:00,2025-12-31T18:00:00+00:00,72.0,2025-11-30T19:00:00+00:00,2025-12-31T19:00:00+00:00,0
2026-01-03T19:00:00+00:00,2026-01-04T21:00:00+00:00,turbine_2,27,0.23931158862395838,0.345,-0.1056884113760416,0.01,7.57,0.5,0.0,0.7434854522016975,True,open_meteo_previous_runs,72,2026-01-02T09:00:00+00:00,2025-12-31T18:00:00+00:00,72.0,2025-11-30T19:00:00+00:00,2025-12-31T19:00:00+00:00,0
2026-01-03T19:00:00+00:00,2026-01-04T22:00:00+00:00,turbine_2,28,0.21544429851661642,0.2766666666666666,-0.061222368150050194,0.01,6.8,0.7,0.0,0.7196181620943555,True,open_meteo_previous_runs,72,2026-01-02T10:00:00+00:00,2025-12-31T18:00:00+00:00,72.0,2025-11-30T19:00:00+00:00,2025-12-31T19:00:00+00:00,0
2026-01-03T19:00:00+00:00,2026-01-04T23:00:00+00:00,turbine_2,29,0.18842431893942765,0.16,0.02842431893942765,0.01,5.95,0.7,0.0,0.6925981825171668,True,open_meteo_previous_runs,72,2026-01-02T11:00:00+00:00,2025-12-31T18:00:00+00:00,72.0,2025-11-30T19:00:00+00:00,2025-12-31T19:00:00+00:00,0
2026-01-03T19:00:00+00:00,2026-01-05T00:00:00+00:00,turbine_2,30,0.17671293502252916,0.1266666666666666,0.050046268355862567,0.01,6.4,0.6,0.0,0.6808867986002682,True,open_meteo_previous_runs,72,2026-01-02T12:00:00+00:00,2025-12-31T18:00:00+00:00,72.0,2025-11-30T19:00:00+00:00,2025-12-31T19:00:00+00:00,0
2026-01-03T19:00:00+00:00,2026-01-05T01:00:00+00:00,turbine_2,31,0.1495351131575942,0.0483333333333333,0.10120177982426092,0.01,5.69,0.3,0.0,0.6537089767353332,True,open_meteo_previous_runs,72,2026-01-02T13:00:00+00:00,2025-12-31T18:00:00+00:00,72.0,2025-11-30T19:00:00+00:00,2025-12-31T19:00:00+00:00,0
2026-01-03T19:00:00+00:00,2026-01-05T02:00:00+00:00,turbine_2,32,0.14757145398067945,0.01,0.13757145398067944,0.01,4.97,0.6,0.0,0.6517453175584185,True,open_meteo_previous_runs,72,2026-01-02T14:00:00+00:00,2025-12-31T18:00:00+00:00,72.0,2025-11-30T19:00:00+00:00,2025-12-31T19:00:00+00:00,0
2026-01-03T19:00:00+00:00,2026-01-05T03:00:00+00:00,turbine_2,33,0.1382674957116543,0.01,0.1282674957116543,0.01,4.39,0.8,0.0,0.6424413592893934,True,open_meteo_previous_runs,72,2026-01-02T15:00:00+00:00,2025-12-31T18:00:00+00:00,72.0,2025-11-30T19:00:00+00:00,2025-12-31T19:00:00+00:00,0
2026-01-03T19:00:00+00:00,2026-01-05T04:00:00+00:00,turbine_2,34,0.10396460003307904,0.01,0.09396460003307905,0.01,3.58,1.4,0.0,0.6081384636108181,True,open_meteo_previous_runs,72,2026-01-02T16:00:00+00:00,2025-12-31T18:00:00+00:00,72.0,2025-11-30T19:00:00+00:00,2025-12-31T19:00:00+00:00,0
2026-01-03T19:00:00+00:00,2026-01-05T05:00:00+00:00,turbine_2,35,0.11538980263163565,0.0066666666666666,0.10872313596496905,0.01,2.34,1.8,0.0,0.6195636662093748,True,open_meteo_previous_runs,72,2026-01-02T17:00:00+00:00,2025-12-31T18:00:00+00:00,72.0,2025-11-30T19:00:00+00:00,2025-12-31T19:00:00+00:00,0
2026-01-03T19:00:00+00:00,2026-01-05T06:00:00+00:00,turbine_2,36,0.11553770116120596,0.0083333333333333,0.10720436782787265,0.01,0.2,1.7,0.0,0.6197115647389451,True,open_meteo_previous_runs,72,2026-01-02T18:00:00+00:00,2025-12-31T18:00:00+00:00,72.0,2025-11-30T19:00:00+00:00,2025-12-31T19:00:00+00:00,0
2026-01-03T19:00:00+00:00,2026-01-05T07:00:00+00:00,turbine_2,37,0.13263583748069332,0.0133333333333333,0.11930250414736003,0.01,0.71,1.8,0.0,0.6368097010584324,True,open_meteo_previous_runs,72,2026-01-02T19:00:00+00:00,2025-12-31T18:00:00+00:00,72.0,2025-11-30T19:00:00+00:00,2025-12-31T19:00:00+00:00,0
2026-01-03T19:00:00+00:00,2026-01-05T08:00:00+00:00,turbine_2,38,0.13941988295798627,0.0333333333333333,0.10608654962465297,0.01,1.36,2.0,0.0,0.6435937465357253,True,open_meteo_previous_runs,72,2026-01-02T20:00:00+00:00,2025-12-31T18:00:00+00:00,72.0,2025-11-30T19:00:00+00:00,2025-12-31T19:00:00+00:00,0
2026-01-03T19:00:00+00:00,2026-01-05T09:00:00+00:00,turbine_2,39,0.14765108215724,0.0083333333333333,0.13931774882390668,0.01,2.83,1.9,0.0,0.6518249457349791,True,open_meteo_previous_runs,72,2026-01-02T21:00:00+00:00,2025-12-31T18:00:00+00:00,72.0,2025-11-30T19:00:00+00:00,2025-12-31T19:00:00+00:00,0
2026-01-03T19:00:00+00:00,2026-01-05T10:00:00+00:00,turbine_2,40,0.15228890495608025,0.0066666666666666,0.14562223828941365,0.01,3.81,1.7,0.0,0.6564627685338194,True,open_meteo_previous_runs,72,2026-01-02T22:00:00+00:00,2025-12-31T18:00:00+00:00,72.0,2025-11-30T19:00:00+00:00,2025-12-31T19:00:00+00:00,0
2026-01-03T19:00:00+00:00,2026-01-05T11:00:00+00:00,turbine_2,41,0.1958279807899338,0.0183333333333333,0.17749464745660049,0.01,4.55,1.7,0.0,0.7000018443676729,True,open_meteo_previous_runs,72,2026-01-02T23:00:00+00:00,2025-12-31T18:00:00+00:00,72.0,2025-11-30T19:00:00+00:00,2025-12-31T19:00:00+00:00,0
2026-01-03T19:00:00+00:00,2026-01-05T12:00:00+00:00,turbine_2,42,0.14991590631577906,0.0333333333333333,0.11658257298244576,0.01,2.61,2.2,0.0,0.6540897698935182,True,open_meteo_previous_runs,72,2026-01-03T00:00:00+00:00,2025-12-31T18:00:00+00:00,72.0,2025-11-30T19:00:00+00:00,2025-12-31T19:00:00+00:00,0
2026-01-03T19:00:00+00:00,2026-01-05T13:00:00+00:00,turbine_2,43,0.1596760883336697,0.0733333333333333,0.08634275500033639,0.01,3.02,1.8,0.0,0.6638499519114087,True,open_meteo_previous_runs,72,2026-01-03T01:00:00+00:00,2025-12-31T18:00:00+00:00,72.0,2025-11-30T19:00:00+00:00,2025-12-31T19:00:00+00:00,0
2026-01-03T19:00:00+00:00,2026-01-05T14:00:00+00:00,turbine_2,44,0.18297146686543006,0.0716666666666666,0.11130480019876346,0.01,3.81,1.4,0.0,0.6871453304431692,True,open_meteo_previous_runs,72,2026-01-03T02:00:00+00:00,2025-12-31T18:00:00+00:00,72.0,2025-11-30T19:00:00+00:00,2025-12-31T19:00:00+00:00,0
2026-01-03T19:00:00+00:00,2026-01-05T15:00:00+00:00,turbine_2,45,0.2402652077027224,0.1216666666666666,0.11859854103605579,0.01,5.66,1.1,0.0,0.7444390712804615,True,open_meteo_previous_runs,72,2026-01-03T03:00:00+00:00,2025-12-31T18:00:00+00:00,72.0,2025-11-30T19:00:00+00:00,2025-12-31T19:00:00+00:00,0
2026-01-03T19:00:00+00:00,2026-01-05T16:00:00+00:00,turbine_2,46,0.2827628307489378,0.1516666666666666,0.13109616408227123,0.01,7.34,0.9,0.0,0.7869366943266769,True,open_meteo_previous_runs,72,2026-01-03T04:00:00+00:00,2025-12-31T18:00:00+00:00,72.0,2025-11-30T19:00:00+00:00,2025-12-31T19:00:00+00:00,0
2026-01-03T19:00:00+00:00,2026-01-05T17:00:00+00:00,turbine_2,47,0.39201192180754735,0.3483333333333333,0.043678588474214075,0.01,8.83,0.5,0.0,0.8961857853852864,True,open_meteo_previous_runs,72,2026-01-03T05:00:00+00:00,2025-12-31T18:00:00+00:00,72.0,2025-11-30T19:00:00+00:00,2025-12-31T19:00:00+00:00,0
2026-01-03T19:00:00+00:00,2026-01-05T18:00:00+00:00,turbine_2,48,0.4366898439314287,0.3716666666666666,0.06502317726476209,0.01,9.18,0.4,0.0,0.9408637075091677,True,open_meteo_previous_runs,72,2026-01-03T06:00:00+00:00,2025-12-31T18:00:00+00:00,72.0,2025-11-30T19:00:00+00:00,2025-12-31T19:00:00+00:00,0
2026-01-04T19:00:00+00:00,2026-01-04T19:00:00+00:00,turbine_2,1,0.26915602650782006,0.2766666666666666,-0.00751064015884656,0.01,7.96,1.0,0.0,0.7951962864147295,True,open_meteo_previous_runs,72,2026-01-02T07:00:00+00:00,2025-12-31T18:00:00+00:00,96.0,2025-11-30T19:00:00+00:00,2025-12-31T19:00:00+00:00,0
2026-01-04T19:00:00+00:00,2026-01-04T20:00:00+00:00,turbine_2,2,0.26915602650782006,0.33,-0.06084397349217996,0.01,8.19,0.7,0.0,0.7951962864147295,True,open_meteo_previous_runs,72,2026-01-02T08:00:00+00:00,2025-12-31T18:00:00+00:00,96.0,2025-11-30T19:00:00+00:00,2025-12-31T19:00:00+00:00,0
2026-01-04T19:00:00+00:00,2026-01-04T21:00:00+00:00,turbine_2,3,0.23242616908366814,0.345,-0.11257383091633183,0.01,7.57,0.5,0.0,0.7584664289905776,True,open_meteo_previous_runs,72,2026-01-02T09:00:00+00:00,2025-12-31T18:00:00+00:00,96.0,2025-11-30T19:00:00+00:00,2025-12-31T19:00:00+00:00,0
2026-01-04T19:00:00+00:00,2026-01-04T22:00:00+00:00,turbine_2,4,0.20855887897632608,0.2766666666666666,-0.06810778769034054,0.01,6.8,0.7,0.0,0.7345991388832356,True,open_meteo_previous_runs,72,2026-01-02T10:00:00+00:00,2025-12-31T18:00:00+00:00,96.0,2025-11-30T19:00:00+00:00,2025-12-31T19:00:00+00:00,0
2026-01-04T19:00:00+00:00,2026-01-04T23:00:00+00:00,turbine_2,5,0.18126141931439793,0.16,0.021261419314397928,0.01,5.95,0.7,0.0,0.7073016792213074,True,open_meteo_previous_runs,72,2026-01-02T11:00:00+00:00,2025-12-31T18:00:00+00:00,96.0,2025-11-30T19:00:00+00:00,2025-12-31T19:00:00+00:00,0
2026-01-04T19:00:00+00:00,2026-01-05T00:00:00+00:00,turbine_2,6,0.16955003539749944,0.1266666666666666,0.042883368730832844,0.01,6.4,0.6,0.0,0.695590295304409,True,open_meteo_previous_runs,72,2026-01-02T12:00:00+00:00,2025-12-31T18:00:00+00:00,96.0,2025-11-30T19:00:00+00:00,2025-12-31T19:00:00+00:00,0
2026-01-04T19:00:00+00:00,2026-01-05T01:00:00+00:00,turbine_2,7,0.14858725226729982,0.0483333333333333,0.10025391893396653,0.01,5.69,0.3,0.0,0.6746275121742094,True,open_meteo_previous_runs,72,2026-01-02T13:00:00+00:00,2025-12-31T18:00:00+00:00,96.0,2025-11-30T19:00:00+00:00,2025-12-31T19:00:00+00:00,0
2026-01-04T19:00:00+00:00,2026-01-05T02:00:00+00:00,turbine_2,8,0.146898033075752,0.01,0.136898033075752,0.01,4.97,0.6,0.0,0.6729382929826615,True,open_meteo_previous_runs,72,2026-01-02T14:00:00+00:00,2025-12-31T18:00:00+00:00,96.0,2025-11-30T19:00:00+00:00,2025-12-31T19:00:00+00:00,0
2026-01-04T19:00:00+00:00,2026-01-05T03:00:00+00:00,turbine_2,9,0.1382674957116543,0.01,0.1282674957116543,0.01,4.39,0.8,0.0,0.6643077556185638,True,open_meteo_previous_runs,72,2026-01-02T15:00:00+00:00,2025-12-31T18:00:00+00:00,96.0,2025-11-30T19:00:00+00:00,2025-12-31T19:00:00+00:00,0
2026-01-04T19:00:00+00:00,2026-01-05T04:00:00+00:00,turbine_2,10,0.10396460003307904,0.01,0.09396460003307905,0.01,3.58,1.4,0.0,0.6300048599399886,True,open_meteo_previous_runs,72,2026-01-02T16:00:00+00:00,2025-12-31T18:00:00+00:00,96.0,2025-11-30T19:00:00+00:00,2025-12-31T19:00:00+00:00,0
2026-01-04T19:00:00+00:00,2026-01-05T05:00:00+00:00,turbine_2,11,0.11538980263163565,0.0066666666666666,0.10872313596496905,0.01,2.34,1.8,0.0,0.6414300625385452,True,open_meteo_previous_runs,72,2026-01-02T17:00:00+00:00,2025-12-31T18:00:00+00:00,96.0,2025-11-30T19:00:00+00:00,2025-12-31T19:00:00+00:00,0
2026-01-04T19:00:00+00:00,2026-01-05T06:00:00+00:00,turbine_2,12,0.11553770116120596,0.0083333333333333,0.10720436782787265,0.01,0.2,1.7,0.0,0.6415779610681155,True,open_meteo_previous_runs,72,2026-01-02T18:00:00+00:00,2025-12-31T18:00:00+00:00,96.0,2025-11-30T19:00:00+00:00,2025-12-31T19:00:00+00:00,0
2026-01-04T19:00:00+00:00,2026-01-05T07:00:00+00:00,turbine_2,13,0.13263583748069332,0.0133333333333333,0.11930250414736003,0.01,0.71,1.8,0.0,0.6586760973876028,True,open_meteo_previous_runs,72,2026-01-02T19:00:00+00:00,2025-12-31T18:00:00+00:00,96.0,2025-11-30T19:00:00+00:00,2025-12-31T19:00:00+00:00,0
2026-01-04T19:00:00+00:00,2026-01-05T08:00:00+00:00,turbine_2,14,0.13941988295798627,0.0333333333333333,0.10608654962465297,0.01,1.36,2.0,0.0,0.6654601428648957,True,open_meteo_previous_runs,72,2026-01-02T20:00:00+00:00,2025-12-31T18:00:00+00:00,96.0,2025-11-30T19:00:00+00:00,2025-12-31T19:00:00+00:00,0
2026-01-04T19:00:00+00:00,2026-01-05T09:00:00+00:00,turbine_2,15,0.14765108215724,0.0083333333333333,0.13931774882390668,0.01,2.83,1.9,0.0,0.6736913420641495,True,open_meteo_previous_runs,72,2026-01-02T21:00:00+00:00,2025-12-31T18:00:00+00:00,96.0,2025-11-30T19:00:00+00:00,2025-12-31T19:00:00+00:00,0
2026-01-04T19:00:00+00:00,2026-01-05T10:00:00+00:00,turbine_2,16,0.15228890495608025,0.0066666666666666,0.14562223828941365,0.01,3.81,1.7,0.0,0.6783291648629898,True,open_meteo_previous_runs,72,2026-01-02T22:00:00+00:00,2025-12-31T18:00:00+00:00,96.0,2025-11-30T19:00:00+00:00,2025-12-31T19:00:00+00:00,0
2026-01-04T19:00:00+00:00,2026-01-05T11:00:00+00:00,turbine_2,17,0.1958279807899338,0.0183333333333333,0.17749464745660049,0.01,4.55,1.7,0.0,0.7218682406968433,True,open_meteo_previous_runs,72,2026-01-02T23:00:00+00:00,2025-12-31T18:00:00+00:00,96.0,2025-11-30T19:00:00+00:00,2025-12-31T19:00:00+00:00,0
2026-01-04T19:00:00+00:00,2026-01-05T12:00:00+00:00,turbine_2,18,0.14991590631577906,0.0333333333333333,0.11658257298244576,0.01,2.61,2.2,0.0,0.6759561662226885,True,open_meteo_previous_runs,72,2026-01-03T00:00:00+00:00,2025-12-31T18:00:00+00:00,96.0,2025-11-30T19:00:00+00:00,2025-12-31T19:00:00+00:00,0
2026-01-04T19:00:00+00:00,2026-01-05T13:00:00+00:00,turbine_2,19,0.1596760883336697,0.0733333333333333,0.08634275500033639,0.01,3.02,1.8,0.0,0.6857163482405793,True,open_meteo_previous_runs,72,2026-01-03T01:00:00+00:00,2025-12-31T18:00:00+00:00,96.0,2025-11-30T19:00:00+00:00,2025-12-31T19:00:00+00:00,0
2026-01-04T19:00:00+00:00,2026-01-05T14:00:00+00:00,turbine_2,20,0.18297146686543006,0.0716666666666666,0.11130480019876346,0.01,3.81,1.4,0.0,0.7090117267723396,True,open_meteo_previous_runs,72,2026-01-03T02:00:00+00:00,2025-12-31T18:00:00+00:00,96.0,2025-11-30T19:00:00+00:00,2025-12-31T19:00:00+00:00,0
2026-01-04T19:00:00+00:00,2026-01-05T15:00:00+00:00,turbine_2,21,0.2402652077027224,0.1216666666666666,0.11859854103605579,0.01,5.66,1.1,0.0,0.7663054676096319,True,open_meteo_previous_runs,72,2026-01-03T03:00:00+00:00,2025-12-31T18:00:00+00:00,96.0,2025-11-30T19:00:00+00:00,2025-12-31T19:00:00+00:00,0
2026-01-04T19:00:00+00:00,2026-01-05T16:00:00+00:00,turbine_2,22,0.2827628307489378,0.1516666666666666,0.13109616408227123,0.01,7.34,0.9,0.0,0.8088030906558473,True,open_meteo_previous_runs,72,2026-01-03T04:00:00+00:00,2025-12-31T18:00:00+00:00,96.0,2025-11-30T19:00:00+00:00,2025-12-31T19:00:00+00:00,0
2026-01-04T19:00:00+00:00,2026-01-05T17:00:00+00:00,turbine_2,23,0.39201192180754735,0.3483333333333333,0.043678588474214075,0.01,8.83,0.5,0.0,0.9180521817144569,True,open_meteo_previous_runs,72,2026-01-03T05:00:00+00:00,2025-12-31T18:00:00+00:00,96.0,2025-11-30T19:00:00+00:00,2025-12-31T19:00:00+00:00,0
2026-01-04T19:00:00+00:00,2026-01-05T18:00:00+00:00,turbine_2,24,0.4366898439314287,0.3716666666666666,0.06502317726476209,0.01,9.18,0.4,0.0,0.9627301038383382,True,open_meteo_previous_runs,72,2026-01-03T06:00:00+00:00,2025-12-31T18:00:00+00:00,96.0,2025-11-30T19:00:00+00:00,2025-12-31T19:00:00+00:00,0
2026-01-04T19:00:00+00:00,2026-01-05T19:00:00+00:00,turbine_2,25,0.46857912397052914,0.3466666666666667,0.12191245730386246,0.01,10.3,0.1,0.0,0.9727529875482682,True,open_meteo_previous_runs,72,2026-01-03T07:00:00+00:00,2025-12-31T18:00:00+00:00,96.0,2025-11-30T19:00:00+00:00,2025-12-31T19:00:00+00:00,0
2026-01-04T19:00:00+00:00,2026-01-05T20:00:00+00:00,turbine_2,26,0.46667138846449047,0.2966666666666667,0.17000472179782378,0.01,10.25,-0.6,0.0,0.9708452520422295,True,open_meteo_previous_runs,72,2026-01-03T08:00:00+00:00,2025-12-31T18:00:00+00:00,96.0,2025-11-30T19:00:00+00:00,2025-12-31T19:00:00+00:00,0
2026-01-04T19:00:00+00:00,2026-01-05T21:00:00+00:00,turbine_2,27,0.7172692961038155,0.7400000000000001,-0.02273070389618459,0.01,10.96,-0.9,0.21309543252607643,1.0,True,open_meteo_previous_runs,72,2026-01-03T09:00:00+00:00,2025-12-31T18:00:00+00:00,96.0,2025-11-30T19:00:00+00:00,2025-12-31T19:00:00+00:00,0
2026-01-04T19:00:00+00:00,2026-01-05T22:00:00+00:00,turbine_2,28,0.7713915710797329,0.9566666666666668,-0.1852750955869339,0.01,11.31,-1.1,0.2672177075019938,1.0,True,open_meteo_previous_runs,72,2026-01-03T10:00:00+00:00,2025-12-31T18:00:00+00:00,96.0,2025-11-30T19:00:00+00:00,2025-12-31T19:00:00+00:00,0
2026-01-04T19:00:00+00:00,2026-01-05T23:00:00+00:00,turbine_2,29,0.7542230201376526,0.7999999999999999,-0.0457769798623473,0.01,11.45,-1.4,0.25004915655991355,1.0,True,open_meteo_previous_runs,72,2026-01-03T11:00:00+00:00,2025-12-31T18:00:00+00:00,96.0,2025-11-30T19:00:00+00:00,2025-12-31T19:00:00+00:00,0
2026-01-04T19:00:00+00:00,2026-01-06T00:00:00+00:00,turbine_2,30,0.7524404962858815,0.9683333333333332,-0.21589283704745166,0.01,11.56,-2.0,0.24826663270814242,1.0,True,open_meteo_previous_runs,72,2026-01-03T12:00:00+00:00,2025-12-31T18:00:00+00:00,96.0,2025-11-30T19:00:00+00:00,2025-12-31T19:00:00+00:00,0
2026-01-04T19:00:00+00:00,2026-01-06T01:00:00+00:00,turbine_2,31,0.7458230686734816,0.8783333333333333,-0.13251026465985172,0.01,11.55,-2.3,0.2416492050957425,1.0,True,open_meteo_previous_runs,72,2026-01-03T13:00:00+00:00,2025-12-31T18:00:00+00:00,96.0,2025-11-30T19:00:00+00:00,2025-12-31T19:00:00+00:00,0
2026-01-04T19:00:00+00:00,2026-01-06T02:00:00+00:00,turbine_2,32,0.7491298515742533,0.9733333333333332,-0.2242034817590799,0.01,11.75,-2.3,0.2449559879965142,1.0,True,open_meteo_previous_runs,72,2026-01-03T14:00:00+00:00,2025-12-31T18:00:00+00:00,96.0,2025-11-30T19:00:00+00:00,2025-12-31T19:00:00+00:00,0
2026-01-04T19:00:00+00:00,2026-01-06T03:00:00+00:00,turbine_2,33,0.7428841365132852,0.9683333333333332,-0.22544919682004794,0.01,11.68,-1.9,0.23871027293554614,1.0,True,open_meteo_previous_runs,72,2026-01-03T15:00:00+00:00,2025-12-31T18:00:00+00:00,96.0,2025-11-30T19:00:00+00:00,2025-12-31T19:00:00+00:00,0
2026-01-04T19:00:00+00:00,2026-01-06T04:00:00+00:00,turbine_2,34,0.8011137059138279,0.965,-0.16388629408617206,0.01,12.44,0.1,0.29693984233608883,1.0,True,open_meteo_previous_runs,72,2026-01-03T16:00:00+00:00,2025-12-31T18:00:00+00:00,96.0,2025-11-30T19:00:00+00:00,2025-12-31T19:00:00+00:00,0
2026-01-04T19:00:00+00:00,2026-01-06T05:00:00+00:00,turbine_2,35,0.8672460048374929,0.9133333333333334,-0.04608732849584052,0.01,13.24,2.3,0.36307214125975384,1.0,True,open_meteo_previous_runs,72,2026-01-03T17:00:00+00:00,2025-12-31T18:00:00+00:00,96.0,2025-11-30T19:00:00+00:00,2025-12-31T19:00:00+00:00,0
2026-01-04T19:00:00+00:00,2026-01-06T06:00:00+00:00,turbine_2,36,0.9185271646703056,0.975,-0.05647283532969438,0.01,14.21,3.6,0.4143533010925665,1.0,True,open_meteo_previous_runs,72,2026-01-03T18:00:00+00:00,2025-12-31T18:00:00+00:00,96.0,2025-11-30T19:00:00+00:00,2025-12-31T19:00:00+00:00,0
2026-01-04T19:00:00+00:00,2026-01-06T07:00:00+00:00,turbine_2,37,0.9185271646703056,0.9733333333333332,-0.054806168663027566,0.01,14.06,4.2,0.4143533010925665,1.0,True,open_meteo_previous_runs,72,2026-01-03T19:00:00+00:00,2025-12-31T18:00:00+00:00,96.0,2025-11-30T19:00:00+00:00,2025-12-31T19:00:00+00:00,0
2026-01-04T19:00:00+00:00,2026-01-06T08:00:00+00:00,turbine_2,38,0.8961250662370269,0.9666666666666668,-0.07054160042963986,0.01,13.57,4.5,0.39195120265928785,1.0,True,open_meteo_previous_runs,72,2026-01-03T20:00:00+00:00,2025-12-31T18:00:00+00:00,96.0,2025-11-30T19:00:00+00:00,2025-12-31T19:00:00+00:00,0
2026-01-04T19:00:00+00:00,2026-01-06T09:00:00+00:00,turbine_2,39,0.9021799967534971,0.97,-0.06782000324650284,0.01,13.0,4.6,0.39800613317575806,1.0,True,open_meteo_previous_runs,72,2026-01-03T21:00:00+00:00,2025-12-31T18:00:00+00:00,96.0,2025-11-30T19:00:00+00:00,2025-12-31T19:00:00+00:00,0
2026-01-04T19:00:00+00:00,2026-01-06T10:00:00+00:00,turbine_2,40,0.8583929121954773,0.965,-0.10660708780452266,0.01,11.95,3.9,0.35421904861773823,1.0,True,open_meteo_previous_runs,72,2026-01-03T22:00:00+00:00,2025-12-31T18:00:00+00:00,96.0,2025-11-30T19:00:00+00:00,2025-12-31T19:00:00+00:00,0
2026-01-04T19:00:00+00:00,2026-01-06T11:00:00+00:00,turbine_2,41,0.815317847400209,0.97,-0.154682152599791,0.01,11.33,2.1,0.3111439838224699,1.0,True,open_meteo_previous_runs,72,2026-01-03T23:00:00+00:00,2025-12-31T18:00:00+00:00,96.0,2025-11-30T19:00:00+00:00,2025-12-31T19:00:00+00:00,0
2026-01-04T19:00:00+00:00,2026-01-06T12:00:00+00:00,turbine_2,42,0.8201241767327825,0.97,-0.1498758232672175,0.01,11.58,0.4,0.3159503131550434,1.0,True,open_meteo_previous_runs,72,2026-01-04T00:00:00+00:00,2025-12-31T18:00:00+00:00,96.0,2025-11-30T19:00:00+00:00,2025-12-31T19:00:00+00:00,0
2026-01-04T19:00:00+00:00,2026-01-06T13:00:00+00:00,turbine_2,43,0.8230631088929788,0.97,-0.14693689110702113,0.01,11.18,-0.1,0.31888924531523977,1.0,True,open_meteo_previous_runs,72,2026-01-04T01:00:00+00:00,2025-12-31T18:00:00+00:00,96.0,2025-11-30T19:00:00+00:00,2025-12-31T19:00:00+00:00,0
2026-01-04T19:00:00+00:00,2026-01-06T14:00:00+00:00,turbine_2,44,0.760088767015655,0.8916666666666666,-0.13157789965101163,0.01,10.66,-0.2,0.2559149034379159,1.0,True,open_meteo_previous_runs,72,2026-01-04T02:00:00+00:00,2025-12-31T18:00:00+00:00,96.0,2025-11-30T19:00:00+00:00,2025-12-31T19:00:00+00:00,0
2026-01-04T19:00:00+00:00,2026-01-06T15:00:00+00:00,turbine_2,45,0.7719071166101631,0.635,0.13690711661016308,0.01,10.75,-0.3,0.267733253032424,1.0,True,open_meteo_previous_runs,72,2026-01-04T03:00:00+00:00,2025-12-31T18:00:00+00:00,96.0,2025-11-30T19:00:00+00:00,2025-12-31T19:00:00+00:00,0
2026-01-04T19:00:00+00:00,2026-01-06T16:00:00+00:00,turbine_2,46,0.7033578588046469,0.485,0.21835785880464686,0.01,10.57,-0.4,0.19918399522690777,1.0,True,open_meteo_previous_runs,72,2026-01-04T04:00:00+00:00,2025-12-31T18:00:00+00:00,96.0,2025-11-30T19:00:00+00:00,2025-12-31T19:00:00+00:00,0
2026-01-04T19:00:00+00:00,2026-01-06T17:00:00+00:00,turbine_2,47,0.5250753541414651,0.165,0.3600753541414651,0.01,10.21,-0.4,0.020901490563726033,1.0,True,open_meteo_previous_runs,72,2026-01-04T05:00:00+00:00,2025-12-31T18:00:00+00:00,96.0,2025-11-30T19:00:00+00:00,2025-12-31T19:00:00+00:00,0
2026-01-04T19:00:00+00:00,2026-01-06T18:00:00+00:00,turbine_2,48,0.4937041783571628,0.0216666666666666,0.4720375116904962,0.01,9.69,-0.8,0.0,0.9978780419349018,True,open_meteo_previous_runs,72,2026-01-04T06:00:00+00:00,2025-12-31T18:00:00+00:00,96.0,2025-11-30T19:00:00+00:00,2025-12-31T19:00:00+00:00,0
2026-01-05T19:00:00+00:00,2026-01-05T19:00:00+00:00,turbine_2,1,0.4618037340291604,0.3466666666666667,0.11513706736249374,0.01,10.3,0.1,0.0,0.9878439939360699,True,open_meteo_previous_runs,72,2026-01-03T07:00:00+00:00,2025-12-31T18:00:00+00:00,120.0,2025-11-30T19:00:00+00:00,2025-12-31T19:00:00+00:00,0
2026-01-05T19:00:00+00:00,2026-01-05T20:00:00+00:00,turbine_2,2,0.45989599852312174,0.2966666666666667,0.16322933185645505,0.01,10.25,-0.6,0.0,0.9859362584300313,True,open_meteo_previous_runs,72,2026-01-03T08:00:00+00:00,2025-12-31T18:00:00+00:00,120.0,2025-11-30T19:00:00+00:00,2025-12-31T19:00:00+00:00,0
2026-01-05T19:00:00+00:00,2026-01-05T21:00:00+00:00,turbine_2,3,0.7130268084850425,0.7400000000000001,-0.026973191514957584,0.01,10.96,-0.9,0.18698654857813302,1.0,True,open_meteo_previous_runs,72,2026-01-03T09:00:00+00:00,2025-12-31T18:00:00+00:00,120.0,2025-11-30T19:00:00+00:00,2025-12-31T19:00:00+00:00,0
2026-01-05T19:00:00+00:00,2026-01-05T22:00:00+00:00,turbine_2,4,0.7589568106463334,0.9566666666666668,-0.19770985602033342,0.01,11.31,-1.1,0.23291655073942386,1.0,True,open_meteo_previous_runs,72,2026-01-03T10:00:00+00:00,2025-12-31T18:00:00+00:00,120.0,2025-11-30T19:00:00+00:00,2025-12-31T19:00:00+00:00,0
2026-01-05T19:00:00+00:00,2026-01-05T23:00:00+00:00,turbine_2,5,0.7419459457229934,0.7999999999999999,-0.058054054277006495,0.01,11.45,-1.4,0.21590568581608394,1.0,True,open_meteo_previous_runs,72,2026-01-03T11:00:00+00:00,2025-12-31T18:00:00+00:00,120.0,2025-11-30T19:00:00+00:00,2025-12-31T19:00:00+00:00,0
2026-01-05T19:00:00+00:00,2026-01-06T00:00:00+00:00,turbine_2,6,0.7401634218712223,0.9683333333333332,-0.22816991146211085,0.01,11.56,-2.0,0.2141231619643128,1.0,True,open_meteo_previous_runs,72,2026-01-03T12:00:00+00:00,2025-12-31T18:00:00+00:00,120.0,2025-11-30T19:00:00+00:00,2025-12-31T19:00:00+00:00,0
2026-01-05T19:00:00+00:00,2026-01-06T01:00:00+00:00,turbine_2,7,0.7371181010720405,0.8783333333333333,-0.14121523226129284,0.01,11.55,-2.3,0.21107784116513095,1.0,True,open_meteo_previous_runs,72,2026-01-03T13:00:00+00:00,2025-12-31T18:00:00+00:00,120.0,2025-11-30T19:00:00+00:00,2025-12-31T19:00:00+00:00,0
2026-01-05T19:00:00+00:00,2026-01-06T02:00:00+00:00,turbine_2,8,0.7406993239581791,0.9733333333333332,-0.2326340093751541,0.01,11.75,-2.3,0.21465906405126955,1.0,True,open_meteo_previous_runs,72,2026-01-03T14:00:00+00:00,2025-12-31T18:00:00+00:00,120.0,2025-11-30T19:00:00+00:00,2025-12-31T19:00:00+00:00,0
2026-01-05T19:00:00+00:00,2026-01-06T03:00:00+00:00,turbine_2,9,0.7351270298021385,0.9683333333333332,-0.23320630353119465,0.01,11.68,-1.9,0.209086769895229,1.0,True,open_meteo_previous_runs,72,2026-01-03T15:00:00+00:00,2025-12-31T18:00:00+00:00,120.0,2025-11-30T19:00:00+00:00,2025-12-31T19:00:00+00:00,0
2026-01-05T19:00:00+00:00,2026-01-06T04:00:00+00:00,turbine_2,10,0.8011137059138279,0.965,-0.16388629408617206,0.01,12.44,0.1,0.2750734460069184,1.0,True,open_meteo_previous_runs,72,2026-01-03T16:00:00+00:00,2025-12-31T18:00:00+00:00,120.0,2025-11-30T19:00:00+00:00,2025-12-31T19:00:00+00:00,0
2026-01-05T19:00:00+00:00,2026-01-06T05:00:00+00:00,turbine_2,11,0.8672460048374929,0.9133333333333334,-0.04608732849584052,0.01,13.24,2.3,0.3412057449305834,1.0,True,open_meteo_previous_runs,72,2026-01-03T17:00:00+00:00,2025-12-31T18:00:00+00:00,120.0,2025-11-30T19:00:00+00:00,2025-12-31T19:00:00+00:00,0
2026-01-05T19:00:00+00:00,2026-01-06T06:00:00+00:00,turbine_2,12,0.9185271646703056,0.975,-0.05647283532969438,0.01,14.21,3.6,0.3924869047633961,1.0,True,open_meteo_previous_runs,72,2026-01-03T18:00:00+00:00,2025-12-31T18:00:00+00:00,120.0,2025-11-30T19:00:00+00:00,2025-12-31T19:00:00+00:00,0
2026-01-05T19:00:00+00:00,2026-01-06T07:00:00+00:00,turbine_2,13,0.9185271646703056,0.9733333333333332,-0.054806168663027566,0.01,14.06,4.2,0.3924869047633961,1.0,True,open_meteo_previous_runs,72,2026-01-03T19:00:00+00:00,2025-12-31T18:00:00+00:00,120.0,2025-11-30T19:00:00+00:00,2025-12-31T19:00:00+00:00,0
2026-01-05T19:00:00+00:00,2026-01-06T08:00:00+00:00,turbine_2,14,0.8961250662370269,0.9666666666666668,-0.07054160042963986,0.01,13.57,4.5,0.3700848063301174,1.0,True,open_meteo_previous_runs,72,2026-01-03T20:00:00+00:00,2025-12-31T18:00:00+00:00,120.0,2025-11-30T19:00:00+00:00,2025-12-31T19:00:00+00:00,0
2026-01-05T19:00:00+00:00,2026-01-06T09:00:00+00:00,turbine_2,15,0.9021799967534971,0.97,-0.06782000324650284,0.01,13.0,4.6,0.37613973684658764,1.0,True,open_meteo_previous_runs,72,2026-01-03T21:00:00+00:00,2025-12-31T18:00:00+00:00,120.0,2025-11-30T19:00:00+00:00,2025-12-31T19:00:00+00:00,0
2026-01-05T19:00:00+00:00,2026-01-06T10:00:00+00:00,turbine_2,16,0.8583929121954773,0.965,-0.10660708780452266,0.01,11.95,3.9,0.3323526522885678,1.0,True,open_meteo_previous_runs,72,2026-01-03T22:00:00+00:00,2025-12-31T18:00:00+00:00,120.0,2025-11-30T19:00:00+00:00,2025-12-31T19:00:00+00:00,0
2026-01-05T19:00:00+00:00,2026-01-06T11:00:00+00:00,turbine_2,17,0.815317847400209,0.97,-0.154682152599791,0.01,11.33,2.1,0.28927758749329946,1.0,True,open_meteo_previous_runs,72,2026-01-03T23:00:00+00:00,2025-12-31T18:00:00+00:00,120.0,2025-11-30T19:00:00+00:00,2025-12-31T19:00:00+00:00,0
2026-01-05T19:00:00+00:00,2026-01-06T12:00:00+00:00,turbine_2,18,0.8201241767327825,0.97,-0.1498758232672175,0.01,11.58,0.4,0.294083916825873,1.0,True,open_meteo_previous_runs,72,2026-01-04T00:00:00+00:00,2025-12-31T18:00:00+00:00,120.0,2025-11-30T19:00:00+00:00,2025-12-31T19:00:00+00:00,0
2026-01-05T19:00:00+00:00,2026-01-06T13:00:00+00:00,turbine_2,19,0.8230631088929788,0.97,-0.14693689110702113,0.01,11.18,-0.1,0.29702284898606934,1.0,True,open_meteo_previous_runs,72,2026-01-04T01:00:00+00:00,2025-12-31T18:00:00+00:00,120.0,2025-11-30T19:00:00+00:00,2025-12-31T19:00:00+00:00,0
2026-01-05T19:00:00+00:00,2026-01-06T14:00:00+00:00,turbine_2,20,0.760088767015655,0.8916666666666666,-0.13157789965101163,0.01,10.66,-0.2,0.23404850710874547,1.0,True,open_meteo_previous_runs,72,2026-01-04T02:00:00+00:00,2025-12-31T18:00:00+00:00,120.0,2025-11-30T19:00:00+00:00,2025-12-31T19:00:00+00:00,0
2026-01-05T19:00:00+00:00,2026-01-06T15:00:00+00:00,turbine_2,21,0.7719071166101631,0.635,0.13690711661016308,0.01,10.75,-0.3,0.2458668567032536,1.0,True,open_meteo_previous_runs,72,2026-01-04T03:00:00+00:00,2025-12-31T18:00:00+00:00,120.0,2025-11-30T19:00:00+00:00,2025-12-31T19:00:00+00:00,0
2026-01-05T19:00:00+00:00,2026-01-06T16:00:00+00:00,turbine_2,22,0.7033578588046469,0.485,0.21835785880464686,0.01,10.57,-0.4,0.17731759889773735,1.0,True,open_meteo_previous_runs,72,2026-01-04T04:00:00+00:00,2025-12-31T18:00:00+00:00,120.0,2025-11-30T19:00:00+00:00,2025-12-31T19:00:00+00:00,0
2026-01-05T19:00:00+00:00,2026-01-06T17:00:00+00:00,turbine_2,23,0.5250753541414651,0.165,0.3600753541414651,0.01,10.21,-0.4,0.0,1.0,True,open_meteo_previous_runs,72,2026-01-04T05:00:00+00:00,2025-12-31T18:00:00+00:00,120.0,2025-11-30T19:00:00+00:00,2025-12-31T19:00:00+00:00,0
2026-01-05T19:00:00+00:00,2026-01-06T18:00:00+00:00,turbine_2,24,0.4937041783571628,0.0216666666666666,0.4720375116904962,0.01,9.69,-0.8,0.0,1.0,True,open_meteo_previous_runs,72,2026-01-04T06:00:00+00:00,2025-12-31T18:00:00+00:00,120.0,2025-11-30T19:00:00+00:00,2025-12-31T19:00:00+00:00,0
2026-01-05T19:00:00+00:00,2026-01-06T19:00:00+00:00,turbine_2,25,0.4175534690822088,0.0083333333333333,0.4092201357488755,0.01,9.44,-0.9,0.0,0.9217273326599479,True,open_meteo_previous_runs,72,2026-01-04T07:00:00+00:00,2025-12-31T18:00:00+00:00,120.0,2025-11-30T19:00:00+00:00,2025-12-31T19:00:00+00:00,0
2026-01-05T19:00:00+00:00,2026-01-06T20:00:00+00:00,turbine_2,26,0.3841684886656626,0.02,0.3641684886656626,0.01,8.99,-1.1,0.0,0.8883423522434017,True,open_meteo_previous_runs,72,2026-01-04T08:00:00+00:00,2025-12-31T18:00:00+00:00,120.0,2025-11-30T19:00:00+00:00,2025-12-31T19:00:00+00:00,0
2026-01-05T19:00:00+00:00,2026-01-06T21:00:00+00:00,turbine_2,27,0.3511536435947163,0.0283333333333333,0.32282031026138297,0.01,8.32,-1.3,0.0,0.8553275071724553,True,open_meteo_previous_runs,72,2026-01-04T09:00:00+00:00,2025-12-31T18:00:00+00:00,120.0,2025-11-30T19:00:00+00:00,2025-12-31T19:00:00+00:00,0
2026-01-05T19:00:00+00:00,2026-01-06T22:00:00+00:00,turbine_2,28,0.33949080894300865,0.0083333333333333,0.33115747560967534,0.01,7.96,-1.5,0.0,0.8436646725207477,True,open_meteo_previous_runs,72,2026-01-04T10:00:00+00:00,2025-12-31T18:00:00+00:00,120.0,2025-11-30T19:00:00+00:00,2025-12-31T19:00:00+00:00,0
2026-01-05T19:00:00+00:00,2026-01-06T23:00:00+00:00,turbine_2,29,0.3331912108163686,0.01,0.3231912108163686,0.01,7.45,-1.6,0.0,0.8373650743941077,True,open_meteo_previous_runs,72,2026-01-04T11:00:00+00:00,2025-12-31T18:00:00+00:00,120.0,2025-11-30T19:00:00+00:00,2025-12-31T19:00:00+00:00,0
2026-01-05T19:00:00+00:00,2026-01-07T00:00:00+00:00,turbine_2,30,0.3848807729575971,0.01,0.3748807729575971,0.01,7.02,-1.9,0.0,0.8890546365353362,True,open_meteo_previous_runs,72,2026-01-04T12:00:00+00:00,2025-12-31T18:00:00+00:00,120.0,2025-11-30T19:00:00+00:00,2025-12-31T19:00:00+00:00,0
2026-01-05T19:00:00+00:00,2026-01-07T01:00:00+00:00,turbine_2,31,0.3744018793848232,0.01,0.3644018793848232,0.01,6.94,-2.3,0.0,0.8785757429625622,True,open_meteo_previous_runs,72,2026-01-04T13:00:00+00:00,2025-12-31T18:00:00+00:00,120.0,2025-11-30T19:00:00+00:00,2025-12-31T19:00:00+00:00,0
2026-01-05T19:00:00+00:00,2026-01-07T02:00:00+00:00,turbine_2,32,0.3834545522774653,0.01,0.37345455227746527,0.01,7.15,-2.4,0.0,0.8876284158552044,True,open_meteo_previous_runs,72,2026-01-04T14:00:00+00:00,2025-12-31T18:00:00+00:00,120.0,2025-11-30T19:00:00+00:00,2025-12-31T19:00:00+00:00,0
2026-01-05T19:00:00+00:00,2026-01-07T03:00:00+00:00,turbine_2,33,0.37146294722462697,0.01,0.36146294722462696,0.01,6.95,-1.5,0.0,0.875636810802366,True,open_meteo_previous_runs,72,2026-01-04T15:00:00+00:00,2025-12-31T18:00:00+00:00,120.0,2025-11-30T19:00:00+00:00,2025-12-31T19:00:00+00:00,0
2026-01-05T19:00:00+00:00,2026-01-07T04:00:00+00:00,turbine_2,34,0.31459959553922195,0.01,0.30459959553922195,0.01,6.85,-0.2,0.0,0.8187734591169611,True,open_meteo_previous_runs,72,2026-01-04T16:00:00+00:00,2025-12-31T18:00:00+00:00,120.0,2025-11-30T19:00:00+00:00,2025-12-31T19:00:00+00:00,0
2026-01-05T19:00:00+00:00,2026-01-07T05:00:00+00:00,turbine_2,35,0.3384668856465641,0.01,0.32846688564656407,0.01,7.12,1.0,0.0,0.8426407492243031,True,open_meteo_previous_runs,72,2026-01-04T17:00:00+00:00,2025-12-31T18:00:00+00:00,120.0,2025-11-30T19:00:00+00:00,2025-12-31T19:00:00+00:00,0
2026-01-05T19:00:00+00:00,2026-01-07T06:00:00+00:00,turbine_2,36,0.3528675194081177,0.01,0.3428675194081177,0.01,6.72,1.3,0.0,0.8570413829858567,True,open_meteo_previous_runs,72,2026-01-04T18:00:00+00:00,2025-12-31T18:00:00+00:00,120.0,2025-11-30T19:00:00+00:00,2025-12-31T19:00:00+00:00,0
2026-01-05T19:00:00+00:00,2026-01-07T07:00:00+00:00,turbine_2,37,0.33387355901176474,0.01,0.32387355901176473,0.01,6.59,2.3,0.0,0.8380474225895038,True,open_meteo_previous_runs,72,2026-01-04T19:00:00+00:00,2025-12-31T18:00:00+00:00,120.0,2025-11-30T19:00:00+00:00,2025-12-31T19:00:00+00:00,0
2026-01-05T19:00:00+00:00,2026-01-07T08:00:00+00:00,turbine_2,38,0.3389018926225505,0.01,0.3289018926225505,0.01,6.23,3.0,0.0,0.8430757562002895,True,open_meteo_previous_runs,72,2026-01-04T20:00:00+00:00,2025-12-31T18:00:00+00:00,120.0,2025-11-30T19:00:00+00:00,2025-12-31T19:00:00+00:00,0
2026-01-05T19:00:00+00:00,2026-01-07T09:00:00+00:00,turbine_2,39,0.3423930214066614,0.01,0.3323930214066614,0.01,6.12,3.4,0.0,0.8465668849844005,True,open_meteo_previous_runs,72,2026-01-04T21:00:00+00:00,2025-12-31T18:00:00+00:00,120.0,2025-11-30T19:00:00+00:00,2025-12-31T19:00:00+00:00,0
2026-01-05T19:00:00+00:00,2026-01-07T10:00:00+00:00,turbine_2,40,0.3611538992107851,0.01,0.3511538992107851,0.01,6.66,3.1,0.0,0.8653277627885242,True,open_meteo_previous_runs,72,2026-01-04T22:00:00+00:00,2025-12-31T18:00:00+00:00,120.0,2025-11-30T19:00:00+00:00,2025-12-31T19:00:00+00:00,0
2026-01-05T19:00:00+00:00,2026-01-07T11:00:00+00:00,turbine_2,41,0.398344139377506,0.0083333333333333,0.3900108060441727,0.01,8.03,0.6,0.0,0.9025180029552451,True,open_meteo_previous_runs,72,2026-01-04T23:00:00+00:00,2025-12-31T18:00:00+00:00,120.0,2025-11-30T19:00:00+00:00,2025-12-31T19:00:00+00:00,0
2026-01-05T19:00:00+00:00,2026-01-07T12:00:00+00:00,turbine_2,42,0.4252847070623549,0.0216666666666666,0.40361804039568827,0.01,8.68,-0.8,0.0,0.929458570640094,True,open_meteo_previous_runs,72,2026-01-05T00:00:00+00:00,2025-12-31T18:00:00+00:00,120.0,2025-11-30T19:00:00+00:00,2025-12-31T19:00:00+00:00,0
2026-01-05T19:00:00+00:00,2026-01-07T13:00:00+00:00,turbine_2,43,0.48738680603905954,0.02,0.4673868060390595,0.01,9.13,-1.1,0.0,0.9915606696167987,True,open_meteo_previous_runs,72,2026-01-05T01:00:00+00:00,2025-12-31T18:00:00+00:00,120.0,2025-11-30T19:00:00+00:00,2025-12-31T19:00:00+00:00,0
2026-01-05T19:00:00+00:00,2026-01-07T14:00:00+00:00,turbine_2,44,0.4975190522499131,0.0083333333333333,0.4891857189165798,0.01,9.32,-1.4,0.0,1.0,True,open_meteo_previous_runs,72,2026-01-05T02:00:00+00:00,2025-12-31T18:00:00+00:00,120.0,2025-11-30T19:00:00+00:00,2025-12-31T19:00:00+00:00,0
2026-01-05T19:00:00+00:00,2026-01-07T15:00:00+00:00,turbine_2,45,0.4611664417009167,0.01,0.4511664417009167,0.01,9.0,-1.5,0.0,0.9653403052786558,True,open_meteo_previous_runs,72,2026-01-05T03:00:00+00:00,2025-12-31T18:00:00+00:00,120.0,2025-11-30T19:00:00+00:00,2025-12-31T19:00:00+00:00,0
2026-01-05T19:00:00+00:00,2026-01-07T16:00:00+00:00,turbine_2,46,0.558015042640621,0.01,0.548015042640621,0.01,9.59,-1.7,0.05384117906288188,1.0,True,open_meteo_previous_runs,72,2026-01-05T04:00:00+00:00,2025-12-31T18:00:00+00:00,120.0,2025-11-30T19:00:00+00:00,2025-12-31T19:00:00+00:00,0
2026-01-05T19:00:00+00:00,2026-01-07T17:00:00+00:00,turbine_2,47,0.4874210810931783,0.01,0.47742108109317827,0.01,9.54,-1.8,0.0,0.9915949446709174,True,open_meteo_previous_runs,72,2026-01-05T05:00:00+00:00,2025-12-31T18:00:00+00:00,120.0,2025-11-30T19:00:00+00:00,2025-12-31T19:00:00+00:00,0
2026-01-05T19:00:00+00:00,2026-01-07T18:00:00+00:00,turbine_2,48,0.48581753260293586,0.01,0.47581753260293586,0.01,9.5,-2.1,0.0,0.989991396180675,True,open_meteo_previous_runs,72,2026-01-05T06:00:00+00:00,2025-12-31T18:00:00+00:00,120.0,2025-11-30T19:00:00+00:00,2025-12-31T19:00:00+00:00,0
2026-01-06T19:00:00+00:00,2026-01-06T19:00:00+00:00,turbine_2,1,0.41568815914346285,0.0083333333333333,0.40735482581012955,0.01,9.44,-0.9,0.0,0.9417284190503723,True,open_meteo_previous_runs,72,2026-01-04T07:00:00+00:00,2025-12-31T18:00:00+00:00,144.0,2025-11-30T19:00:00+00:00,2025-12-31T19:00:00+00:00,0
2026-01-06T19:00:00+00:00,2026-01-06T20:00:00+00:00,turbine_2,2,0.38230317872691666,0.02,0.36230317872691664,0.01,8.99,-1.1,0.0,0.9083434386338262,True,open_meteo_previous_runs,72,2026-01-04T08:00:00+00:00,2025-12-31T18:00:00+00:00,144.0,2025-11-30T19:00:00+00:00,2025-12-31T19:00:00+00:00,0
2026-01-06T19:00:00+00:00,2026-01-06T21:00:00+00:00,turbine_2,3,0.34917830405704875,0.0283333333333333,0.32084497072371543,0.01,8.32,-1.3,0.0,0.8752185639639583,True,open_meteo_previous_runs,72,2026-01-04T09:00:00+00:00,2025-12-31T18:00:00+00:00,144.0,2025-11-30T19:00:00+00:00,2025-12-31T19:00:00+00:00,0
2026-01-06T19:00:00+00:00,2026-01-06T22:00:00+00:00,turbine_2,4,0.3375154694053411,0.0083333333333333,0.3291821360720078,0.01,7.96,-1.5,0.0,0.8635557293122507,True,open_meteo_previous_runs,72,2026-01-04T10:00:00+00:00,2025-12-31T18:00:00+00:00,144.0,2025-11-30T19:00:00+00:00,2025-12-31T19:00:00+00:00,0
2026-01-06T19:00:00+00:00,2026-01-06T23:00:00+00:00,turbine_2,5,0.33093839119396157,0.01,0.32093839119396156,0.01,7.45,-1.6,0.0,0.856978651100871,True,open_meteo_previous_runs,72,2026-01-04T11:00:00+00:00,2025-12-31T18:00:00+00:00,144.0,2025-11-30T19:00:00+00:00,2025-12-31T19:00:00+00:00,0
2026-01-06T19:00:00+00:00,2026-01-07T00:00:00+00:00,turbine_2,6,0.3826279533351901,0.01,0.3726279533351901,0.01,7.02,-1.9,0.0,0.9086682132420996,True,open_meteo_previous_runs,72,2026-01-04T12:00:00+00:00,2025-12-31T18:00:00+00:00,144.0,2025-11-30T19:00:00+00:00,2025-12-31T19:00:00+00:00,0
2026-01-06T19:00:00+00:00,2026-01-07T01:00:00+00:00,turbine_2,7,0.37572116657563437,0.01,0.36572116657563436,0.01,6.94,-2.3,0.0,0.9017614264825439,True,open_meteo_previous_runs,72,2026-01-04T13:00:00+00:00,2025-12-31T18:00:00+00:00,144.0,2025-11-30T19:00:00+00:00,2025-12-31T19:00:00+00:00,0
2026-01-06T19:00:00+00:00,2026-01-07T02:00:00+00:00,turbine_2,8,0.3850482794536432,0.01,0.3750482794536432,0.01,7.15,-2.4,0.0,0.9110885393605528,True,open_meteo_previous_runs,72,2026-01-04T14:00:00+00:00,2025-12-31T18:00:00+00:00,144.0,2025-11-30T19:00:00+00:00,2025-12-31T19:00:00+00:00,0
2026-01-06T19:00:00+00:00,2026-01-07T03:00:00+00:00,turbine_2,9,0.3737300953057325,0.01,0.36373009530573247,0.01,6.95,-1.5,0.0,0.8997703552126419,True,open_meteo_previous_runs,72,2026-01-04T15:00:00+00:00,2025-12-31T18:00:00+00:00,144.0,2025-11-30T19:00:00+00:00,2025-12-31T19:00:00+00:00,0
2026-01-06T19:00:00+00:00,2026-01-07T04:00:00+00:00,turbine_2,10,0.31459959553922195,0.01,0.30459959553922195,0.01,6.85,-0.2,0.0,0.8406398554461314,True,open_meteo_previous_runs,72,2026-01-04T16:00:00+00:00,2025-12-31T18:00:00+00:00,144.0,2025-11-30T19:00:00+00:00,2025-12-31T19:00:00+00:00,0
2026-01-06T19:00:00+00:00,2026-01-07T05:00:00+00:00,turbine_2,11,0.3384668856465641,0.01,0.32846688564656407,0.01,7.12,1.0,0.0,0.8645071455534736,True,open_meteo_previous_runs,72,2026-01-04T17:00:00+00:00,2025-12-31T18:00:00+00:00,144.0,2025-11-30T19:00:00+00:00,2025-12-31T19:00:00+00:00,0
2026-01-06T19:00:00+00:00,2026-01-07T06:00:00+00:00,turbine_2,12,0.3528675194081177,0.01,0.3428675194081177,0.01,6.72,1.3,0.0,0.8789077793150273,True,open_meteo_previous_runs,72,2026-01-04T18:00:00+00:00,2025-12-31T18:00:00+00:00,144.0,2025-11-30T19:00:00+00:00,2025-12-31T19:00:00+00:00,0
2026-01-06T19:00:00+00:00,2026-01-07T07:00:00+00:00,turbine_2,13,0.33387355901176474,0.01,0.32387355901176473,0.01,6.59,2.3,0.0,0.8599138189186742,True,open_meteo_previous_runs,72,2026-01-04T19:00:00+00:00,2025-12-31T18:00:00+00:00,144.0,2025-11-30T19:00:00+00:00,2025-12-31T19:00:00+00:00,0
2026-01-06T19:00:00+00:00,2026-01-07T08:00:00+00:00,turbine_2,14,0.3389018926225505,0.01,0.3289018926225505,0.01,6.23,3.0,0.0,0.86494215252946,True,open_meteo_previous_runs,72,2026-01-04T20:00:00+00:00,2025-12-31T18:00:00+00:00,144.0,2025-11-30T19:00:00+00:00,2025-12-31T19:00:00+00:00,0
2026-01-06T19:00:00+00:00,2026-01-07T09:00:00+00:00,turbine_2,15,0.3423930214066614,0.01,0.3323930214066614,0.01,6.12,3.4,0.0,0.8684332813135709,True,open_meteo_previous_runs,72,2026-01-04T21:00:00+00:00,2025-12-31T18:00:00+00:00,144.0,2025-11-30T19:00:00+00:00,2025-12-31T19:00:00+00:00,0
2026-01-06T19:00:00+00:00,2026-01-07T10:00:00+00:00,turbine_2,16,0.3611538992107851,0.01,0.3511538992107851,0.01,6.66,3.1,0.0,0.8871941591176946,True,open_meteo_previous_runs,72,2026-01-04T22:00:00+00:00,2025-12-31T18:00:00+00:00,144.0,2025-11-30T19:00:00+00:00,2025-12-31T19:00:00+00:00,0
2026-01-06T19:00:00+00:00,2026-01-07T11:00:00+00:00,turbine_2,17,0.398344139377506,0.0083333333333333,0.3900108060441727,0.01,8.03,0.6,0.0,0.9243843992844155,True,open_meteo_previous_runs,72,2026-01-04T23:00:00+00:00,2025-12-31T18:00:00+00:00,144.0,2025-11-30T19:00:00+00:00,2025-12-31T19:00:00+00:00,0
2026-01-06T19:00:00+00:00,2026-01-07T12:00:00+00:00,turbine_2,18,0.4252847070623549,0.0216666666666666,0.40361804039568827,0.01,8.68,-0.8,0.0,0.9513249669692644,True,open_meteo_previous_runs,72,2026-01-05T00:00:00+00:00,2025-12-31T18:00:00+00:00,144.0,2025-11-30T19:00:00+00:00,2025-12-31T19:00:00+00:00,0
2026-01-06T19:00:00+00:00,2026-01-07T13:00:00+00:00,turbine_2,19,0.48738680603905954,0.02,0.4673868060390595,0.01,9.13,-1.1,0.0,1.0,True,open_meteo_previous_runs,72,2026-01-05T01:00:00+00:00,2025-12-31T18:00:00+00:00,144.0,2025-11-30T19:00:00+00:00,2025-12-31T19:00:00+00:00,0
2026-01-06T19:00:00+00:00,2026-01-07T14:00:00+00:00,turbine_2,20,0.4975190522499131,0.0083333333333333,0.4891857189165798,0.01,9.32,-1.4,0.0,1.0,True,open_meteo_previous_runs,72,2026-01-05T02:00:00+00:00,2025-12-31T18:00:00+00:00,144.0,2025-11-30T19:00:00+00:00,2025-12-31T19:00:00+00:00,0
2026-01-06T19:00:00+00:00,2026-01-07T15:00:00+00:00,turbine_2,21,0.4611664417009167,0.01,0.4511664417009167,0.01,9.0,-1.5,0.0,0.9872067016078262,True,open_meteo_previous_runs,72,2026-01-05T03:00:00+00:00,2025-12-31T18:00:00+00:00,144.0,2025-11-30T19:00:00+00:00,2025-12-31T19:00:00+00:00,0
2026-01-06T19:00:00+00:00,2026-01-07T16:00:00+00:00,turbine_2,22,0.558015042640621,0.01,0.548015042640621,0.01,9.59,-1.7,0.03197478273371146,1.0,True,open_meteo_previous_runs,72,2026-01-05T04:00:00+00:00,2025-12-31T18:00:00+00:00,144.0,2025-11-30T19:00:00+00:00,2025-12-31T19:00:00+00:00,0
2026-01-06T19:00:00+00:00,2026-01-07T17:00:00+00:00,turbine_2,23,0.4874210810931783,0.01,0.47742108109317827,0.01,9.54,-1.8,0.0,1.0,True,open_meteo_previous_runs,72,2026-01-05T05:00:00+00:00,2025-12-31T18:00:00+00:00,144.0,2025-11-30T19:00:00+00:00,2025-12-31T19:00:00+00:00,0
2026-01-06T19:00:00+00:00,2026-01-07T18:00:00+00:00,turbine_2,24,0.48581753260293586,0.01,0.47581753260293586,0.01,9.5,-2.1,0.0,1.0,True,open_meteo_previous_runs,72,2026-01-05T06:00:00+00:00,2025-12-31T18:00:00+00:00,144.0,2025-11-30T19:00:00+00:00,2025-12-31T19:00:00+00:00,0
2026-01-06T19:00:00+00:00,2026-01-07T19:00:00+00:00,turbine_2,25,0.4733083147568632,0.01,0.4633083147568632,0.01,9.71,-2.2,0.0,0.9774821783346023,True,open_meteo_previous_runs,72,2026-01-05T07:00:00+00:00,2025-12-31T18:00:00+00:00,144.0,2025-11-30T19:00:00+00:00,2025-12-31T19:00:00+00:00,0
2026-01-06T19:00:00+00:00,2026-01-07T20:00:00+00:00,turbine_2,26,0.4825658212907091,0.01,0.47256582129070906,0.01,10.2,-2.2,0.0,0.9867396848684482,True,open_meteo_previous_runs,72,2026-01-05T08:00:00+00:00,2025-12-31T18:00:00+00:00,144.0,2025-11-30T19:00:00+00:00,2025-12-31T19:00:00+00:00,0
2026-01-06T19:00:00+00:00,2026-01-07T21:00:00+00:00,turbine_2,27,0.7380738089326568,0.01,0.7280738089326568,0.01,10.79,-2.3,0.23389994535491776,1.0,True,open_meteo_previous_runs,72,2026-01-05T09:00:00+00:00,2025-12-31T18:00:00+00:00,144.0,2025-11-30T19:00:00+00:00,2025-12-31T19:00:00+00:00,0
2026-01-06T19:00:00+00:00,2026-01-07T22:00:00+00:00,turbine_2,28,0.7921960839085742,0.01,0.7821960839085742,0.01,11.19,-2.5,0.28802222033083513,1.0,True,open_meteo_previous_runs,72,2026-01-05T10:00:00+00:00,2025-12-31T18:00:00+00:00,144.0,2025-11-30T19:00:00+00:00,2025-12-31T19:00:00+00:00,0
2026-01-06T19:00:00+00:00,2026-01-07T23:00:00+00:00,turbine_2,29,0.7888281378391949,0.01,0.7788281378391949,0.01,11.42,-2.7,0.28465427426145584,1.0,True,open_meteo_previous_runs,72,2026-01-05T11:00:00+00:00,2025-12-31T18:00:00+00:00,144.0,2025-11-30T19:00:00+00:00,2025-12-31T19:00:00+00:00,0
2026-01-06T19:00:00+00:00,2026-01-08T00:00:00+00:00,turbine_2,30,0.554795770229925,0.01,0.544795770229925,0.01,10.48,-3.4,0.05062190665218591,1.0,True,open_meteo_previous_runs,72,2026-01-05T12:00:00+00:00,2025-12-31T18:00:00+00:00,144.0,2025-11-30T19:00:00+00:00,2025-12-31T19:00:00+00:00,0
2026-01-06T19:00:00+00:00,2026-01-08T01:00:00+00:00,turbine_2,31,0.7358913594989175,0.01,0.7258913594989175,0.01,10.69,-3.5,0.2317174959211784,1.0,True,open_meteo_previous_runs,72,2026-01-05T13:00:00+00:00,2025-12-31T18:00:00+00:00,144.0,2025-11-30T19:00:00+00:00,2025-12-31T19:00:00+00:00,0
2026-01-06T19:00:00+00:00,2026-01-08T02:00:00+00:00,turbine_2,32,0.718446276695035,0.01,0.708446276695035,0.01,10.62,-3.3,0.21427241311729595,1.0,True,open_meteo_previous_runs,72,2026-01-05T14:00:00+00:00,2025-12-31T18:00:00+00:00,144.0,2025-11-30T19:00:00+00:00,2025-12-31T19:00:00+00:00,0
2026-01-06T19:00:00+00:00,2026-01-08T03:00:00+00:00,turbine_2,33,0.8103785333910993,0.01,0.8003785333910993,0.01,11.25,-3.2,0.30620466981336025,1.0,True,open_meteo_previous_runs,72,2026-01-05T15:00:00+00:00,2025-12-31T18:00:00+00:00,144.0,2025-11-30T19:00:00+00:00,2025-12-31T19:00:00+00:00,0
2026-01-06T19:00:00+00:00,2026-01-08T04:00:00+00:00,turbine_2,34,0.7733950244139898,0.01,0.7633950244139898,0.01,11.56,-1.4,0.2692211608362507,1.0,True,open_meteo_previous_runs,72,2026-01-05T16:00:00+00:00,2025-12-31T18:00:00+00:00,144.0,2025-11-30T19:00:00+00:00,2025-12-31T19:00:00+00:00,0
2026-01-06T19:00:00+00:00,2026-01-08T05:00:00+00:00,turbine_2,35,0.8235356356304906,0.01,0.8135356356304906,0.01,12.12,0.5,0.3193617720527515,1.0,True,open_meteo_previous_runs,72,2026-01-05T17:00:00+00:00,2025-12-31T18:00:00+00:00,144.0,2025-11-30T19:00:00+00:00,2025-12-31T19:00:00+00:00,0
2026-01-06T19:00:00+00:00,2026-01-08T06:00:00+00:00,turbine_2,36,0.8142298942632207,0.01,0.8042298942632207,0.01,11.73,1.8,0.3100560306854816,1.0,True,open_meteo_previous_runs,72,2026-01-05T18:00:00+00:00,2025-12-31T18:00:00+00:00,144.0,2025-11-30T19:00:00+00:00,2025-12-31T19:00:00+00:00,0
2026-01-06T19:00:00+00:00,2026-01-08T07:00:00+00:00,turbine_2,37,0.822682353943428,0.0066666666666666,0.8160156872767614,0.01,11.55,2.4,0.31850849036568896,1.0,True,open_meteo_previous_runs,72,2026-01-05T19:00:00+00:00,2025-12-31T18:00:00+00:00,144.0,2025-11-30T19:00:00+00:00,2025-12-31T19:00:00+00:00,0
2026-01-06T19:00:00+00:00,2026-01-08T08:00:00+00:00,turbine_2,38,0.8406144400277324,0.0083333333333333,0.8322811066943991,0.01,11.09,3.3,0.33644057644999337,1.0,True,open_meteo_previous_runs,72,2026-01-05T20:00:00+00:00,2025-12-31T18:00:00+00:00,144.0,2025-11-30T19:00:00+00:00,2025-12-31T19:00:00+00:00,0
2026-01-06T19:00:00+00:00,2026-01-08T09:00:00+00:00,turbine_2,39,0.8501666817425393,0.0133333333333333,0.836833348409206,0.01,11.05,3.6,0.3459928181648002,1.0,True,open_meteo_previous_runs,72,2026-01-05T21:00:00+00:00,2025-12-31T18:00:00+00:00,144.0,2025-11-30T19:00:00+00:00,2025-12-31T19:00:00+00:00,0
2026-01-06T19:00:00+00:00,2026-01-08T10:00:00+00:00,turbine_2,40,0.6031687031565346,0.1866666666666666,0.416502036489868,0.01,10.53,2.6,0.09899483957879551,1.0,True,open_meteo_previous_runs,72,2026-01-05T22:00:00+00:00,2025-12-31T18:00:00+00:00,144.0,2025-11-30T19:00:00+00:00,2025-12-31T19:00:00+00:00,0
2026-01-06T19:00:00+00:00,2026-01-08T11:00:00+00:00,turbine_2,41,0.553808670802158,0.135,0.418808670802158,0.01,10.27,0.7,0.04963480722441893,1.0,True,open_meteo_previous_runs,72,2026-01-05T23:00:00+00:00,2025-12-31T18:00:00+00:00,144.0,2025-11-30T19:00:00+00:00,2025-12-31T19:00:00+00:00,0
2026-01-06T19:00:00+00:00,2026-01-08T12:00:00+00:00,turbine_2,42,0.5517971846260701,0.1266666666666666,0.4251305179594035,0.01,10.29,-0.9,0.047623321048331,1.0,True,open_meteo_previous_runs,72,2026-01-06T00:00:00+00:00,2025-12-31T18:00:00+00:00,144.0,2025-11-30T19:00:00+00:00,2025-12-31T19:00:00+00:00,0
2026-01-06T19:00:00+00:00,2026-01-08T13:00:00+00:00,turbine_2,43,0.5775466730537784,0.0999999999999999,0.4775466730537785,0.01,10.14,-1.5,0.0733728094760393,1.0,True,open_meteo_previous_runs,72,2026-01-06T01:00:00+00:00,2025-12-31T18:00:00+00:00,144.0,2025-11-30T19:00:00+00:00,2025-12-31T19:00:00+00:00,0
2026-01-06T19:00:00+00:00,2026-01-08T14:00:00+00:00,turbine_2,44,0.587678919264632,0.01,0.577678919264632,0.01,9.9,-1.6,0.08350505568689293,1.0,True,open_meteo_previous_runs,72,2026-01-06T02:00:00+00:00,2025-12-31T18:00:00+00:00,144.0,2025-11-30T19:00:00+00:00,2025-12-31T19:00:00+00:00,0
2026-01-06T19:00:00+00:00,2026-01-08T15:00:00+00:00,turbine_2,45,0.5628213719731945,0.0083333333333333,0.5544880386398612,0.01,9.69,-1.8,0.058647508395455406,1.0,True,open_meteo_previous_runs,72,2026-01-06T03:00:00+00:00,2025-12-31T18:00:00+00:00,144.0,2025-11-30T19:00:00+00:00,2025-12-31T19:00:00+00:00,0
2026-01-06T19:00:00+00:00,2026-01-08T16:00:00+00:00,turbine_2,46,0.558015042640621,0.0116666666666666,0.5463483759739544,0.01,9.63,-1.9,0.05384117906288188,1.0,True,open_meteo_previous_runs,72,2026-01-06T04:00:00+00:00,2025-12-31T18:00:00+00:00,144.0,2025-11-30T19:00:00+00:00,2025-12-31T19:00:00+00:00,0
2026-01-06T19:00:00+00:00,2026-01-08T17:00:00+00:00,turbine_2,47,0.542794540751332,0.0083333333333333,0.5344612074179987,0.01,9.76,-2.0,0.038620677173592965,1.0,True,open_meteo_previous_runs,72,2026-01-06T05:00:00+00:00,2025-12-31T18:00:00+00:00,144.0,2025-11-30T19:00:00+00:00,2025-12-31T19:00:00+00:00,0
2026-01-06T19:00:00+00:00,2026-01-08T18:00:00+00:00,turbine_2,48,0.8650429933321236,0.0083333333333333,0.8567096599987903,0.01,11.27,-1.8,0.36086912975438457,1.0,True,open_meteo_previous_runs,72,2026-01-06T06:00:00+00:00,2025-12-31T18:00:00+00:00,144.0,2025-11-30T19:00:00+00:00,2025-12-31T19:00:00+00:00,0
2026-01-07T19:00:00+00:00,2026-01-07T19:00:00+00:00,turbine_2,1,0.47144300481811724,0.01,0.46144300481811723,0.01,9.71,-2.2,0.0,0.9974832647250267,True,open_meteo_previous_runs,72,2026-01-05T07:00:00+00:00,2025-12-31T18:00:00+00:00,168.0,2025-11-30T19:00:00+00:00,2025-12-31T19:00:00+00:00,0
2026-01-07T19:00:00+00:00,2026-01-07T20:00:00+00:00,turbine_2,2,0.4807005113519631,0.01,0.4707005113519631,0.01,10.2,-2.2,0.0,1.0,True,open_meteo_previous_runs,72,2026-01-05T08:00:00+00:00,2025-12-31T18:00:00+00:00,168.0,2025-11-30T19:00:00+00:00,2025-12-31T19:00:00+00:00,0
2026-01-07T19:00:00+00:00,2026-01-07T21:00:00+00:00,turbine_2,3,0.7338313213138838,0.01,0.7238313213138838,0.01,10.79,-2.3,0.20779106140697434,1.0,True,open_meteo_previous_runs,72,2026-01-05T09:00:00+00:00,2025-12-31T18:00:00+00:00,168.0,2025-11-30T19:00:00+00:00,2025-12-31T19:00:00+00:00,0
2026-01-07T19:00:00+00:00,2026-01-07T22:00:00+00:00,turbine_2,4,0.7797613234751747,0.01,0.7697613234751747,0.01,11.19,-2.5,0.2537210635682652,1.0,True,open_meteo_previous_runs,72,2026-01-05T10:00:00+00:00,2025-12-31T18:00:00+00:00,168.0,2025-11-30T19:00:00+00:00,2025-12-31T19:00:00+00:00,0
2026-01-07T19:00:00+00:00,2026-01-07T23:00:00+00:00,turbine_2,5,0.7765510634245357,0.01,0.7665510634245357,0.01,11.42,-2.7,0.2505108035176262,1.0,True,open_meteo_previous_runs,72,2026-01-05T11:00:00+00:00,2025-12-31T18:00:00+00:00,168.0,2025-11-30T19:00:00+00:00,2025-12-31T19:00:00+00:00,0
2026-01-07T19:00:00+00:00,2026-01-08T00:00:00+00:00,turbine_2,6,0.5502758025264126,0.01,0.5402758025264126,0.01,10.48,-3.4,0.024235542619503114,1.0,True,open_meteo_previous_runs,72,2026-01-05T12:00:00+00:00,2025-12-31T18:00:00+00:00,168.0,2025-11-30T19:00:00+00:00,2025-12-31T19:00:00+00:00,0
2026-01-07T19:00:00+00:00,2026-01-08T01:00:00+00:00,turbine_2,7,0.7349434986086231,0.01,0.7249434986086231,0.01,10.69,-3.5,0.20890323870171357,1.0,True,open_meteo_previous_runs,72,2026-01-05T13:00:00+00:00,2025-12-31T18:00:00+00:00,168.0,2025-11-30T19:00:00+00:00,2025-12-31T19:00:00+00:00,0
2026-01-07T19:00:00+00:00,2026-01-08T02:00:00+00:00,turbine_2,8,0.7177728557901075,0.01,0.7077728557901075,0.01,10.62,-3.3,0.19173259588319802,1.0,True,open_meteo_previous_runs,72,2026-01-05T14:00:00+00:00,2025-12-31T18:00:00+00:00,168.0,2025-11-30T19:00:00+00:00,2025-12-31T19:00:00+00:00,0
2026-01-07T19:00:00+00:00,2026-01-08T03:00:00+00:00,turbine_2,9,0.8026214266799526,0.01,0.7926214266799526,0.01,11.25,-3.2,0.2765811667730431,1.0,True,open_meteo_previous_runs,72,2026-01-05T15:00:00+00:00,2025-12-31T18:00:00+00:00,168.0,2025-11-30T19:00:00+00:00,2025-12-31T19:00:00+00:00,0
2026-01-07T19:00:00+00:00,2026-01-08T04:00:00+00:00,turbine_2,10,0.7733950244139898,0.01,0.7633950244139898,0.01,11.56,-1.4,0.24735476450708027,1.0,True,open_meteo_previous_runs,72,2026-01-05T16:00:00+00:00,2025-12-31T18:00:00+00:00,168.0,2025-11-30T19:00:00+00:00,2025-12-31T19:00:00+00:00,0
2026-01-07T19:00:00+00:00,2026-01-08T05:00:00+00:00,turbine_2,11,0.8235356356304906,0.01,0.8135356356304906,0.01,12.12,0.5,0.2974953757235811,1.0,True,open_meteo_previous_runs,72,2026-01-05T17:00:00+00:00,2025-12-31T18:00:00+00:00,168.0,2025-11-30T19:00:00+00:00,2025-12-31T19:00:00+00:00,0
2026-01-07T19:00:00+00:00,2026-01-08T06:00:00+00:00,turbine_2,12,0.8142298942632207,0.01,0.8042298942632207,0.01,11.73,1.8,0.2881896343563112,1.0,True,open_meteo_previous_runs,72,2026-01-05T18:00:00+00:00,2025-12-31T18:00:00+00:00,168.0,2025-11-30T19:00:00+00:00,2025-12-31T19:00:00+00:00,0
2026-01-07T19:00:00+00:00,2026-01-08T07:00:00+00:00,turbine_2,13,0.822682353943428,0.0066666666666666,0.8160156872767614,0.01,11.55,2.4,0.29664209403651853,1.0,True,open_meteo_previous_runs,72,2026-01-05T19:00:00+00:00,2025-12-31T18:00:00+00:00,168.0,2025-11-30T19:00:00+00:00,2025-12-31T19:00:00+00:00,0
2026-01-07T19:00:00+00:00,2026-01-08T08:00:00+00:00,turbine_2,14,0.8406144400277324,0.0083333333333333,0.8322811066943991,0.01,11.09,3.3,0.31457418012082294,1.0,True,open_meteo_previous_runs,72,2026-01-05T20:00:00+00:00,2025-12-31T18:00:00+00:00,168.0,2025-11-30T19:00:00+00:00,2025-12-31T19:00:00+00:00,0
2026-01-07T19:00:00+00:00,2026-01-08T09:00:00+00:00,turbine_2,15,0.8501666817425393,0.0133333333333333,0.836833348409206,0.01,11.05,3.6,0.3241264218356298,1.0,True,open_meteo_previous_runs,72,2026-01-05T21:00:00+00:00,2025-12-31T18:00:00+00:00,168.0,2025-11-30T19:00:00+00:00,2025-12-31T19:00:00+00:00,0
2026-01-07T19:00:00+00:00,2026-01-08T10:00:00+00:00,turbine_2,16,0.6031687031565346,0.1866666666666666,0.416502036489868,0.01,10.53,2.6,0.07712844324962509,1.0,True,open_meteo_previous_runs,72,2026-01-05T22:00:00+00:00,2025-12-31T18:00:00+00:00,168.0,2025-11-30T19:00:00+00:00,2025-12-31T19:00:00+00:00,0
2026-01-07T19:00:00+00:00,2026-01-08T11:00:00+00:00,turbine_2,17,0.553808670802158,0.135,0.418808670802158,0.01,10.27,0.7,0.027768410895248508,1.0,True,open_meteo_previous_runs,72,2026-01-05T23:00:00+00:00,2025-12-31T18:00:00+00:00,168.0,2025-11-30T19:00:00+00:00,2025-12-31T19:00:00+00:00,0
2026-01-07T19:00:00+00:00,2026-01-08T12:00:00+00:00,turbine_2,18,0.5517971846260701,0.1266666666666666,0.4251305179594035,0.01,10.29,-0.9,0.02575692471916058,1.0,True,open_meteo_previous_runs,72,2026-01-06T00:00:00+00:00,2025-12-31T18:00:00+00:00,168.0,2025-11-30T19:00:00+00:00,2025-12-31T19:00:00+00:00,0
2026-01-07T19:00:00+00:00,2026-01-08T13:00:00+00:00,turbine_2,19,0.5775466730537784,0.0999999999999999,0.4775466730537785,0.01,10.14,-1.5,0.05150641314686888,1.0,True,open_meteo_previous_runs,72,2026-01-06T01:00:00+00:00,2025-12-31T18:00:00+00:00,168.0,2025-11-30T19:00:00+00:00,2025-12-31T19:00:00+00:00,0
2026-01-07T19:00:00+00:00,2026-01-08T14:00:00+00:00,turbine_2,20,0.587678919264632,0.01,0.577678919264632,0.01,9.9,-1.6,0.0616386593577225,1.0,True,open_meteo_previous_runs,72,2026-01-06T02:00:00+00:00,2025-12-31T18:00:00+00:00,168.0,2025-11-30T19:00:00+00:00,2025-12-31T19:00:00+00:00,0
2026-01-07T19:00:00+00:00,2026-01-08T15:00:00+00:00,turbine_2,21,0.5628213719731945,0.0083333333333333,0.5544880386398612,0.01,9.69,-1.8,0.03678111206628498,1.0,True,open_meteo_previous_runs,72,2026-01-06T03:00:00+00:00,2025-12-31T18:00:00+00:00,168.0,2025-11-30T19:00:00+00:00,2025-12-31T19:00:00+00:00,0
2026-01-07T19:00:00+00:00,2026-01-08T16:00:00+00:00,turbine_2,22,0.558015042640621,0.0116666666666666,0.5463483759739544,0.01,9.63,-1.9,0.03197478273371146,1.0,True,open_meteo_previous_runs,72,2026-01-06T04:00:00+00:00,2025-12-31T18:00:00+00:00,168.0,2025-11-30T19:00:00+00:00,2025-12-31T19:00:00+00:00,0
2026-01-07T19:00:00+00:00,2026-01-08T17:00:00+00:00,turbine_2,23,0.542794540751332,0.0083333333333333,0.5344612074179987,0.01,9.76,-2.0,0.016754280844422542,1.0,True,open_meteo_previous_runs,72,2026-01-06T05:00:00+00:00,2025-12-31T18:00:00+00:00,168.0,2025-11-30T19:00:00+00:00,2025-12-31T19:00:00+00:00,0
2026-01-07T19:00:00+00:00,2026-01-08T18:00:00+00:00,turbine_2,24,0.8650429933321236,0.0083333333333333,0.8567096599987903,0.01,11.27,-1.8,0.33900273342521414,1.0,True,open_meteo_previous_runs,72,2026-01-06T06:00:00+00:00,2025-12-31T18:00:00+00:00,168.0,2025-11-30T19:00:00+00:00,2025-12-31T19:00:00+00:00,0
2026-01-07T19:00:00+00:00,2026-01-08T19:00:00+00:00,turbine_2,25,0.8013727274067256,0.01,0.7913727274067256,0.01,11.58,-1.8,0.2971988638289865,1.0,True,open_meteo_previous_runs,72,2026-01-06T07:00:00+00:00,2025-12-31T18:00:00+00:00,168.0,2025-11-30T19:00:00+00:00,2025-12-31T19:00:00+00:00,0
2026-01-07T19:00:00+00:00,2026-01-08T20:00:00+00:00,turbine_2,26,0.8374254560122533,0.0083333333333333,0.82909212267892,0.01,11.83,-1.8,0.3332515924345142,1.0,True,open_meteo_previous_runs,72,2026-01-06T08:00:00+00:00,2025-12-31T18:00:00+00:00,168.0,2025-11-30T19:00:00+00:00,2025-12-31T19:00:00+00:00,0
2026-01-07T19:00:00+00:00,2026-01-08T21:00:00+00:00,turbine_2,27,0.828248812514102,0.01,0.818248812514102,0.01,12.24,-1.9,0.3240749489363629,1.0,True,open_meteo_previous_runs,72,2026-01-06T09:00:00+00:00,2025-12-31T18:00:00+00:00,168.0,2025-11-30T19:00:00+00:00,2025-12-31T19:00:00+00:00,0
2026-01-07T19:00:00+00:00,2026-01-08T22:00:00+00:00,turbine_2,28,0.828248812514102,0.0116666666666666,0.8165821458474354,0.01,12.02,-2.2,0.3240749489363629,1.0,True,open_meteo_previous_runs,72,2026-01-06T10:00:00+00:00,2025-12-31T18:00:00+00:00,168.0,2025-11-30T19:00:00+00:00,2025-12-31T19:00:00+00:00,0
2026-01-07T19:00:00+00:00,2026-01-08T23:00:00+00:00,turbine_2,29,0.795073852900163,0.01,0.785073852900163,0.01,11.8,-2.6,0.2908999893224239,1.0,True,open_meteo_previous_runs,72,2026-01-06T11:00:00+00:00,2025-12-31T18:00:00+00:00,168.0,2025-11-30T19:00:00+00:00,2025-12-31T19:00:00+00:00,0
2026-01-07T19:00:00+00:00,2026-01-09T00:00:00+00:00,turbine_2,30,0.8674899070593399,0.01,0.8574899070593399,0.01,12.79,-2.3,0.36331604348160085,1.0,True,open_meteo_previous_runs,72,2026-01-06T12:00:00+00:00,2025-12-31T18:00:00+00:00,168.0,2025-11-30T19:00:00+00:00,2025-12-31T19:00:00+00:00,0
2026-01-07T19:00:00+00:00,2026-01-09T01:00:00+00:00,turbine_2,31,0.86087247944694,0.0083333333333333,0.8525391461136067,0.01,12.51,-2.4,0.35669861586920093,1.0,True,open_meteo_previous_runs,72,2026-01-06T13:00:00+00:00,2025-12-31T18:00:00+00:00,168.0,2025-11-30T19:00:00+00:00,2025-12-31T19:00:00+00:00,0
2026-01-07T19:00:00+00:00,2026-01-09T02:00:00+00:00,turbine_2,32,0.8499254974871574,0.01,0.8399254974871574,0.01,11.93,-2.7,0.3457516339094183,1.0,True,open_meteo_previous_runs,72,2026-01-06T14:00:00+00:00,2025-12-31T18:00:00+00:00,168.0,2025-11-30T19:00:00+00:00,2025-12-31T19:00:00+00:00,0
2026-01-07T19:00:00+00:00,2026-01-09T03:00:00+00:00,turbine_2,33,0.8138727688816296,0.0083333333333333,0.8055394355482963,0.01,11.49,-2.3,0.30969890530389055,1.0,True,open_meteo_previous_runs,72,2026-01-06T15:00:00+00:00,2025-12-31T18:00:00+00:00,168.0,2025-11-30T19:00:00+00:00,2025-12-31T19:00:00+00:00,0
2026-01-07T19:00:00+00:00,2026-01-09T04:00:00+00:00,turbine_2,34,0.7192727494380724,0.0083333333333333,0.7109394161047391,0.01,10.99,-0.3,0.21509888586033332,1.0,True,open_meteo_previous_runs,72,2026-01-06T16:00:00+00:00,2025-12-31T18:00:00+00:00,168.0,2025-11-30T19:00:00+00:00,2025-12-31T19:00:00+00:00,0
2026-01-07T19:00:00+00:00,2026-01-09T05:00:00+00:00,turbine_2,35,0.7333031790482767,0.01,0.7233031790482767,0.01,10.98,1.6,0.2291293154705376,1.0,True,open_meteo_previous_runs,72,2026-01-06T17:00:00+00:00,2025-12-31T18:00:00+00:00,168.0,2025-11-30T19:00:00+00:00,2025-12-31T19:00:00+00:00,0
2026-01-07T19:00:00+00:00,2026-01-09T06:00:00+00:00,turbine_2,36,0.8590047355322525,0.01,0.8490047355322525,0.01,12.22,3.9,0.35483087195451346,1.0,True,open_meteo_previous_runs,72,2026-01-06T18:00:00+00:00,2025-12-31T18:00:00+00:00,168.0,2025-11-30T19:00:00+00:00,2025-12-31T19:00:00+00:00,0
2026-01-07T19:00:00+00:00,2026-01-09T07:00:00+00:00,turbine_2,37,0.8590047355322525,0.01,0.8490047355322525,0.01,12.07,5.1,0.35483087195451346,1.0,True,open_meteo_previous_runs,72,2026-01-06T19:00:00+00:00,2025-12-31T18:00:00+00:00,168.0,2025-11-30T19:00:00+00:00,2025-12-31T19:00:00+00:00,0
2026-01-07T19:00:00+00:00,2026-01-09T08:00:00+00:00,turbine_2,38,0.8466755529584284,0.0066666666666666,0.8400088862917618,0.01,11.31,5.0,0.34250168938068937,1.0,True,open_meteo_previous_runs,72,2026-01-06T20:00:00+00:00,2025-12-31T18:00:00+00:00,168.0,2025-11-30T19:00:00+00:00,2025-12-31T19:00:00+00:00,0
2026-01-07T19:00:00+00:00,2026-01-09T09:00:00+00:00,turbine_2,39,0.61334127986245,0.01,0.60334127986245,0.01,10.51,4.6,0.10916741628471094,1.0,True,open_meteo_previous_runs,72,2026-01-06T21:00:00+00:00,2025-12-31T18:00:00+00:00,168.0,2025-11-30T19:00:00+00:00,2025-12-31T19:00:00+00:00,0
2026-01-07T19:00:00+00:00,2026-01-09T10:00:00+00:00,turbine_2,40,0.4876277954296247,0.01,0.4776277954296247,0.01,9.42,3.5,0.0,0.9918016590073637,True,open_meteo_previous_runs,72,2026-01-06T22:00:00+00:00,2025-12-31T18:00:00+00:00,168.0,2025-11-30T19:00:00+00:00,2025-12-31T19:00:00+00:00,0
2026-01-07T19:00:00+00:00,2026-01-09T11:00:00+00:00,turbine_2,41,0.4352852118848049,0.0166666666666666,0.4186185452181383,0.01,8.77,1.4,0.0,0.939459075462544,True,open_meteo_previous_runs,72,2026-01-06T23:00:00+00:00,2025-12-31T18:00:00+00:00,168.0,2025-11-30T19:00:00+00:00,2025-12-31T19:00:00+00:00,0
2026-01-07T19:00:00+00:00,2026-01-09T12:00:00+00:00,turbine_2,42,0.4010298828012444,0.0133333333333333,0.3876965494679111,0.01,8.28,-0.6,0.0,0.9052037463789835,True,open_meteo_previous_runs,72,2026-01-07T00:00:00+00:00,2025-12-31T18:00:00+00:00,168.0,2025-11-30T19:00:00+00:00,2025-12-31T19:00:00+00:00,0
2026-01-07T19:00:00+00:00,2026-01-09T13:00:00+00:00,turbine_2,43,0.38101361689630125,0.01,0.37101361689630125,0.01,7.8,-1.2,0.0,0.8851874804740403,True,open_meteo_previous_runs,72,2026-01-07T01:00:00+00:00,2025-12-31T18:00:00+00:00,168.0,2025-11-30T19:00:00+00:00,2025-12-31T19:00:00+00:00,0
2026-01-07T19:00:00+00:00,2026-01-09T14:00:00+00:00,turbine_2,44,0.3997999991629331,0.0083333333333333,0.39146666582959977,0.01,7.04,-1.8,0.0,0.9039738627406722,True,open_meteo_previous_runs,72,2026-01-07T02:00:00+00:00,2025-12-31T18:00:00+00:00,168.0,2025-11-30T19:00:00+00:00,2025-12-31T19:00:00+00:00,0
2026-01-07T19:00:00+00:00,2026-01-09T15:00:00+00:00,turbine_2,45,0.3862159581002629,0.0083333333333333,0.3778826247669296,0.01,6.72,-2.1,0.0,0.890389821678002,True,open_meteo_previous_runs,72,2026-01-07T03:00:00+00:00,2025-12-31T18:00:00+00:00,168.0,2025-11-30T19:00:00+00:00,2025-12-31T19:00:00+00:00,0
2026-01-07T19:00:00+00:00,2026-01-09T16:00:00+00:00,turbine_2,46,0.37865398075774037,0.01,0.36865398075774036,0.01,6.69,-2.3,0.0,0.8828278443354795,True,open_meteo_previous_runs,72,2026-01-07T04:00:00+00:00,2025-12-31T18:00:00+00:00,168.0,2025-11-30T19:00:00+00:00,2025-12-31T19:00:00+00:00,0
2026-01-07T19:00:00+00:00,2026-01-09T17:00:00+00:00,turbine_2,47,0.347718710432187,0.01,0.337718710432187,0.01,6.41,-2.8,0.0,0.8518925740099261,True,open_meteo_previous_runs,72,2026-01-07T05:00:00+00:00,2025-12-31T18:00:00+00:00,168.0,2025-11-30T19:00:00+00:00,2025-12-31T19:00:00+00:00,0
2026-01-07T19:00:00+00:00,2026-01-09T18:00:00+00:00,turbine_2,48,0.36182993037820926,0.01,0.35182993037820925,0.01,6.89,-2.9,0.0,0.8660037939559484,True,open_meteo_previous_runs,72,2026-01-07T06:00:00+00:00,2025-12-31T18:00:00+00:00,168.0,2025-11-30T19:00:00+00:00,2025-12-31T19:00:00+00:00,0
2026-01-08T19:00:00+00:00,2026-01-08T19:00:00+00:00,turbine_2,1,0.7890479965722477,0.01,0.7790479965722477,0.01,11.58,-1.8,0.26300773666533817,1.0,True,open_meteo_previous_runs,72,2026-01-06T07:00:00+00:00,2025-12-31T18:00:00+00:00,192.0,2025-11-30T19:00:00+00:00,2025-12-31T19:00:00+00:00,0
2026-01-08T19:00:00+00:00,2026-01-08T20:00:00+00:00,turbine_2,2,0.8251007251777753,0.0083333333333333,0.816767391844442,0.01,11.83,-1.8,0.2990604652708658,1.0,True,open_meteo_previous_runs,72,2026-01-06T08:00:00+00:00,2025-12-31T18:00:00+00:00,192.0,2025-11-30T19:00:00+00:00,2025-12-31T19:00:00+00:00,0
2026-01-08T19:00:00+00:00,2026-01-08T21:00:00+00:00,turbine_2,3,0.8158140520807025,0.01,0.8058140520807024,0.01,12.24,-1.9,0.28977379217379295,1.0,True,open_meteo_previous_runs,72,2026-01-06T09:00:00+00:00,2025-12-31T18:00:00+00:00,192.0,2025-11-30T19:00:00+00:00,2025-12-31T19:00:00+00:00,0
2026-01-08T19:00:00+00:00,2026-01-08T22:00:00+00:00,turbine_2,4,0.8158140520807025,0.0116666666666666,0.8041473854140359,0.01,12.02,-2.2,0.28977379217379295,1.0,True,open_meteo_previous_runs,72,2026-01-06T10:00:00+00:00,2025-12-31T18:00:00+00:00,192.0,2025-11-30T19:00:00+00:00,2025-12-31T19:00:00+00:00,0
2026-01-08T19:00:00+00:00,2026-01-08T23:00:00+00:00,turbine_2,5,0.7827967784855038,0.01,0.7727967784855038,0.01,11.8,-2.6,0.2567565185785943,1.0,True,open_meteo_previous_runs,72,2026-01-06T11:00:00+00:00,2025-12-31T18:00:00+00:00,192.0,2025-11-30T19:00:00+00:00,2025-12-31T19:00:00+00:00,0
2026-01-08T19:00:00+00:00,2026-01-09T00:00:00+00:00,turbine_2,6,0.8552128326446807,0.01,0.8452128326446807,0.01,12.79,-2.3,0.32917257273777123,1.0,True,open_meteo_previous_runs,72,2026-01-06T12:00:00+00:00,2025-12-31T18:00:00+00:00,192.0,2025-11-30T19:00:00+00:00,2025-12-31T19:00:00+00:00,0
2026-01-08T19:00:00+00:00,2026-01-09T01:00:00+00:00,turbine_2,7,0.8521675118454989,0.0083333333333333,0.8438341785121656,0.01,12.51,-2.4,0.3261272519385894,1.0,True,open_meteo_previous_runs,72,2026-01-06T13:00:00+00:00,2025-12-31T18:00:00+00:00,192.0,2025-11-30T19:00:00+00:00,2025-12-31T19:00:00+00:00,0
2026-01-08T19:00:00+00:00,2026-01-09T02:00:00+00:00,turbine_2,8,0.8414949698710832,0.01,0.8314949698710832,0.01,11.93,-2.7,0.3154547099641737,1.0,True,open_meteo_previous_runs,72,2026-01-06T14:00:00+00:00,2025-12-31T18:00:00+00:00,192.0,2025-11-30T19:00:00+00:00,2025-12-31T19:00:00+00:00,0
2026-01-08T19:00:00+00:00,2026-01-09T03:00:00+00:00,turbine_2,9,0.8061156621704829,0.0083333333333333,0.7977823288371496,0.01,11.49,-2.3,0.2800754022635734,1.0,True,open_meteo_previous_runs,72,2026-01-06T15:00:00+00:00,2025-12-31T18:00:00+00:00,192.0,2025-11-30T19:00:00+00:00,2025-12-31T19:00:00+00:00,0
2026-01-08T19:00:00+00:00,2026-01-09T04:00:00+00:00,turbine_2,10,0.7192727494380724,0.0083333333333333,0.7109394161047391,0.01,10.99,-0.3,0.1932324895311629,1.0,True,open_meteo_previous_runs,72,2026-01-06T16:00:00+00:00,2025-12-31T18:00:00+00:00,192.0,2025-11-30T19:00:00+00:00,2025-12-31T19:00:00+00:00,0
2026-01-08T19:00:00+00:00,2026-01-09T05:00:00+00:00,turbine_2,11,0.7333031790482767,0.01,0.7233031790482767,0.01,10.98,1.6,0.20726291914136719,1.0,True,open_meteo_previous_runs,72,2026-01-06T17:00:00+00:00,2025-12-31T18:00:00+00:00,192.0,2025-11-30T19:00:00+00:00,2025-12-31T19:00:00+00:00,0
2026-01-08T19:00:00+00:00,2026-01-09T06:00:00+00:00,turbine_2,12,0.8590047355322525,0.01,0.8490047355322525,0.01,12.22,3.9,0.33296447562534304,1.0,True,open_meteo_previous_runs,72,2026-01-06T18:00:00+00:00,2025-12-31T18:00:00+00:00,192.0,2025-11-30T19:00:00+00:00,2025-12-31T19:00:00+00:00,0
2026-01-08T19:00:00+00:00,2026-01-09T07:00:00+00:00,turbine_2,13,0.8590047355322525,0.01,0.8490047355322525,0.01,12.07,5.1,0.33296447562534304,1.0,True,open_meteo_previous_runs,72,2026-01-06T19:00:00+00:00,2025-12-31T18:00:00+00:00,192.0,2025-11-30T19:00:00+00:00,2025-12-31T19:00:00+00:00,0
2026-01-08T19:00:00+00:00,2026-01-09T08:00:00+00:00,turbine_2,14,0.8466755529584284,0.0066666666666666,0.8400088862917618,0.01,11.31,5.0,0.32063529305151894,1.0,True,open_meteo_previous_runs,72,2026-01-06T20:00:00+00:00,2025-12-31T18:00:00+00:00,192.0,2025-11-30T19:00:00+00:00,2025-12-31T19:00:00+00:00,0
2026-01-08T19:00:00+00:00,2026-01-09T09:00:00+00:00,turbine_2,15,0.61334127986245,0.01,0.60334127986245,0.01,10.51,4.6,0.08730101995554052,1.0,True,open_meteo_previous_runs,72,2026-01-06T21:00:00+00:00,2025-12-31T18:00:00+00:00,192.0,2025-11-30T19:00:00+00:00,2025-12-31T19:00:00+00:00,0
2026-01-08T19:00:00+00:00,2026-01-09T10:00:00+00:00,turbine_2,16,0.4876277954296247,0.01,0.4776277954296247,0.01,9.42,3.5,0.0,1.0,True,open_meteo_previous_runs,72,2026-01-06T22:00:00+00:00,2025-12-31T18:00:00+00:00,192.0,2025-11-30T19:00:00+00:00,2025-12-31T19:00:00+00:00,0
2026-01-08T19:00:00+00:00,2026-01-09T11:00:00+00:00,turbine_2,17,0.4352852118848049,0.0166666666666666,0.4186185452181383,0.01,8.77,1.4,0.0,0.9613254717917143,True,open_meteo_previous_runs,72,2026-01-06T23:00:00+00:00,2025-12-31T18:00:00+00:00,192.0,2025-11-30T19:00:00+00:00,2025-12-31T19:00:00+00:00,0
2026-01-08T19:00:00+00:00,2026-01-09T12:00:00+00:00,turbine_2,18,0.4010298828012444,0.0133333333333333,0.3876965494679111,0.01,8.28,-0.6,0.0,0.9270701427081539,True,open_meteo_previous_runs,72,2026-01-07T00:00:00+00:00,2025-12-31T18:00:00+00:00,192.0,2025-11-30T19:00:00+00:00,2025-12-31T19:00:00+00:00,0
2026-01-08T19:00:00+00:00,2026-01-09T13:00:00+00:00,turbine_2,19,0.38101361689630125,0.01,0.37101361689630125,0.01,7.8,-1.2,0.0,0.9070538768032108,True,open_meteo_previous_runs,72,2026-01-07T01:00:00+00:00,2025-12-31T18:00:00+00:00,192.0,2025-11-30T19:00:00+00:00,2025-12-31T19:00:00+00:00,0
2026-01-08T19:00:00+00:00,2026-01-09T14:00:00+00:00,turbine_2,20,0.3997999991629331,0.0083333333333333,0.39146666582959977,0.01,7.04,-1.8,0.0,0.9258402590698426,True,open_meteo_previous_runs,72,2026-01-07T02:00:00+00:00,2025-12-31T18:00:00+00:00,192.0,2025-11-30T19:00:00+00:00,2025-12-31T19:00:00+00:00,0
2026-01-08T19:00:00+00:00,2026-01-09T15:00:00+00:00,turbine_2,21,0.3862159581002629,0.0083333333333333,0.3778826247669296,0.01,6.72,-2.1,0.0,0.9122562180071724,True,open_meteo_previous_runs,72,2026-01-07T03:00:00+00:00,2025-12-31T18:00:00+00:00,192.0,2025-11-30T19:00:00+00:00,2025-12-31T19:00:00+00:00,0
2026-01-08T19:00:00+00:00,2026-01-09T16:00:00+00:00,turbine_2,22,0.37865398075774037,0.01,0.36865398075774036,0.01,6.69,-2.3,0.0,0.9046942406646499,True,open_meteo_previous_runs,72,2026-01-07T04:00:00+00:00,2025-12-31T18:00:00+00:00,192.0,2025-11-30T19:00:00+00:00,2025-12-31T19:00:00+00:00,0
2026-01-08T19:00:00+00:00,2026-01-09T17:00:00+00:00,turbine_2,23,0.347718710432187,0.01,0.337718710432187,0.01,6.41,-2.8,0.0,0.8737589703390964,True,open_meteo_previous_runs,72,2026-01-07T05:00:00+00:00,2025-12-31T18:00:00+00:00,192.0,2025-11-30T19:00:00+00:00,2025-12-31T19:00:00+00:00,0
2026-01-08T19:00:00+00:00,2026-01-09T18:00:00+00:00,turbine_2,24,0.36182993037820926,0.01,0.35182993037820925,0.01,6.89,-2.9,0.0,0.8878701902851187,True,open_meteo_previous_runs,72,2026-01-07T06:00:00+00:00,2025-12-31T18:00:00+00:00,192.0,2025-11-30T19:00:00+00:00,2025-12-31T19:00:00+00:00,0
2026-01-08T19:00:00+00:00,2026-01-09T19:00:00+00:00,turbine_2,25,0.33820024751906924,0.01,0.32820024751906923,0.01,7.29,-2.9,0.0,0.8423741110968084,True,open_meteo_previous_runs,72,2026-01-07T07:00:00+00:00,2025-12-31T18:00:00+00:00,192.0,2025-11-30T19:00:00+00:00,2025-12-31T19:00:00+00:00,0
2026-01-08T19:00:00+00:00,2026-01-09T20:00:00+00:00,turbine_2,26,0.33820024751906924,0.01,0.32820024751906923,0.01,7.78,-3.0,0.0,0.8423741110968084,True,open_meteo_previous_runs,72,2026-01-07T08:00:00+00:00,2025-12-31T18:00:00+00:00,192.0,2025-11-30T19:00:00+00:00,2025-12-31T19:00:00+00:00,0
2026-01-08T19:00:00+00:00,2026-01-09T21:00:00+00:00,turbine_2,27,0.38868508126410495,0.01,0.37868508126410494,0.01,8.54,-3.2,0.0,0.892858944841844,True,open_meteo_previous_runs,72,2026-01-07T09:00:00+00:00,2025-12-31T18:00:00+00:00,192.0,2025-11-30T19:00:00+00:00,2025-12-31T19:00:00+00:00,0
2026-01-08T19:00:00+00:00,2026-01-09T22:00:00+00:00,turbine_2,28,0.37722680299140837,0.01,0.36722680299140836,0.01,8.99,-3.5,0.0,0.8814006665691474,True,open_meteo_previous_runs,72,2026-01-07T10:00:00+00:00,2025-12-31T18:00:00+00:00,192.0,2025-11-30T19:00:00+00:00,2025-12-31T19:00:00+00:00,0
2026-01-08T19:00:00+00:00,2026-01-09T23:00:00+00:00,turbine_2,29,0.42156920210618354,0.01,0.41156920210618353,0.01,9.08,-3.7,0.0,0.9257430656839226,True,open_meteo_previous_runs,72,2026-01-07T11:00:00+00:00,2025-12-31T18:00:00+00:00,192.0,2025-11-30T19:00:00+00:00,2025-12-31T19:00:00+00:00,0
2026-01-08T19:00:00+00:00,2026-01-10T00:00:00+00:00,turbine_2,30,0.5257941525135159,0.0166666666666666,0.5091274858468493,0.01,10.47,-3.4,0.021620288935776832,1.0,True,open_meteo_previous_runs,72,2026-01-07T12:00:00+00:00,2025-12-31T18:00:00+00:00,192.0,2025-11-30T19:00:00+00:00,2025-12-31T19:00:00+00:00,0
2026-01-08T19:00:00+00:00,2026-01-10T01:00:00+00:00,turbine_2,31,0.5031543128099194,0.0433333333333333,0.4598209794765861,0.01,10.38,-3.8,0.0,1.0,True,open_meteo_previous_runs,72,2026-01-07T13:00:00+00:00,2025-12-31T18:00:00+00:00,192.0,2025-11-30T19:00:00+00:00,2025-12-31T19:00:00+00:00,0
2026-01-08T19:00:00+00:00,2026-01-10T02:00:00+00:00,turbine_2,32,0.472776948270924,0.0349999999999999,0.43777694827092406,0.01,10.15,-4.2,0.0,0.9769508118486631,True,open_meteo_previous_runs,72,2026-01-07T14:00:00+00:00,2025-12-31T18:00:00+00:00,192.0,2025-11-30T19:00:00+00:00,2025-12-31T19:00:00+00:00,0
2026-01-08T19:00:00+00:00,2026-01-10T03:00:00+00:00,turbine_2,33,0.472776948270924,0.0316666666666666,0.44111028160425736,0.01,10.16,-3.6,0.0,0.9769508118486631,True,open_meteo_previous_runs,72,2026-01-07T15:00:00+00:00,2025-12-31T18:00:00+00:00,192.0,2025-11-30T19:00:00+00:00,2025-12-31T19:00:00+00:00,0
2026-01-08T19:00:00+00:00,2026-01-10T04:00:00+00:00,turbine_2,34,0.4655210176876174,0.08,0.3855210176876174,0.01,9.81,-1.0,0.0,0.9696948812653565,True,open_meteo_previous_runs,72,2026-01-07T16:00:00+00:00,2025-12-31T18:00:00+00:00,192.0,2025-11-30T19:00:00+00:00,2025-12-31T19:00:00+00:00,0
2026-01-08T19:00:00+00:00,2026-01-10T05:00:00+00:00,turbine_2,35,0.49717904673513846,0.0349999999999999,0.46217904673513854,0.01,10.12,1.5,0.0,1.0,True,open_meteo_previous_runs,72,2026-01-07T17:00:00+00:00,2025-12-31T18:00:00+00:00,192.0,2025-11-30T19:00:00+00:00,2025-12-31T19:00:00+00:00,0
2026-01-08T19:00:00+00:00,2026-01-10T06:00:00+00:00,turbine_2,36,0.7350934488617233,0.09,0.6450934488617234,0.01,10.65,3.1,0.23091958528398426,1.0,True,open_meteo_previous_runs,72,2026-01-07T18:00:00+00:00,2025-12-31T18:00:00+00:00,192.0,2025-11-30T19:00:00+00:00,2025-12-31T19:00:00+00:00,0
2026-01-08T19:00:00+00:00,2026-01-10T07:00:00+00:00,turbine_2,37,0.5919180649940345,0.0499999999999999,0.5419180649940346,0.01,10.51,3.9,0.08774420141629546,1.0,True,open_meteo_previous_runs,72,2026-01-07T19:00:00+00:00,2025-12-31T18:00:00+00:00,192.0,2025-11-30T19:00:00+00:00,2025-12-31T19:00:00+00:00,0
2026-01-08T19:00:00+00:00,2026-01-10T08:00:00+00:00,turbine_2,38,0.5658060377960903,0.2433333333333333,0.322472704462757,0.01,10.2,4.4,0.06163217421835121,1.0,True,open_meteo_previous_runs,72,2026-01-07T20:00:00+00:00,2025-12-31T18:00:00+00:00,192.0,2025-11-30T19:00:00+00:00,2025-12-31T19:00:00+00:00,0
2026-01-08T19:00:00+00:00,2026-01-10T09:00:00+00:00,turbine_2,39,0.5692971665802011,0.1883333333333333,0.38096383324686783,0.01,10.06,4.4,0.06512330300246205,1.0,True,open_meteo_previous_runs,72,2026-01-07T21:00:00+00:00,2025-12-31T18:00:00+00:00,192.0,2025-11-30T19:00:00+00:00,2025-12-31T19:00:00+00:00,0
2026-01-08T19:00:00+00:00,2026-01-10T10:00:00+00:00,turbine_2,40,0.4876277954296247,0.21,0.2776277954296247,0.01,9.54,3.5,0.0,0.9918016590073637,True,open_meteo_previous_runs,72,2026-01-07T22:00:00+00:00,2025-12-31T18:00:00+00:00,192.0,2025-11-30T19:00:00+00:00,2025-12-31T19:00:00+00:00,0
2026-01-08T19:00:00+00:00,2026-01-10T11:00:00+00:00,turbine_2,41,0.5342670425828484,0.1666666666666666,0.3676003759161818,0.01,9.66,1.7,0.030093179005109327,1.0,True,open_meteo_previous_runs,72,2026-01-07T23:00:00+00:00,2025-12-31T18:00:00+00:00,192.0,2025-11-30T19:00:00+00:00,2025-12-31T19:00:00+00:00,0
2026-01-08T19:00:00+00:00,2026-01-10T12:00:00+00:00,turbine_2,42,0.5586150001347315,0.1616666666666666,0.3969483334680649,0.01,9.84,-0.0,0.05444113655699245,1.0,True,open_meteo_previous_runs,72,2026-01-08T00:00:00+00:00,2025-12-31T18:00:00+00:00,192.0,2025-11-30T19:00:00+00:00,2025-12-31T19:00:00+00:00,0
2026-01-08T19:00:00+00:00,2026-01-10T13:00:00+00:00,turbine_2,43,0.5725278929912738,0.4466666666666666,0.12586122632460722,0.01,9.97,-0.5,0.06835402941353474,1.0,True,open_meteo_previous_runs,72,2026-01-08T01:00:00+00:00,2025-12-31T18:00:00+00:00,192.0,2025-11-30T19:00:00+00:00,2025-12-31T19:00:00+00:00,0
2026-01-08T19:00:00+00:00,2026-01-10T14:00:00+00:00,turbine_2,44,0.5777500591995046,0.3916666666666666,0.186083392532838,0.01,9.98,-0.7,0.07357619562176554,1.0,True,open_meteo_previous_runs,72,2026-01-08T02:00:00+00:00,2025-12-31T18:00:00+00:00,192.0,2025-11-30T19:00:00+00:00,2025-12-31T19:00:00+00:00,0
2026-01-08T19:00:00+00:00,2026-01-10T15:00:00+00:00,turbine_2,45,0.5777500591995046,0.4983333333333333,0.07941672586617132,0.01,10.2,-0.8,0.07357619562176554,1.0,True,open_meteo_previous_runs,72,2026-01-08T03:00:00+00:00,2025-12-31T18:00:00+00:00,192.0,2025-11-30T19:00:00+00:00,2025-12-31T19:00:00+00:00,0
2026-01-08T19:00:00+00:00,2026-01-10T16:00:00+00:00,turbine_2,46,0.5729437298669311,0.5366666666666667,0.03627706320026436,0.01,10.11,-0.9,0.06876986628919202,1.0,True,open_meteo_previous_runs,72,2026-01-08T04:00:00+00:00,2025-12-31T18:00:00+00:00,192.0,2025-11-30T19:00:00+00:00,2025-12-31T19:00:00+00:00,0
2026-01-08T19:00:00+00:00,2026-01-10T17:00:00+00:00,turbine_2,47,0.7749202366229335,0.3066666666666667,0.4682535699562668,0.01,10.61,-0.9,0.27074637304519444,1.0,True,open_meteo_previous_runs,72,2026-01-08T05:00:00+00:00,2025-12-31T18:00:00+00:00,192.0,2025-11-30T19:00:00+00:00,2025-12-31T19:00:00+00:00,0
2026-01-08T19:00:00+00:00,2026-01-10T18:00:00+00:00,turbine_2,48,0.7878346907368579,0.4516666666666666,0.33616802407019125,0.01,10.74,-0.6,0.2836608271591188,1.0,True,open_meteo_previous_runs,72,2026-01-08T06:00:00+00:00,2025-12-31T18:00:00+00:00,192.0,2025-11-30T19:00:00+00:00,2025-12-31T19:00:00+00:00,0
2026-01-09T19:00:00+00:00,2026-01-09T19:00:00+00:00,turbine_2,1,0.3363349375803233,0.01,0.3263349375803233,0.01,7.29,-2.9,0.0,0.8623751974872328,True,open_meteo_previous_runs,72,2026-01-07T07:00:00+00:00,2025-12-31T18:00:00+00:00,216.0,2025-11-30T19:00:00+00:00,2025-12-31T19:00:00+00:00,0
2026-01-09T19:00:00+00:00,2026-01-09T20:00:00+00:00,turbine_2,2,0.3363349375803233,0.01,0.3263349375803233,0.01,7.78,-3.0,0.0,0.8623751974872328,True,open_meteo_previous_runs,72,2026-01-07T08:00:00+00:00,2025-12-31T18:00:00+00:00,216.0,2025-11-30T19:00:00+00:00,2025-12-31T19:00:00+00:00,0
2026-01-09T19:00:00+00:00,2026-01-09T21:00:00+00:00,turbine_2,3,0.3867097417264374,0.01,0.3767097417264374,0.01,8.54,-3.2,0.0,0.912750001633347,True,open_meteo_previous_runs,72,2026-01-07T09:00:00+00:00,2025-12-31T18:00:00+00:00,216.0,2025-11-30T19:00:00+00:00,2025-12-31T19:00:00+00:00,0
2026-01-09T19:00:00+00:00,2026-01-09T22:00:00+00:00,turbine_2,4,0.37525146345374083,0.01,0.3652514634537408,0.01,8.99,-3.5,0.0,0.9012917233606503,True,open_meteo_previous_runs,72,2026-01-07T10:00:00+00:00,2025-12-31T18:00:00+00:00,216.0,2025-11-30T19:00:00+00:00,2025-12-31T19:00:00+00:00,0
2026-01-09T19:00:00+00:00,2026-01-09T23:00:00+00:00,turbine_2,5,0.41931638248377656,0.01,0.40931638248377655,0.01,9.08,-3.7,0.0,0.9453566423906861,True,open_meteo_previous_runs,72,2026-01-07T11:00:00+00:00,2025-12-31T18:00:00+00:00,216.0,2025-11-30T19:00:00+00:00,2025-12-31T19:00:00+00:00,0
2026-01-09T19:00:00+00:00,2026-01-10T00:00:00+00:00,turbine_2,6,0.5212741848100035,0.0166666666666666,0.5046075181433369,0.01,10.47,-3.4,0.0,1.0,True,open_meteo_previous_runs,72,2026-01-07T12:00:00+00:00,2025-12-31T18:00:00+00:00,216.0,2025-11-30T19:00:00+00:00,2025-12-31T19:00:00+00:00,0
2026-01-09T19:00:00+00:00,2026-01-10T01:00:00+00:00,turbine_2,7,0.502206451919625,0.0433333333333333,0.4588731185862917,0.01,10.38,-3.8,0.0,1.0,True,open_meteo_previous_runs,72,2026-01-07T13:00:00+00:00,2025-12-31T18:00:00+00:00,216.0,2025-11-30T19:00:00+00:00,2025-12-31T19:00:00+00:00,0
2026-01-09T19:00:00+00:00,2026-01-10T02:00:00+00:00,turbine_2,8,0.47437067544710193,0.0349999999999999,0.439370675447102,0.01,10.15,-4.2,0.0,1.0,True,open_meteo_previous_runs,72,2026-01-07T14:00:00+00:00,2025-12-31T18:00:00+00:00,216.0,2025-11-30T19:00:00+00:00,2025-12-31T19:00:00+00:00,0
2026-01-09T19:00:00+00:00,2026-01-10T03:00:00+00:00,turbine_2,9,0.4750440963520294,0.0316666666666666,0.44337742968536276,0.01,10.16,-3.6,0.0,1.0,True,open_meteo_previous_runs,72,2026-01-07T15:00:00+00:00,2025-12-31T18:00:00+00:00,216.0,2025-11-30T19:00:00+00:00,2025-12-31T19:00:00+00:00,0
2026-01-09T19:00:00+00:00,2026-01-10T04:00:00+00:00,turbine_2,10,0.4655210176876174,0.08,0.3855210176876174,0.01,9.81,-1.0,0.0,0.9915612775945268,True,open_meteo_previous_runs,72,2026-01-07T16:00:00+00:00,2025-12-31T18:00:00+00:00,216.0,2025-11-30T19:00:00+00:00,2025-12-31T19:00:00+00:00,0
2026-01-09T19:00:00+00:00,2026-01-10T05:00:00+00:00,turbine_2,11,0.49717904673513846,0.0349999999999999,0.46217904673513854,0.01,10.12,1.5,0.0,1.0,True,open_meteo_previous_runs,72,2026-01-07T17:00:00+00:00,2025-12-31T18:00:00+00:00,216.0,2025-11-30T19:00:00+00:00,2025-12-31T19:00:00+00:00,0
2026-01-09T19:00:00+00:00,2026-01-10T06:00:00+00:00,turbine_2,12,0.7350934488617233,0.09,0.6450934488617234,0.01,10.65,3.1,0.20905318895481384,1.0,True,open_meteo_previous_runs,72,2026-01-07T18:00:00+00:00,2025-12-31T18:00:00+00:00,216.0,2025-11-30T19:00:00+00:00,2025-12-31T19:00:00+00:00,0
2026-01-09T19:00:00+00:00,2026-01-10T07:00:00+00:00,turbine_2,13,0.5919180649940345,0.0499999999999999,0.5419180649940346,0.01,10.51,3.9,0.06587780508712504,1.0,True,open_meteo_previous_runs,72,2026-01-07T19:00:00+00:00,2025-12-31T18:00:00+00:00,216.0,2025-11-30T19:00:00+00:00,2025-12-31T19:00:00+00:00,0
2026-01-09T19:00:00+00:00,2026-01-10T08:00:00+00:00,turbine_2,14,0.5658060377960903,0.2433333333333333,0.322472704462757,0.01,10.2,4.4,0.03976577788918079,1.0,True,open_meteo_previous_runs,72,2026-01-07T20:00:00+00:00,2025-12-31T18:00:00+00:00,216.0,2025-11-30T19:00:00+00:00,2025-12-31T19:00:00+00:00,0
2026-01-09T19:00:00+00:00,2026-01-10T09:00:00+00:00,turbine_2,15,0.5692971665802011,0.1883333333333333,0.38096383324686783,0.01,10.06,4.4,0.04325690667329163,1.0,True,open_meteo_previous_runs,72,2026-01-07T21:00:00+00:00,2025-12-31T18:00:00+00:00,216.0,2025-11-30T19:00:00+00:00,2025-12-31T19:00:00+00:00,0
2026-01-09T19:00:00+00:00,2026-01-10T10:00:00+00:00,turbine_2,16,0.4876277954296247,0.21,0.2776277954296247,0.01,9.54,3.5,0.0,1.0,True,open_meteo_previous_runs,72,2026-01-07T22:00:00+00:00,2025-12-31T18:00:00+00:00,216.0,2025-11-30T19:00:00+00:00,2025-12-31T19:00:00+00:00,0
2026-01-09T19:00:00+00:00,2026-01-10T11:00:00+00:00,turbine_2,17,0.5342670425828484,0.1666666666666666,0.3676003759161818,0.01,9.66,1.7,0.008226782675938904,1.0,True,open_meteo_previous_runs,72,2026-01-07T23:00:00+00:00,2025-12-31T18:00:00+00:00,216.0,2025-11-30T19:00:00+00:00,2025-12-31T19:00:00+00:00,0
2026-01-09T19:00:00+00:00,2026-01-10T12:00:00+00:00,turbine_2,18,0.5586150001347315,0.1616666666666666,0.3969483334680649,0.01,9.84,-0.0,0.03257474022782203,1.0,True,open_meteo_previous_runs,72,2026-01-08T00:00:00+00:00,2025-12-31T18:00:00+00:00,216.0,2025-11-30T19:00:00+00:00,2025-12-31T19:00:00+00:00,0
2026-01-09T19:00:00+00:00,2026-01-10T13:00:00+00:00,turbine_2,19,0.5725278929912738,0.4466666666666666,0.12586122632460722,0.01,9.97,-0.5,0.04648763308436432,1.0,True,open_meteo_previous_runs,72,2026-01-08T01:00:00+00:00,2025-12-31T18:00:00+00:00,216.0,2025-11-30T19:00:00+00:00,2025-12-31T19:00:00+00:00,0
2026-01-09T19:00:00+00:00,2026-01-10T14:00:00+00:00,turbine_2,20,0.5777500591995046,0.3916666666666666,0.186083392532838,0.01,9.98,-0.7,0.051709799292595116,1.0,True,open_meteo_previous_runs,72,2026-01-08T02:00:00+00:00,2025-12-31T18:00:00+00:00,216.0,2025-11-30T19:00:00+00:00,2025-12-31T19:00:00+00:00,0
2026-01-09T19:00:00+00:00,2026-01-10T15:00:00+00:00,turbine_2,21,0.5777500591995046,0.4983333333333333,0.07941672586617132,0.01,10.2,-0.8,0.051709799292595116,1.0,True,open_meteo_previous_runs,72,2026-01-08T03:00:00+00:00,2025-12-31T18:00:00+00:00,216.0,2025-11-30T19:00:00+00:00,2025-12-31T19:00:00+00:00,0
2026-01-09T19:00:00+00:00,2026-01-10T16:00:00+00:00,turbine_2,22,0.5729437298669311,0.5366666666666667,0.03627706320026436,0.01,10.11,-0.9,0.04690346996002159,1.0,True,open_meteo_previous_runs,72,2026-01-08T04:00:00+00:00,2025-12-31T18:00:00+00:00,216.0,2025-11-30T19:00:00+00:00,2025-12-31T19:00:00+00:00,0
2026-01-09T19:00:00+00:00,2026-01-10T17:00:00+00:00,turbine_2,23,0.7749202366229335,0.3066666666666667,0.4682535699562668,0.01,10.61,-0.9,0.24887997671602402,1.0,True,open_meteo_previous_runs,72,2026-01-08T05:00:00+00:00,2025-12-31T18:00:00+00:00,216.0,2025-11-30T19:00:00+00:00,2025-12-31T19:00:00+00:00,0
2026-01-09T19:00:00+00:00,2026-01-10T18:00:00+00:00,turbine_2,24,0.7878346907368579,0.4516666666666666,0.33616802407019125,0.01,10.74,-0.6,0.26179443082994835,1.0,True,open_meteo_previous_runs,72,2026-01-08T06:00:00+00:00,2025-12-31T18:00:00+00:00,216.0,2025-11-30T19:00:00+00:00,2025-12-31T19:00:00+00:00,0
2026-01-09T19:00:00+00:00,2026-01-10T19:00:00+00:00,turbine_2,25,0.7573505419690966,0.8716666666666667,-0.11431612469757013,0.01,11.36,-0.9,0.2531766783913575,1.0,True,open_meteo_previous_runs,72,2026-01-08T07:00:00+00:00,2025-12-31T18:00:00+00:00,216.0,2025-11-30T19:00:00+00:00,2025-12-31T19:00:00+00:00,0
2026-01-09T19:00:00+00:00,2026-01-10T20:00:00+00:00,turbine_2,26,0.7573505419690966,0.9183333333333332,-0.16098279136423665,0.01,11.59,-1.0,0.2531766783913575,1.0,True,open_meteo_previous_runs,72,2026-01-08T08:00:00+00:00,2025-12-31T18:00:00+00:00,216.0,2025-11-30T19:00:00+00:00,2025-12-31T19:00:00+00:00,0
2026-01-09T19:00:00+00:00,2026-01-10T21:00:00+00:00,turbine_2,27,0.7481738984709452,0.6933333333333334,0.05484056513761182,0.01,11.5,-1.2,0.2440000348932061,1.0,True,open_meteo_previous_runs,72,2026-01-08T09:00:00+00:00,2025-12-31T18:00:00+00:00,216.0,2025-11-30T19:00:00+00:00,2025-12-31T19:00:00+00:00,0
2026-01-09T19:00:00+00:00,2026-01-10T22:00:00+00:00,turbine_2,28,0.7481738984709452,0.6866666666666666,0.06150723180427853,0.01,11.55,-1.5,0.2440000348932061,1.0,True,open_meteo_previous_runs,72,2026-01-08T10:00:00+00:00,2025-12-31T18:00:00+00:00,216.0,2025-11-30T19:00:00+00:00,2025-12-31T19:00:00+00:00,0
2026-01-09T19:00:00+00:00,2026-01-10T23:00:00+00:00,turbine_2,29,0.7670580761343927,0.8233333333333334,-0.056275257198940665,0.01,11.96,-1.6,0.2628842125566536,1.0,True,open_meteo_previous_runs,72,2026-01-08T11:00:00+00:00,2025-12-31T18:00:00+00:00,216.0,2025-11-30T19:00:00+00:00,2025-12-31T19:00:00+00:00,0
2026-01-09T19:00:00+00:00,2026-01-11T00:00:00+00:00,turbine_2,30,0.7806654990326009,0.48,0.30066549903260087,0.01,12.79,-1.4,0.2764916354548618,1.0,True,open_meteo_previous_runs,72,2026-01-08T12:00:00+00:00,2025-12-31T18:00:00+00:00,216.0,2025-11-30T19:00:00+00:00,2025-12-31T19:00:00+00:00,0
2026-01-09T19:00:00+00:00,2026-01-11T01:00:00+00:00,turbine_2,31,0.8302377669899474,0.5533333333333333,0.2769044336566141,0.01,13.07,-1.2,0.32606390341220837,1.0,True,open_meteo_previous_runs,72,2026-01-08T13:00:00+00:00,2025-12-31T18:00:00+00:00,216.0,2025-11-30T19:00:00+00:00,2025-12-31T19:00:00+00:00,0
2026-01-09T19:00:00+00:00,2026-01-11T02:00:00+00:00,turbine_2,32,0.8314877163038356,0.445,0.38648771630383555,0.01,13.57,-1.3,0.3273138527260965,1.0,True,open_meteo_previous_runs,72,2026-01-08T14:00:00+00:00,2025-12-31T18:00:00+00:00,216.0,2025-11-30T19:00:00+00:00,2025-12-31T19:00:00+00:00,0
2026-01-09T19:00:00+00:00,2026-01-11T03:00:00+00:00,turbine_2,33,0.8538898147371143,0.2166666666666666,0.6372231480704478,0.01,14.07,-0.7,0.34971595115937526,1.0,True,open_meteo_previous_runs,72,2026-01-08T15:00:00+00:00,2025-12-31T18:00:00+00:00,216.0,2025-11-30T19:00:00+00:00,2025-12-31T19:00:00+00:00,0
2026-01-09T19:00:00+00:00,2026-01-11T04:00:00+00:00,turbine_2,34,0.86067670878215,0.3233333333333333,0.5373433754488166,0.01,14.2,1.1,0.3565028452044109,1.0,True,open_meteo_previous_runs,72,2026-01-08T16:00:00+00:00,2025-12-31T18:00:00+00:00,216.0,2025-11-30T19:00:00+00:00,2025-12-31T19:00:00+00:00,0
2026-01-09T19:00:00+00:00,2026-01-11T05:00:00+00:00,turbine_2,35,0.866430430661984,0.2633333333333333,0.6030970973286507,0.01,14.33,2.9,0.3622565670842449,1.0,True,open_meteo_previous_runs,72,2026-01-08T17:00:00+00:00,2025-12-31T18:00:00+00:00,216.0,2025-11-30T19:00:00+00:00,2025-12-31T19:00:00+00:00,0
2026-01-09T19:00:00+00:00,2026-01-11T06:00:00+00:00,turbine_2,36,0.9349159795023287,0.3966666666666666,0.5382493128356621,0.01,15.27,4.2,0.43074211592458966,1.0,True,open_meteo_previous_runs,72,2026-01-08T18:00:00+00:00,2025-12-31T18:00:00+00:00,216.0,2025-11-30T19:00:00+00:00,2025-12-31T19:00:00+00:00,0
2026-01-09T19:00:00+00:00,2026-01-11T07:00:00+00:00,turbine_2,37,0.9393787158423446,0.6766666666666666,0.2627120491756779,0.01,15.3,6.3,0.4352048522646055,1.0,True,open_meteo_previous_runs,72,2026-01-08T19:00:00+00:00,2025-12-31T18:00:00+00:00,216.0,2025-11-30T19:00:00+00:00,2025-12-31T19:00:00+00:00,0
2026-01-09T19:00:00+00:00,2026-01-11T08:00:00+00:00,turbine_2,38,0.9349159795023287,0.6016666666666667,0.33324931283566206,0.01,14.99,5.9,0.43074211592458966,1.0,True,open_meteo_previous_runs,72,2026-01-08T20:00:00+00:00,2025-12-31T18:00:00+00:00,216.0,2025-11-30T19:00:00+00:00,2025-12-31T19:00:00+00:00,0
2026-01-09T19:00:00+00:00,2026-01-11T09:00:00+00:00,turbine_2,39,0.9055533040520726,0.2749999999999999,0.6305533040520727,0.01,14.64,6.6,0.4013794404743335,1.0,True,open_meteo_previous_runs,72,2026-01-08T21:00:00+00:00,2025-12-31T18:00:00+00:00,216.0,2025-11-30T19:00:00+00:00,2025-12-31T19:00:00+00:00,0
2026-01-09T19:00:00+00:00,2026-01-11T10:00:00+00:00,turbine_2,40,0.861882756739211,0.2299999999999999,0.6318827567392111,0.01,14.23,6.0,0.3577088931614719,1.0,True,open_meteo_previous_runs,72,2026-01-08T22:00:00+00:00,2025-12-31T18:00:00+00:00,216.0,2025-11-30T19:00:00+00:00,2025-12-31T19:00:00+00:00,0
2026-01-09T19:00:00+00:00,2026-01-11T11:00:00+00:00,turbine_2,41,0.861882756739211,0.2283333333333333,0.6335494234058777,0.01,13.91,4.2,0.3577088931614719,1.0,True,open_meteo_previous_runs,72,2026-01-08T23:00:00+00:00,2025-12-31T18:00:00+00:00,216.0,2025-11-30T19:00:00+00:00,2025-12-31T19:00:00+00:00,0
2026-01-09T19:00:00+00:00,2026-01-11T12:00:00+00:00,turbine_2,42,0.7994076434541585,0.19,0.6094076434541584,0.01,12.45,3.4,0.2952337798764194,1.0,True,open_meteo_previous_runs,72,2026-01-09T00:00:00+00:00,2025-12-31T18:00:00+00:00,216.0,2025-11-30T19:00:00+00:00,2025-12-31T19:00:00+00:00,0
2026-01-09T19:00:00+00:00,2026-01-11T13:00:00+00:00,turbine_2,43,0.7973003046111213,0.4583333333333333,0.338966971277788,0.01,11.85,2.9,0.29312644103338226,1.0,True,open_meteo_previous_runs,72,2026-01-09T01:00:00+00:00,2025-12-31T18:00:00+00:00,216.0,2025-11-30T19:00:00+00:00,2025-12-31T19:00:00+00:00,0
2026-01-09T19:00:00+00:00,2026-01-11T14:00:00+00:00,turbine_2,44,0.8124788218252084,0.4616666666666666,0.35081215515854175,0.01,12.39,2.8,0.3083049582474693,1.0,True,open_meteo_previous_runs,72,2026-01-09T02:00:00+00:00,2025-12-31T18:00:00+00:00,216.0,2025-11-30T19:00:00+00:00,2025-12-31T19:00:00+00:00,0
2026-01-09T19:00:00+00:00,2026-01-11T15:00:00+00:00,turbine_2,45,0.8124788218252084,0.2866666666666667,0.5258121551585417,0.01,12.48,2.9,0.3083049582474693,1.0,True,open_meteo_previous_runs,72,2026-01-09T03:00:00+00:00,2025-12-31T18:00:00+00:00,216.0,2025-11-30T19:00:00+00:00,2025-12-31T19:00:00+00:00,0
2026-01-09T19:00:00+00:00,2026-01-11T16:00:00+00:00,turbine_2,46,0.8076724924926348,0.4916666666666667,0.31600582582596815,0.01,12.53,2.9,0.30349862891489576,1.0,True,open_meteo_previous_runs,72,2026-01-09T04:00:00+00:00,2025-12-31T18:00:00+00:00,216.0,2025-11-30T19:00:00+00:00,2025-12-31T19:00:00+00:00,0
2026-01-09T19:00:00+00:00,2026-01-11T17:00:00+00:00,turbine_2,47,0.7968450261373837,0.5183333333333334,0.2785116928040503,0.01,12.79,2.5,0.29267116255964465,1.0,True,open_meteo_previous_runs,72,2026-01-09T05:00:00+00:00,2025-12-31T18:00:00+00:00,216.0,2025-11-30T19:00:00+00:00,2025-12-31T19:00:00+00:00,0
2026-01-09T19:00:00+00:00,2026-01-11T18:00:00+00:00,turbine_2,48,0.7884887944406975,0.33,0.4584887944406975,0.01,12.49,1.6,0.28431493086295845,1.0,True,open_meteo_previous_runs,72,2026-01-09T06:00:00+00:00,2025-12-31T18:00:00+00:00,216.0,2025-11-30T19:00:00+00:00,2025-12-31T19:00:00+00:00,0
2026-01-10T19:00:00+00:00,2026-01-10T19:00:00+00:00,turbine_2,1,0.748658154518649,0.8716666666666667,-0.12300851214801767,0.01,11.36,-0.9,0.22261789461173953,1.0,True,open_meteo_previous_runs,72,2026-01-08T07:00:00+00:00,2025-12-31T18:00:00+00:00,240.0,2025-11-30T19:00:00+00:00,2025-12-31T19:00:00+00:00,0
2026-01-10T19:00:00+00:00,2026-01-10T20:00:00+00:00,turbine_2,2,0.748658154518649,0.9183333333333332,-0.1696751788146842,0.01,11.59,-1.0,0.22261789461173953,1.0,True,open_meteo_previous_runs,72,2026-01-08T08:00:00+00:00,2025-12-31T18:00:00+00:00,240.0,2025-11-30T19:00:00+00:00,2025-12-31T19:00:00+00:00,0
2026-01-10T19:00:00+00:00,2026-01-10T21:00:00+00:00,turbine_2,3,0.739371481421576,0.6933333333333334,0.04603814808824269,0.01,11.5,-1.2,0.21333122151466655,1.0,True,open_meteo_previous_runs,72,2026-01-08T09:00:00+00:00,2025-12-31T18:00:00+00:00,240.0,2025-11-30T19:00:00+00:00,2025-12-31T19:00:00+00:00,0
2026-01-10T19:00:00+00:00,2026-01-10T22:00:00+00:00,turbine_2,4,0.739371481421576,0.6866666666666666,0.0527048147549094,0.01,11.55,-1.5,0.21333122151466655,1.0,True,open_meteo_previous_runs,72,2026-01-08T10:00:00+00:00,2025-12-31T18:00:00+00:00,240.0,2025-11-30T19:00:00+00:00,2025-12-31T19:00:00+00:00,0
2026-01-10T19:00:00+00:00,2026-01-10T23:00:00+00:00,turbine_2,5,0.7584133451037639,0.8233333333333334,-0.06491998822956946,0.01,11.96,-1.6,0.2323730851968544,1.0,True,open_meteo_previous_runs,72,2026-01-08T11:00:00+00:00,2025-12-31T18:00:00+00:00,240.0,2025-11-30T19:00:00+00:00,2025-12-31T19:00:00+00:00,0
2026-01-10T19:00:00+00:00,2026-01-11T00:00:00+00:00,turbine_2,6,0.7720207680019721,0.48,0.2920207680019721,0.01,12.79,-1.4,0.24598050809506256,1.0,True,open_meteo_previous_runs,72,2026-01-08T12:00:00+00:00,2025-12-31T18:00:00+00:00,240.0,2025-11-30T19:00:00+00:00,2025-12-31T19:00:00+00:00,0
2026-01-10T19:00:00+00:00,2026-01-11T01:00:00+00:00,turbine_2,7,0.8215327993885063,0.5533333333333333,0.268199466055173,0.01,13.07,-1.2,0.2954925394815968,1.0,True,open_meteo_previous_runs,72,2026-01-08T13:00:00+00:00,2025-12-31T18:00:00+00:00,240.0,2025-11-30T19:00:00+00:00,2025-12-31T19:00:00+00:00,0
2026-01-10T19:00:00+00:00,2026-01-11T02:00:00+00:00,turbine_2,8,0.8230571886877613,0.445,0.37805718868776134,0.01,13.57,-1.3,0.29701692878085184,1.0,True,open_meteo_previous_runs,72,2026-01-08T14:00:00+00:00,2025-12-31T18:00:00+00:00,240.0,2025-11-30T19:00:00+00:00,2025-12-31T19:00:00+00:00,0
2026-01-10T19:00:00+00:00,2026-01-11T03:00:00+00:00,turbine_2,9,0.8461327080259676,0.2166666666666666,0.6294660413593011,0.01,14.07,-0.7,0.3200924481190581,1.0,True,open_meteo_previous_runs,72,2026-01-08T15:00:00+00:00,2025-12-31T18:00:00+00:00,240.0,2025-11-30T19:00:00+00:00,2025-12-31T19:00:00+00:00,0
2026-01-10T19:00:00+00:00,2026-01-11T04:00:00+00:00,turbine_2,10,0.86067670878215,0.3233333333333333,0.5373433754488166,0.01,14.2,1.1,0.33463644887524047,1.0,True,open_meteo_previous_runs,72,2026-01-08T16:00:00+00:00,2025-12-31T18:00:00+00:00,240.0,2025-11-30T19:00:00+00:00,2025-12-31T19:00:00+00:00,0
2026-01-10T19:00:00+00:00,2026-01-11T05:00:00+00:00,turbine_2,11,0.866430430661984,0.2633333333333333,0.6030970973286507,0.01,14.33,2.9,0.3403901707550745,1.0,True,open_meteo_previous_runs,72,2026-01-08T17:00:00+00:00,2025-12-31T18:00:00+00:00,240.0,2025-11-30T19:00:00+00:00,2025-12-31T19:00:00+00:00,0
2026-01-10T19:00:00+00:00,2026-01-11T06:00:00+00:00,turbine_2,12,0.9349159795023287,0.3966666666666666,0.5382493128356621,0.01,15.27,4.2,0.40887571959541924,1.0,True,open_meteo_previous_runs,72,2026-01-08T18:00:00+00:00,2025-12-31T18:00:00+00:00,240.0,2025-11-30T19:00:00+00:00,2025-12-31T19:00:00+00:00,0
2026-01-10T19:00:00+00:00,2026-01-11T07:00:00+00:00,turbine_2,13,0.9393787158423446,0.6766666666666666,0.2627120491756779,0.01,15.3,6.3,0.41333845593543506,1.0,True,open_meteo_previous_runs,72,2026-01-08T19:00:00+00:00,2025-12-31T18:00:00+00:00,240.0,2025-11-30T19:00:00+00:00,2025-12-31T19:00:00+00:00,0
2026-01-10T19:00:00+00:00,2026-01-11T08:00:00+00:00,turbine_2,14,0.9349159795023287,0.6016666666666667,0.33324931283566206,0.01,14.99,5.9,0.40887571959541924,1.0,True,open_meteo_previous_runs,72,2026-01-08T20:00:00+00:00,2025-12-31T18:00:00+00:00,240.0,2025-11-30T19:00:00+00:00,2025-12-31T19:00:00+00:00,0
2026-01-10T19:00:00+00:00,2026-01-11T09:00:00+00:00,turbine_2,15,0.9055533040520726,0.2749999999999999,0.6305533040520727,0.01,14.64,6.6,0.37951304414516307,1.0,True,open_meteo_previous_runs,72,2026-01-08T21:00:00+00:00,2025-12-31T18:00:00+00:00,240.0,2025-11-30T19:00:00+00:00,2025-12-31T19:00:00+00:00,0
2026-01-10T19:00:00+00:00,2026-01-11T10:00:00+00:00,turbine_2,16,0.861882756739211,0.2299999999999999,0.6318827567392111,0.01,14.23,6.0,0.3358424968323015,1.0,True,open_meteo_previous_runs,72,2026-01-08T22:00:00+00:00,2025-12-31T18:00:00+00:00,240.0,2025-11-30T19:00:00+00:00,2025-12-31T19:00:00+00:00,0
2026-01-10T19:00:00+00:00,2026-01-11T11:00:00+00:00,turbine_2,17,0.861882756739211,0.2283333333333333,0.6335494234058777,0.01,13.91,4.2,0.3358424968323015,1.0,True,open_meteo_previous_runs,72,2026-01-08T23:00:00+00:00,2025-12-31T18:00:00+00:00,240.0,2025-11-30T19:00:00+00:00,2025-12-31T19:00:00+00:00,0
2026-01-10T19:00:00+00:00,2026-01-11T12:00:00+00:00,turbine_2,18,0.7994076434541585,0.19,0.6094076434541584,0.01,12.45,3.4,0.273367383547249,1.0,True,open_meteo_previous_runs,72,2026-01-09T00:00:00+00:00,2025-12-31T18:00:00+00:00,240.0,2025-11-30T19:00:00+00:00,2025-12-31T19:00:00+00:00,0
2026-01-10T19:00:00+00:00,2026-01-11T13:00:00+00:00,turbine_2,19,0.7973003046111213,0.4583333333333333,0.338966971277788,0.01,11.85,2.9,0.27126004470421183,1.0,True,open_meteo_previous_runs,72,2026-01-09T01:00:00+00:00,2025-12-31T18:00:00+00:00,240.0,2025-11-30T19:00:00+00:00,2025-12-31T19:00:00+00:00,0
2026-01-10T19:00:00+00:00,2026-01-11T14:00:00+00:00,turbine_2,20,0.8124788218252084,0.4616666666666666,0.35081215515854175,0.01,12.39,2.8,0.28643856191829886,1.0,True,open_meteo_previous_runs,72,2026-01-09T02:00:00+00:00,2025-12-31T18:00:00+00:00,240.0,2025-11-30T19:00:00+00:00,2025-12-31T19:00:00+00:00,0
2026-01-10T19:00:00+00:00,2026-01-11T15:00:00+00:00,turbine_2,21,0.8124788218252084,0.2866666666666667,0.5258121551585417,0.01,12.48,2.9,0.28643856191829886,1.0,True,open_meteo_previous_runs,72,2026-01-09T03:00:00+00:00,2025-12-31T18:00:00+00:00,240.0,2025-11-30T19:00:00+00:00,2025-12-31T19:00:00+00:00,0
2026-01-10T19:00:00+00:00,2026-01-11T16:00:00+00:00,turbine_2,22,0.8076724924926348,0.4916666666666667,0.31600582582596815,0.01,12.53,2.9,0.28163223258572534,1.0,True,open_meteo_previous_runs,72,2026-01-09T04:00:00+00:00,2025-12-31T18:00:00+00:00,240.0,2025-11-30T19:00:00+00:00,2025-12-31T19:00:00+00:00,0
2026-01-10T19:00:00+00:00,2026-01-11T17:00:00+00:00,turbine_2,23,0.7968450261373837,0.5183333333333334,0.2785116928040503,0.01,12.79,2.5,0.2708047662304742,1.0,True,open_meteo_previous_runs,72,2026-01-09T05:00:00+00:00,2025-12-31T18:00:00+00:00,240.0,2025-11-30T19:00:00+00:00,2025-12-31T19:00:00+00:00,0
2026-01-10T19:00:00+00:00,2026-01-11T18:00:00+00:00,turbine_2,24,0.7884887944406975,0.33,0.4584887944406975,0.01,12.49,1.6,0.262448534533788,1.0,True,open_meteo_previous_runs,72,2026-01-09T06:00:00+00:00,2025-12-31T18:00:00+00:00,240.0,2025-11-30T19:00:00+00:00,2025-12-31T19:00:00+00:00,0
2026-01-10T19:00:00+00:00,2026-01-11T19:00:00+00:00,turbine_2,25,0.7079278164183177,0.49,0.2179278164183177,0.01,12.16,1.1,0.20375395284057862,1.0,True,open_meteo_previous_runs,72,2026-01-09T07:00:00+00:00,2025-12-31T18:00:00+00:00,240.0,2025-11-30T19:00:00+00:00,2025-12-31T19:00:00+00:00,0
2026-01-10T19:00:00+00:00,2026-01-11T20:00:00+00:00,turbine_2,26,0.67187508781279,0.3933333333333333,0.2785417544794567,0.01,11.65,0.5,0.16770122423505096,1.0,True,open_meteo_previous_runs,72,2026-01-09T08:00:00+00:00,2025-12-31T18:00:00+00:00,240.0,2025-11-30T19:00:00+00:00,2025-12-31T19:00:00+00:00,0
2026-01-10T19:00:00+00:00,2026-01-11T21:00:00+00:00,turbine_2,27,0.23438350169978484,0.0466666666666666,0.18771683503311823,0.01,9.53,-0.5,0.0,0.7385573652775239,True,open_meteo_previous_runs,72,2026-01-09T09:00:00+00:00,2025-12-31T18:00:00+00:00,240.0,2025-11-30T19:00:00+00:00,2025-12-31T19:00:00+00:00,0
2026-01-10T19:00:00+00:00,2026-01-11T22:00:00+00:00,turbine_2,28,0.12395351485964679,0.01,0.11395351485964679,0.01,7.13,-1.2,0.0,0.6281273784373859,True,open_meteo_previous_runs,72,2026-01-09T10:00:00+00:00,2025-12-31T18:00:00+00:00,240.0,2025-11-30T19:00:00+00:00,2025-12-31T19:00:00+00:00,0
2026-01-10T19:00:00+00:00,2026-01-11T23:00:00+00:00,turbine_2,29,0.1409298271552238,0.0116666666666666,0.1292631604885572,0.01,4.96,-0.5,0.0,0.6451036907329629,True,open_meteo_previous_runs,72,2026-01-09T11:00:00+00:00,2025-12-31T18:00:00+00:00,240.0,2025-11-30T19:00:00+00:00,2025-12-31T19:00:00+00:00,0
2026-01-10T19:00:00+00:00,2026-01-12T00:00:00+00:00,turbine_2,30,0.10812353788582589,0.01,0.0981235378858259,0.01,2.82,-0.4,0.0,0.6122974014635649,True,open_meteo_previous_runs,72,2026-01-09T12:00:00+00:00,2025-12-31T18:00:00+00:00,240.0,2025-11-30T19:00:00+00:00,2025-12-31T19:00:00+00:00,0
2026-01-10T19:00:00+00:00,2026-01-12T01:00:00+00:00,turbine_2,31,0.1060713088018354,0.01,0.09607130880183541,0.01,2.64,0.3,0.0,0.6102451723795745,True,open_meteo_previous_runs,72,2026-01-09T13:00:00+00:00,2025-12-31T18:00:00+00:00,240.0,2025-11-30T19:00:00+00:00,2025-12-31T19:00:00+00:00,0
2026-01-10T19:00:00+00:00,2026-01-12T02:00:00+00:00,turbine_2,32,0.10358512957762897,0.01,0.09358512957762898,0.01,1.46,1.4,0.0,0.6077589931553681,True,open_meteo_previous_runs,72,2026-01-09T14:00:00+00:00,2025-12-31T18:00:00+00:00,240.0,2025-11-30T19:00:00+00:00,2025-12-31T19:00:00+00:00,0
2026-01-10T19:00:00+00:00,2026-01-12T03:00:00+00:00,turbine_2,33,0.10313237664163916,0.01,0.09313237664163916,0.01,2.64,2.4,0.0,0.6073062402193783,True,open_meteo_previous_runs,72,2026-01-09T15:00:00+00:00,2025-12-31T18:00:00+00:00,240.0,2025-11-30T19:00:00+00:00,2025-12-31T19:00:00+00:00,0
2026-01-10T19:00:00+00:00,2026-01-12T04:00:00+00:00,turbine_2,34,0.15120297148167655,0.01,0.14120297148167654,0.01,4.57,3.7,0.0,0.6553768350594156,True,open_meteo_previous_runs,72,2026-01-09T16:00:00+00:00,2025-12-31T18:00:00+00:00,240.0,2025-11-30T19:00:00+00:00,2025-12-31T19:00:00+00:00,0
2026-01-10T19:00:00+00:00,2026-01-12T05:00:00+00:00,turbine_2,35,0.1617125420833734,0.01,0.1517125420833734,0.01,5.44,4.7,0.0,0.6658864056611125,True,open_meteo_previous_runs,72,2026-01-09T17:00:00+00:00,2025-12-31T18:00:00+00:00,240.0,2025-11-30T19:00:00+00:00,2025-12-31T19:00:00+00:00,0
2026-01-10T19:00:00+00:00,2026-01-12T06:00:00+00:00,turbine_2,36,0.19223183447556447,0.01,0.18223183447556446,0.01,5.54,5.1,0.0,0.6964056980533035,True,open_meteo_previous_runs,72,2026-01-09T18:00:00+00:00,2025-12-31T18:00:00+00:00,240.0,2025-11-30T19:00:00+00:00,2025-12-31T19:00:00+00:00,0
2026-01-10T19:00:00+00:00,2026-01-12T07:00:00+00:00,turbine_2,37,0.19858311462464628,0.0083333333333333,0.19024978129131298,0.01,6.33,5.9,0.0,0.7027569782023854,True,open_meteo_previous_runs,72,2026-01-09T19:00:00+00:00,2025-12-31T18:00:00+00:00,240.0,2025-11-30T19:00:00+00:00,2025-12-31T19:00:00+00:00,0
2026-01-10T19:00:00+00:00,2026-01-12T08:00:00+00:00,turbine_2,38,0.2643427488765616,0.1033333333333333,0.1610094155432283,0.01,8.68,7.6,0.0,0.7685166124543007,True,open_meteo_previous_runs,72,2026-01-09T20:00:00+00:00,2025-12-31T18:00:00+00:00,240.0,2025-11-30T19:00:00+00:00,2025-12-31T19:00:00+00:00,0
2026-01-10T19:00:00+00:00,2026-01-12T09:00:00+00:00,turbine_2,39,0.746747759067184,0.19,0.5567477590671841,0.01,11.72,8.2,0.24257389548944497,1.0,True,open_meteo_previous_runs,72,2026-01-09T21:00:00+00:00,2025-12-31T18:00:00+00:00,240.0,2025-11-30T19:00:00+00:00,2025-12-31T19:00:00+00:00,0
2026-01-10T19:00:00+00:00,2026-01-12T10:00:00+00:00,turbine_2,40,0.7074266234414595,0.0666666666666666,0.6407599567747928,0.01,11.42,7.8,0.20325275986372038,1.0,True,open_meteo_previous_runs,72,2026-01-09T22:00:00+00:00,2025-12-31T18:00:00+00:00,240.0,2025-11-30T19:00:00+00:00,2025-12-31T19:00:00+00:00,0
2026-01-10T19:00:00+00:00,2026-01-12T11:00:00+00:00,turbine_2,41,0.6532468954647734,0.1366666666666666,0.5165802287981068,0.01,10.91,6.8,0.14907303188703436,1.0,True,open_meteo_previous_runs,72,2026-01-09T23:00:00+00:00,2025-12-31T18:00:00+00:00,240.0,2025-11-30T19:00:00+00:00,2025-12-31T19:00:00+00:00,0
2026-01-10T19:00:00+00:00,2026-01-12T12:00:00+00:00,turbine_2,42,0.23612723282346285,0.5816666666666667,-0.34553943384320385,0.01,8.64,6.1,0.0,0.7403010964012019,True,open_meteo_previous_runs,72,2026-01-10T00:00:00+00:00,2025-12-31T18:00:00+00:00,240.0,2025-11-30T19:00:00+00:00,2025-12-31T19:00:00+00:00,0
2026-01-10T19:00:00+00:00,2026-01-12T13:00:00+00:00,turbine_2,43,0.20407706036341036,0.6233333333333334,-0.41925627296992307,0.01,7.31,6.4,0.0,0.7082509239411494,True,open_meteo_previous_runs,72,2026-01-10T01:00:00+00:00,2025-12-31T18:00:00+00:00,240.0,2025-11-30T19:00:00+00:00,2025-12-31T19:00:00+00:00,0
2026-01-10T19:00:00+00:00,2026-01-12T14:00:00+00:00,turbine_2,44,0.20166981086601918,0.59,-0.38833018913398076,0.01,5.89,6.5,0.0,0.7058436744437583,True,open_meteo_previous_runs,72,2026-01-10T02:00:00+00:00,2025-12-31T18:00:00+00:00,240.0,2025-11-30T19:00:00+00:00,2025-12-31T19:00:00+00:00,0
2026-01-10T19:00:00+00:00,2026-01-12T15:00:00+00:00,turbine_2,45,0.19927824185168874,0.5683333333333334,-0.3690550914816446,0.01,5.16,6.1,0.0,0.7034521054294278,True,open_meteo_previous_runs,72,2026-01-10T03:00:00+00:00,2025-12-31T18:00:00+00:00,240.0,2025-11-30T19:00:00+00:00,2025-12-31T19:00:00+00:00,0
2026-01-10T19:00:00+00:00,2026-01-12T16:00:00+00:00,turbine_2,46,0.15370766289398682,0.285,-0.13129233710601315,0.01,3.04,6.1,0.0,0.6578815264717259,True,open_meteo_previous_runs,72,2026-01-10T04:00:00+00:00,2025-12-31T18:00:00+00:00,240.0,2025-11-30T19:00:00+00:00,2025-12-31T19:00:00+00:00,0
2026-01-10T19:00:00+00:00,2026-01-12T17:00:00+00:00,turbine_2,47,0.11702198190640274,0.2666666666666666,-0.14964468476026388,0.01,0.1,5.0,0.0,0.6211958454841419,True,open_meteo_previous_runs,72,2026-01-10T05:00:00+00:00,2025-12-31T18:00:00+00:00,240.0,2025-11-30T19:00:00+00:00,2025-12-31T19:00:00+00:00,0
2026-01-10T19:00:00+00:00,2026-01-12T18:00:00+00:00,turbine_2,48,0.13924307660662025,0.115,0.024243076606620242,0.01,1.44,3.1,0.0,0.6434169401843594,True,open_meteo_previous_runs,72,2026-01-10T06:00:00+00:00,2025-12-31T18:00:00+00:00,240.0,2025-11-30T19:00:00+00:00,2025-12-31T19:00:00+00:00,0
2026-01-11T19:00:00+00:00,2026-01-11T19:00:00+00:00,turbine_2,1,0.6992354289678702,0.49,0.20923542896787017,0.01,12.16,1.1,0.17319516906096066,1.0,True,open_meteo_previous_runs,72,2026-01-09T07:00:00+00:00,2025-12-31T18:00:00+00:00,264.0,2025-11-30T19:00:00+00:00,2025-12-31T19:00:00+00:00,0
2026-01-11T19:00:00+00:00,2026-01-11T20:00:00+00:00,turbine_2,2,0.6631827003623425,0.3933333333333333,0.2698493670290092,0.01,11.65,0.5,0.137142440455433,1.0,True,open_meteo_previous_runs,72,2026-01-09T08:00:00+00:00,2025-12-31T18:00:00+00:00,264.0,2025-11-30T19:00:00+00:00,2025-12-31T19:00:00+00:00,0
2026-01-11T19:00:00+00:00,2026-01-11T21:00:00+00:00,turbine_2,3,0.23113042554352498,0.0466666666666666,0.18446375887685837,0.01,9.53,-0.5,0.0,0.7571706854504345,True,open_meteo_previous_runs,72,2026-01-09T09:00:00+00:00,2025-12-31T18:00:00+00:00,264.0,2025-11-30T19:00:00+00:00,2025-12-31T19:00:00+00:00,0
2026-01-11T19:00:00+00:00,2026-01-11T22:00:00+00:00,turbine_2,4,0.12561051870600967,0.01,0.11561051870600968,0.01,7.13,-1.2,0.0,0.6516507786129192,True,open_meteo_previous_runs,72,2026-01-09T10:00:00+00:00,2025-12-31T18:00:00+00:00,264.0,2025-11-30T19:00:00+00:00,2025-12-31T19:00:00+00:00,0
2026-01-11T19:00:00+00:00,2026-01-11T23:00:00+00:00,turbine_2,5,0.14004220283574192,0.0116666666666666,0.12837553616907532,0.01,4.96,-0.5,0.0,0.6660824627426514,True,open_meteo_previous_runs,72,2026-01-09T11:00:00+00:00,2025-12-31T18:00:00+00:00,264.0,2025-11-30T19:00:00+00:00,2025-12-31T19:00:00+00:00,0
2026-01-11T19:00:00+00:00,2026-01-12T00:00:00+00:00,turbine_2,6,0.10723591356634399,0.01,0.09723591356634399,0.01,2.82,-0.4,0.0,0.6332761734732535,True,open_meteo_previous_runs,72,2026-01-09T12:00:00+00:00,2025-12-31T18:00:00+00:00,264.0,2025-11-30T19:00:00+00:00,2025-12-31T19:00:00+00:00,0
2026-01-11T19:00:00+00:00,2026-01-12T01:00:00+00:00,turbine_2,7,0.105123447911541,0.01,0.09512344791154101,0.01,2.64,0.3,0.0,0.6311637078184505,True,open_meteo_previous_runs,72,2026-01-09T13:00:00+00:00,2025-12-31T18:00:00+00:00,264.0,2025-11-30T19:00:00+00:00,2025-12-31T19:00:00+00:00,0
2026-01-11T19:00:00+00:00,2026-01-12T02:00:00+00:00,turbine_2,8,0.10291170867270152,0.01,0.09291170867270153,0.01,1.46,1.4,0.0,0.628951968579611,True,open_meteo_previous_runs,72,2026-01-09T14:00:00+00:00,2025-12-31T18:00:00+00:00,264.0,2025-11-30T19:00:00+00:00,2025-12-31T19:00:00+00:00,0
2026-01-11T19:00:00+00:00,2026-01-12T03:00:00+00:00,turbine_2,9,0.10313237664163916,0.01,0.09313237664163916,0.01,2.64,2.4,0.0,0.6291726365485486,True,open_meteo_previous_runs,72,2026-01-09T15:00:00+00:00,2025-12-31T18:00:00+00:00,264.0,2025-11-30T19:00:00+00:00,2025-12-31T19:00:00+00:00,0
2026-01-11T19:00:00+00:00,2026-01-12T04:00:00+00:00,turbine_2,10,0.15120297148167655,0.01,0.14120297148167654,0.01,4.57,3.7,0.0,0.6772432313885861,True,open_meteo_previous_runs,72,2026-01-09T16:00:00+00:00,2025-12-31T18:00:00+00:00,264.0,2025-11-30T19:00:00+00:00,2025-12-31T19:00:00+00:00,0
2026-01-11T19:00:00+00:00,2026-01-12T05:00:00+00:00,turbine_2,11,0.1617125420833734,0.01,0.1517125420833734,0.01,5.44,4.7,0.0,0.6877528019902829,True,open_meteo_previous_runs,72,2026-01-09T17:00:00+00:00,2025-12-31T18:00:00+00:00,264.0,2025-11-30T19:00:00+00:00,2025-12-31T19:00:00+00:00,0
2026-01-11T19:00:00+00:00,2026-01-12T06:00:00+00:00,turbine_2,12,0.19223183447556447,0.01,0.18223183447556446,0.01,5.54,5.1,0.0,0.718272094382474,True,open_meteo_previous_runs,72,2026-01-09T18:00:00+00:00,2025-12-31T18:00:00+00:00,264.0,2025-11-30T19:00:00+00:00,2025-12-31T19:00:00+00:00,0
2026-01-11T19:00:00+00:00,2026-01-12T07:00:00+00:00,turbine_2,13,0.19858311462464628,0.0083333333333333,0.19024978129131298,0.01,6.33,5.9,0.0,0.7246233745315558,True,open_meteo_previous_runs,72,2026-01-09T19:00:00+00:00,2025-12-31T18:00:00+00:00,264.0,2025-11-30T19:00:00+00:00,2025-12-31T19:00:00+00:00,0
2026-01-11T19:00:00+00:00,2026-01-12T08:00:00+00:00,turbine_2,14,0.2643427488765616,0.1033333333333333,0.1610094155432283,0.01,8.68,7.6,0.0,0.7903830087834711,True,open_meteo_previous_runs,72,2026-01-09T20:00:00+00:00,2025-12-31T18:00:00+00:00,264.0,2025-11-30T19:00:00+00:00,2025-12-31T19:00:00+00:00,0
2026-01-11T19:00:00+00:00,2026-01-12T09:00:00+00:00,turbine_2,15,0.746747759067184,0.19,0.5567477590671841,0.01,11.72,8.2,0.22070749916027455,1.0,True,open_meteo_previous_runs,72,2026-01-09T21:00:00+00:00,2025-12-31T18:00:00+00:00,264.0,2025-11-30T19:00:00+00:00,2025-12-31T19:00:00+00:00,0
2026-01-11T19:00:00+00:00,2026-01-12T10:00:00+00:00,turbine_2,16,0.7074266234414595,0.0666666666666666,0.6407599567747928,0.01,11.42,7.8,0.18138636353454995,1.0,True,open_meteo_previous_runs,72,2026-01-09T22:00:00+00:00,2025-12-31T18:00:00+00:00,264.0,2025-11-30T19:00:00+00:00,2025-12-31T19:00:00+00:00,0
2026-01-11T19:00:00+00:00,2026-01-12T11:00:00+00:00,turbine_2,17,0.6532468954647734,0.1366666666666666,0.5165802287981068,0.01,10.91,6.8,0.12720663555786393,1.0,True,open_meteo_previous_runs,72,2026-01-09T23:00:00+00:00,2025-12-31T18:00:00+00:00,264.0,2025-11-30T19:00:00+00:00,2025-12-31T19:00:00+00:00,0
2026-01-11T19:00:00+00:00,2026-01-12T12:00:00+00:00,turbine_2,18,0.23612723282346285,0.5816666666666667,-0.34553943384320385,0.01,8.64,6.1,0.0,0.7621674927303723,True,open_meteo_previous_runs,72,2026-01-10T00:00:00+00:00,2025-12-31T18:00:00+00:00,264.0,2025-11-30T19:00:00+00:00,2025-12-31T19:00:00+00:00,0
2026-01-11T19:00:00+00:00,2026-01-12T13:00:00+00:00,turbine_2,19,0.20407706036341036,0.6233333333333334,-0.41925627296992307,0.01,7.31,6.4,0.0,0.7301173202703198,True,open_meteo_previous_runs,72,2026-01-10T01:00:00+00:00,2025-12-31T18:00:00+00:00,264.0,2025-11-30T19:00:00+00:00,2025-12-31T19:00:00+00:00,0
2026-01-11T19:00:00+00:00,2026-01-12T14:00:00+00:00,turbine_2,20,0.20166981086601918,0.59,-0.38833018913398076,0.01,5.89,6.5,0.0,0.7277100707729287,True,open_meteo_previous_runs,72,2026-01-10T02:00:00+00:00,2025-12-31T18:00:00+00:00,264.0,2025-11-30T19:00:00+00:00,2025-12-31T19:00:00+00:00,0
2026-01-11T19:00:00+00:00,2026-01-12T15:00:00+00:00,turbine_2,21,0.19927824185168874,0.5683333333333334,-0.3690550914816446,0.01,5.16,6.1,0.0,0.7253185017585982,True,open_meteo_previous_runs,72,2026-01-10T03:00:00+00:00,2025-12-31T18:00:00+00:00,264.0,2025-11-30T19:00:00+00:00,2025-12-31T19:00:00+00:00,0
2026-01-11T19:00:00+00:00,2026-01-12T16:00:00+00:00,turbine_2,22,0.15370766289398682,0.285,-0.13129233710601315,0.01,3.04,6.1,0.0,0.6797479228008964,True,open_meteo_previous_runs,72,2026-01-10T04:00:00+00:00,2025-12-31T18:00:00+00:00,264.0,2025-11-30T19:00:00+00:00,2025-12-31T19:00:00+00:00,0
2026-01-11T19:00:00+00:00,2026-01-12T17:00:00+00:00,turbine_2,23,0.11702198190640274,0.2666666666666666,-0.14964468476026388,0.01,0.1,5.0,0.0,0.6430622418133123,True,open_meteo_previous_runs,72,2026-01-10T05:00:00+00:00,2025-12-31T18:00:00+00:00,264.0,2025-11-30T19:00:00+00:00,2025-12-31T19:00:00+00:00,0
2026-01-11T19:00:00+00:00,2026-01-12T18:00:00+00:00,turbine_2,24,0.13924307660662025,0.115,0.024243076606620242,0.01,1.44,3.1,0.0,0.6652833365135298,True,open_meteo_previous_runs,72,2026-01-10T06:00:00+00:00,2025-12-31T18:00:00+00:00,264.0,2025-11-30T19:00:00+00:00,2025-12-31T19:00:00+00:00,0
2026-01-11T19:00:00+00:00,2026-01-12T19:00:00+00:00,turbine_2,25,0.17625764625119153,0.2216666666666666,-0.045409020415475065,0.01,3.99,2.5,0.0,0.6804315098289306,True,open_meteo_previous_runs,72,2026-01-10T07:00:00+00:00,2025-12-31T18:00:00+00:00,264.0,2025-11-30T19:00:00+00:00,2025-12-31T19:00:00+00:00,0
2026-01-11T19:00:00+00:00,2026-01-12T20:00:00+00:00,turbine_2,26,0.17418628751346504,0.1383333333333333,0.035852954180131735,0.01,5.53,2.2,0.0,0.6783601510912041,True,open_meteo_previous_runs,72,2026-01-10T08:00:00+00:00,2025-12-31T18:00:00+00:00,264.0,2025-11-30T19:00:00+00:00,2025-12-31T19:00:00+00:00,0
2026-01-11T19:00:00+00:00,2026-01-12T21:00:00+00:00,turbine_2,27,0.14935649164400713,0.145,0.004356491644007143,0.01,5.2,2.2,0.0,0.6535303552217462,True,open_meteo_previous_runs,72,2026-01-10T09:00:00+00:00,2025-12-31T18:00:00+00:00,264.0,2025-11-30T19:00:00+00:00,2025-12-31T19:00:00+00:00,0
2026-01-11T19:00:00+00:00,2026-01-12T22:00:00+00:00,turbine_2,28,0.14810712332537718,0.2233333333333333,-0.07522621000795612,0.01,5.73,1.4,0.0,0.6522809869031163,True,open_meteo_previous_runs,72,2026-01-10T10:00:00+00:00,2025-12-31T18:00:00+00:00,264.0,2025-11-30T19:00:00+00:00,2025-12-31T19:00:00+00:00,0
2026-01-11T19:00:00+00:00,2026-01-12T23:00:00+00:00,turbine_2,29,0.13909108702847958,0.1716666666666666,-0.032575579638187024,0.01,6.58,0.8,0.0,0.6432649506062187,True,open_meteo_previous_runs,72,2026-01-10T11:00:00+00:00,2025-12-31T18:00:00+00:00,264.0,2025-11-30T19:00:00+00:00,2025-12-31T19:00:00+00:00,0
2026-01-11T19:00:00+00:00,2026-01-13T00:00:00+00:00,turbine_2,30,0.1385607397239685,0.0483333333333333,0.09022740639063521,0.01,4.72,2.0,0.0,0.6427346033017076,True,open_meteo_previous_runs,72,2026-01-10T12:00:00+00:00,2025-12-31T18:00:00+00:00,264.0,2025-11-30T19:00:00+00:00,2025-12-31T19:00:00+00:00,0
2026-01-11T19:00:00+00:00,2026-01-13T01:00:00+00:00,turbine_2,31,0.12645458135020127,0.0083333333333333,0.11812124801686796,0.01,4.85,2.7,0.0,0.6306284449279403,True,open_meteo_previous_runs,72,2026-01-10T13:00:00+00:00,2025-12-31T18:00:00+00:00,264.0,2025-11-30T19:00:00+00:00,2025-12-31T19:00:00+00:00,0
2026-01-11T19:00:00+00:00,2026-01-13T02:00:00+00:00,turbine_2,32,0.12422728199413861,0.0216666666666666,0.10256061532747202,0.01,4.98,1.8,0.0,0.6284011455718777,True,open_meteo_previous_runs,72,2026-01-10T14:00:00+00:00,2025-12-31T18:00:00+00:00,264.0,2025-11-30T19:00:00+00:00,2025-12-31T19:00:00+00:00,0
2026-01-11T19:00:00+00:00,2026-01-13T03:00:00+00:00,turbine_2,33,0.12514291399099847,0.11,0.015142913990998472,0.01,4.62,1.8,0.0,0.6293167775687376,True,open_meteo_previous_runs,72,2026-01-10T15:00:00+00:00,2025-12-31T18:00:00+00:00,264.0,2025-11-30T19:00:00+00:00,2025-12-31T19:00:00+00:00,0
2026-01-11T19:00:00+00:00,2026-01-13T04:00:00+00:00,turbine_2,34,0.13522703310690354,0.1116666666666666,0.023560366440236943,0.01,4.84,2.7,0.0,0.6394008966846426,True,open_meteo_previous_runs,72,2026-01-10T16:00:00+00:00,2025-12-31T18:00:00+00:00,264.0,2025-11-30T19:00:00+00:00,2025-12-31T19:00:00+00:00,0
2026-01-11T19:00:00+00:00,2026-01-13T05:00:00+00:00,turbine_2,35,0.1617125420833734,0.1683333333333333,-0.006620791249959901,0.01,5.07,4.8,0.0,0.6658864056611125,True,open_meteo_previous_runs,72,2026-01-10T17:00:00+00:00,2025-12-31T18:00:00+00:00,264.0,2025-11-30T19:00:00+00:00,2025-12-31T19:00:00+00:00,0
2026-01-11T19:00:00+00:00,2026-01-13T06:00:00+00:00,turbine_2,36,0.2121568634092079,0.2333333333333333,-0.02117646992412542,0.01,5.09,6.5,0.0,0.716330726986947,True,open_meteo_previous_runs,72,2026-01-10T18:00:00+00:00,2025-12-31T18:00:00+00:00,264.0,2025-11-30T19:00:00+00:00,2025-12-31T19:00:00+00:00,0
2026-01-11T19:00:00+00:00,2026-01-13T07:00:00+00:00,turbine_2,37,0.2121568634092079,0.5033333333333333,-0.2911764699241254,0.01,5.07,7.6,0.0,0.716330726986947,True,open_meteo_previous_runs,72,2026-01-10T19:00:00+00:00,2025-12-31T18:00:00+00:00,264.0,2025-11-30T19:00:00+00:00,2025-12-31T19:00:00+00:00,0
2026-01-11T19:00:00+00:00,2026-01-13T08:00:00+00:00,turbine_2,38,0.21454843242353822,0.7066666666666667,-0.49211823424312845,0.01,6.35,8.0,0.0,0.7187222960012773,True,open_meteo_previous_runs,72,2026-01-10T20:00:00+00:00,2025-12-31T18:00:00+00:00,264.0,2025-11-30T19:00:00+00:00,2025-12-31T19:00:00+00:00,0
2026-01-11T19:00:00+00:00,2026-01-13T09:00:00+00:00,turbine_2,39,0.22326787517278024,0.8166666666666668,-0.5933987914938865,0.01,7.08,7.1,0.0,0.7274417387505193,True,open_meteo_previous_runs,72,2026-01-10T21:00:00+00:00,2025-12-31T18:00:00+00:00,264.0,2025-11-30T19:00:00+00:00,2025-12-31T19:00:00+00:00,0
2026-01-11T19:00:00+00:00,2026-01-13T10:00:00+00:00,turbine_2,40,0.1867549010029972,0.9833333333333334,-0.7965784323303362,0.01,7.18,7.3,0.0,0.6909287645807363,True,open_meteo_previous_runs,72,2026-01-10T22:00:00+00:00,2025-12-31T18:00:00+00:00,264.0,2025-11-30T19:00:00+00:00,2025-12-31T19:00:00+00:00,0
2026-01-11T19:00:00+00:00,2026-01-13T11:00:00+00:00,turbine_2,41,0.23132090349088935,0.9883333333333332,-0.7570124298424439,0.01,8.6,5.0,0.0,0.7354947670686285,True,open_meteo_previous_runs,72,2026-01-10T23:00:00+00:00,2025-12-31T18:00:00+00:00,264.0,2025-11-30T19:00:00+00:00,2025-12-31T19:00:00+00:00,0
2026-01-11T19:00:00+00:00,2026-01-13T12:00:00+00:00,turbine_2,42,0.6153680541229016,0.99,-0.37463194587709836,0.01,10.64,3.8,0.11119419054516255,1.0,True,open_meteo_previous_runs,72,2026-01-11T00:00:00+00:00,2025-12-31T18:00:00+00:00,264.0,2025-11-30T19:00:00+00:00,2025-12-31T19:00:00+00:00,0
2026-01-11T19:00:00+00:00,2026-01-13T13:00:00+00:00,turbine_2,43,0.7346631765716221,0.99,-0.25533682342837793,0.01,12.44,2.9,0.23048931299388298,1.0,True,open_meteo_previous_runs,72,2026-01-11T01:00:00+00:00,2025-12-31T18:00:00+00:00,264.0,2025-11-30T19:00:00+00:00,2025-12-31T19:00:00+00:00,0
2026-01-11T19:00:00+00:00,2026-01-13T14:00:00+00:00,turbine_2,44,0.7447954227824756,0.9916666666666668,-0.24687124388419124,0.01,12.8,2.0,0.2406215592047365,1.0,True,open_meteo_previous_runs,72,2026-01-11T02:00:00+00:00,2025-12-31T18:00:00+00:00,264.0,2025-11-30T19:00:00+00:00,2025-12-31T19:00:00+00:00,0
2026-01-11T19:00:00+00:00,2026-01-13T15:00:00+00:00,turbine_2,45,0.7279483007021375,0.995,-0.26705169929786254,0.01,12.34,1.6,0.22377443712439837,1.0,True,open_meteo_previous_runs,72,2026-01-11T03:00:00+00:00,2025-12-31T18:00:00+00:00,264.0,2025-11-30T19:00:00+00:00,2025-12-31T19:00:00+00:00,0
2026-01-11T19:00:00+00:00,2026-01-13T16:00:00+00:00,turbine_2,46,0.7231419713695639,0.97,-0.24685802863043604,0.01,11.85,1.3,0.21896810779182485,1.0,True,open_meteo_previous_runs,72,2026-01-11T04:00:00+00:00,2025-12-31T18:00:00+00:00,264.0,2025-11-30T19:00:00+00:00,2025-12-31T19:00:00+00:00,0
2026-01-11T19:00:00+00:00,2026-01-13T17:00:00+00:00,turbine_2,47,0.6709075176157026,0.9733333333333332,-0.3024258157176306,0.01,11.29,1.5,0.16673365403796347,1.0,True,open_meteo_previous_runs,72,2026-01-11T05:00:00+00:00,2025-12-31T18:00:00+00:00,264.0,2025-11-30T19:00:00+00:00,2025-12-31T19:00:00+00:00,0
2026-01-11T19:00:00+00:00,2026-01-13T18:00:00+00:00,turbine_2,48,0.511798115505154,0.8450000000000001,-0.3332018844948461,0.01,10.58,0.6,0.0076242519274148934,1.0,True,open_meteo_previous_runs,72,2026-01-11T06:00:00+00:00,2025-12-31T18:00:00+00:00,264.0,2025-11-30T19:00:00+00:00,2025-12-31T19:00:00+00:00,0
2026-01-12T19:00:00+00:00,2026-01-12T19:00:00+00:00,turbine_2,1,0.17575753161537067,0.2216666666666666,-0.04590913505129593,0.01,3.99,2.5,0.0,0.7017977915222802,True,open_meteo_previous_runs,72,2026-01-10T07:00:00+00:00,2025-12-31T18:00:00+00:00,288.0,2025-11-30T19:00:00+00:00,2025-12-31T19:00:00+00:00,0
2026-01-12T19:00:00+00:00,2026-01-12T20:00:00+00:00,turbine_2,2,0.17368617287764418,0.1383333333333333,0.03535283954431087,0.01,5.53,2.2,0.0,0.6997264327845537,True,open_meteo_previous_runs,72,2026-01-10T08:00:00+00:00,2025-12-31T18:00:00+00:00,288.0,2025-11-30T19:00:00+00:00,2025-12-31T19:00:00+00:00,0
2026-01-12T19:00:00+00:00,2026-01-12T21:00:00+00:00,turbine_2,3,0.14874634740926465,0.145,0.003746347409264661,0.01,5.2,2.2,0.0,0.6747866073161741,True,open_meteo_previous_runs,72,2026-01-10T09:00:00+00:00,2025-12-31T18:00:00+00:00,288.0,2025-11-30T19:00:00+00:00,2025-12-31T19:00:00+00:00,0
2026-01-12T19:00:00+00:00,2026-01-12T22:00:00+00:00,turbine_2,4,0.1474969790906347,0.2233333333333333,-0.0758363542426986,0.01,5.73,1.4,0.0,0.6735372389975443,True,open_meteo_previous_runs,72,2026-01-10T10:00:00+00:00,2025-12-31T18:00:00+00:00,288.0,2025-11-30T19:00:00+00:00,2025-12-31T19:00:00+00:00,0
2026-01-12T19:00:00+00:00,2026-01-12T23:00:00+00:00,turbine_2,5,0.1355605307874803,0.1716666666666666,-0.03610613587918632,0.01,6.58,0.8,0.0,0.6616007906943898,True,open_meteo_previous_runs,72,2026-01-10T11:00:00+00:00,2025-12-31T18:00:00+00:00,288.0,2025-11-30T19:00:00+00:00,2025-12-31T19:00:00+00:00,0
2026-01-12T19:00:00+00:00,2026-01-13T00:00:00+00:00,turbine_2,6,0.13767311540448662,0.0483333333333333,0.08933978207115333,0.01,4.72,2.0,0.0,0.6637133753113962,True,open_meteo_previous_runs,72,2026-01-10T12:00:00+00:00,2025-12-31T18:00:00+00:00,288.0,2025-11-30T19:00:00+00:00,2025-12-31T19:00:00+00:00,0
2026-01-12T19:00:00+00:00,2026-01-13T01:00:00+00:00,turbine_2,7,0.1255067204599069,0.0083333333333333,0.1171733871265736,0.01,4.85,2.7,0.0,0.6515469803668164,True,open_meteo_previous_runs,72,2026-01-10T13:00:00+00:00,2025-12-31T18:00:00+00:00,288.0,2025-11-30T19:00:00+00:00,2025-12-31T19:00:00+00:00,0
2026-01-12T19:00:00+00:00,2026-01-13T02:00:00+00:00,turbine_2,8,0.12355386108921117,0.0216666666666666,0.10188719442254457,0.01,4.98,1.8,0.0,0.6495941209961207,True,open_meteo_previous_runs,72,2026-01-10T14:00:00+00:00,2025-12-31T18:00:00+00:00,288.0,2025-11-30T19:00:00+00:00,2025-12-31T19:00:00+00:00,0
2026-01-12T19:00:00+00:00,2026-01-13T03:00:00+00:00,turbine_2,9,0.12514291399099847,0.11,0.015142913990998472,0.01,4.62,1.8,0.0,0.6511831738979079,True,open_meteo_previous_runs,72,2026-01-10T15:00:00+00:00,2025-12-31T18:00:00+00:00,288.0,2025-11-30T19:00:00+00:00,2025-12-31T19:00:00+00:00,0
2026-01-12T19:00:00+00:00,2026-01-13T04:00:00+00:00,turbine_2,10,0.13522703310690354,0.1116666666666666,0.023560366440236943,0.01,4.84,2.7,0.0,0.661267293013813,True,open_meteo_previous_runs,72,2026-01-10T16:00:00+00:00,2025-12-31T18:00:00+00:00,288.0,2025-11-30T19:00:00+00:00,2025-12-31T19:00:00+00:00,0
2026-01-12T19:00:00+00:00,2026-01-13T05:00:00+00:00,turbine_2,11,0.1617125420833734,0.1683333333333333,-0.006620791249959901,0.01,5.07,4.8,0.0,0.6877528019902829,True,open_meteo_previous_runs,72,2026-01-10T17:00:00+00:00,2025-12-31T18:00:00+00:00,288.0,2025-11-30T19:00:00+00:00,2025-12-31T19:00:00+00:00,0
2026-01-12T19:00:00+00:00,2026-01-13T06:00:00+00:00,turbine_2,12,0.2121568634092079,0.2333333333333333,-0.02117646992412542,0.01,5.09,6.5,0.0,0.7381971233161174,True,open_meteo_previous_runs,72,2026-01-10T18:00:00+00:00,2025-12-31T18:00:00+00:00,288.0,2025-11-30T19:00:00+00:00,2025-12-31T19:00:00+00:00,0
2026-01-12T19:00:00+00:00,2026-01-13T07:00:00+00:00,turbine_2,13,0.2121568634092079,0.5033333333333333,-0.2911764699241254,0.01,5.07,7.6,0.0,0.7381971233161174,True,open_meteo_previous_runs,72,2026-01-10T19:00:00+00:00,2025-12-31T18:00:00+00:00,288.0,2025-11-30T19:00:00+00:00,2025-12-31T19:00:00+00:00,0
2026-01-12T19:00:00+00:00,2026-01-13T08:00:00+00:00,turbine_2,14,0.21454843242353822,0.7066666666666667,-0.49211823424312845,0.01,6.35,8.0,0.0,0.7405886923304477,True,open_meteo_previous_runs,72,2026-01-10T20:00:00+00:00,2025-12-31T18:00:00+00:00,288.0,2025-11-30T19:00:00+00:00,2025-12-31T19:00:00+00:00,0
2026-01-12T19:00:00+00:00,2026-01-13T09:00:00+00:00,turbine_2,15,0.22326787517278024,0.8166666666666668,-0.5933987914938865,0.01,7.08,7.1,0.0,0.7493081350796897,True,open_meteo_previous_runs,72,2026-01-10T21:00:00+00:00,2025-12-31T18:00:00+00:00,288.0,2025-11-30T19:00:00+00:00,2025-12-31T19:00:00+00:00,0
2026-01-12T19:00:00+00:00,2026-01-13T10:00:00+00:00,turbine_2,16,0.1867549010029972,0.9833333333333334,-0.7965784323303362,0.01,7.18,7.3,0.0,0.7127951609099067,True,open_meteo_previous_runs,72,2026-01-10T22:00:00+00:00,2025-12-31T18:00:00+00:00,288.0,2025-11-30T19:00:00+00:00,2025-12-31T19:00:00+00:00,0
2026-01-12T19:00:00+00:00,2026-01-13T11:00:00+00:00,turbine_2,17,0.23132090349088935,0.9883333333333332,-0.7570124298424439,0.01,8.6,5.0,0.0,0.7573611633977988,True,open_meteo_previous_runs,72,2026-01-10T23:00:00+00:00,2025-12-31T18:00:00+00:00,288.0,2025-11-30T19:00:00+00:00,2025-12-31T19:00:00+00:00,0
2026-01-12T19:00:00+00:00,2026-01-13T12:00:00+00:00,turbine_2,18,0.6153680541229016,0.99,-0.37463194587709836,0.01,10.64,3.8,0.08932779421599213,1.0,True,open_meteo_previous_runs,72,2026-01-11T00:00:00+00:00,2025-12-31T18:00:00+00:00,288.0,2025-11-30T19:00:00+00:00,2025-12-31T19:00:00+00:00,0
2026-01-12T19:00:00+00:00,2026-01-13T13:00:00+00:00,turbine_2,19,0.7346631765716221,0.99,-0.25533682342837793,0.01,12.44,2.9,0.20862291666471255,1.0,True,open_meteo_previous_runs,72,2026-01-11T01:00:00+00:00,2025-12-31T18:00:00+00:00,288.0,2025-11-30T19:00:00+00:00,2025-12-31T19:00:00+00:00,0
2026-01-12T19:00:00+00:00,2026-01-13T14:00:00+00:00,turbine_2,20,0.7447954227824756,0.9916666666666668,-0.24687124388419124,0.01,12.8,2.0,0.21875516287556607,1.0,True,open_meteo_previous_runs,72,2026-01-11T02:00:00+00:00,2025-12-31T18:00:00+00:00,288.0,2025-11-30T19:00:00+00:00,2025-12-31T19:00:00+00:00,0
2026-01-12T19:00:00+00:00,2026-01-13T15:00:00+00:00,turbine_2,21,0.7279483007021375,0.995,-0.26705169929786254,0.01,12.34,1.6,0.20190804079522795,1.0,True,open_meteo_previous_runs,72,2026-01-11T03:00:00+00:00,2025-12-31T18:00:00+00:00,288.0,2025-11-30T19:00:00+00:00,2025-12-31T19:00:00+00:00,0
2026-01-12T19:00:00+00:00,2026-01-13T16:00:00+00:00,turbine_2,22,0.7231419713695639,0.97,-0.24685802863043604,0.01,11.85,1.3,0.19710171146265443,1.0,True,open_meteo_previous_runs,72,2026-01-11T04:00:00+00:00,2025-12-31T18:00:00+00:00,288.0,2025-11-30T19:00:00+00:00,2025-12-31T19:00:00+00:00,0
2026-01-12T19:00:00+00:00,2026-01-13T17:00:00+00:00,turbine_2,23,0.6709075176157026,0.9733333333333332,-0.3024258157176306,0.01,11.29,1.5,0.14486725770879305,1.0,True,open_meteo_previous_runs,72,2026-01-11T05:00:00+00:00,2025-12-31T18:00:00+00:00,288.0,2025-11-30T19:00:00+00:00,2025-12-31T19:00:00+00:00,0
2026-01-12T19:00:00+00:00,2026-01-13T18:00:00+00:00,turbine_2,24,0.511798115505154,0.8450000000000001,-0.3332018844948461,0.01,10.58,0.6,0.0,1.0,True,open_meteo_previous_runs,72,2026-01-11T06:00:00+00:00,2025-12-31T18:00:00+00:00,288.0,2025-11-30T19:00:00+00:00,2025-12-31T19:00:00+00:00,0
2026-01-12T19:00:00+00:00,2026-01-13T19:00:00+00:00,turbine_2,25,0.3068686722948053,0.7000000000000001,-0.39313132770519477,0.01,9.83,0.1,0.0,0.8110425358725444,True,open_meteo_previous_runs,72,2026-01-11T07:00:00+00:00,2025-12-31T18:00:00+00:00,288.0,2025-11-30T19:00:00+00:00,2025-12-31T19:00:00+00:00,0
2026-01-12T19:00:00+00:00,2026-01-13T20:00:00+00:00,turbine_2,26,0.25106075287730717,0.79,-0.5389392471226928,0.01,9.45,-0.0,0.0,0.7552346164550463,True,open_meteo_previous_runs,72,2026-01-11T08:00:00+00:00,2025-12-31T18:00:00+00:00,288.0,2025-11-30T19:00:00+00:00,2025-12-31T19:00:00+00:00,0
2026-01-12T19:00:00+00:00,2026-01-13T21:00:00+00:00,turbine_2,27,0.2717908178562201,0.9133333333333332,-0.641542515477113,0.01,9.72,0.0,0.0,0.7759646814339591,True,open_meteo_previous_runs,72,2026-01-11T09:00:00+00:00,2025-12-31T18:00:00+00:00,288.0,2025-11-30T19:00:00+00:00,2025-12-31T19:00:00+00:00,0
2026-01-12T19:00:00+00:00,2026-01-13T22:00:00+00:00,turbine_2,28,0.23577670712241752,0.7583333333333333,-0.5225566262109158,0.01,9.33,-0.3,0.0,0.7399505707001566,True,open_meteo_previous_runs,72,2026-01-11T10:00:00+00:00,2025-12-31T18:00:00+00:00,288.0,2025-11-30T19:00:00+00:00,2025-12-31T19:00:00+00:00,0
2026-01-12T19:00:00+00:00,2026-01-13T23:00:00+00:00,turbine_2,29,0.23293352094794534,0.5,-0.26706647905205466,0.01,9.09,-0.6,0.0,0.7371073845256844,True,open_meteo_previous_runs,72,2026-01-11T11:00:00+00:00,2025-12-31T18:00:00+00:00,288.0,2025-11-30T19:00:00+00:00,2025-12-31T19:00:00+00:00,0
2026-01-12T19:00:00+00:00,2026-01-14T00:00:00+00:00,turbine_2,30,0.41113027005293107,0.3,0.11113027005293108,0.01,10.52,0.2,0.0,0.9153041336306702,True,open_meteo_previous_runs,72,2026-01-11T12:00:00+00:00,2025-12-31T18:00:00+00:00,288.0,2025-11-30T19:00:00+00:00,2025-12-31T19:00:00+00:00,0
2026-01-12T19:00:00+00:00,2026-01-14T01:00:00+00:00,turbine_2,31,0.4045128424405312,0.0633333333333333,0.3411795091071979,0.01,10.51,-0.2,0.0,0.9086867060182703,True,open_meteo_previous_runs,72,2026-01-11T13:00:00+00:00,2025-12-31T18:00:00+00:00,288.0,2025-11-30T19:00:00+00:00,2025-12-31T19:00:00+00:00,0
2026-01-12T19:00:00+00:00,2026-01-14T02:00:00+00:00,turbine_2,32,0.3429474884822553,0.0316666666666666,0.3112808218155887,0.01,10.24,-0.5,0.0,0.8471213520599944,True,open_meteo_previous_runs,72,2026-01-11T14:00:00+00:00,2025-12-31T18:00:00+00:00,288.0,2025-11-30T19:00:00+00:00,2025-12-31T19:00:00+00:00,0
2026-01-12T19:00:00+00:00,2026-01-14T03:00:00+00:00,turbine_2,33,0.344855223988294,0.3483333333333333,-0.003478109345039282,0.01,10.26,-0.2,0.0,0.8490290875660331,True,open_meteo_previous_runs,72,2026-01-11T15:00:00+00:00,2025-12-31T18:00:00+00:00,288.0,2025-11-30T19:00:00+00:00,2025-12-31T19:00:00+00:00,0
2026-01-12T19:00:00+00:00,2026-01-14T04:00:00+00:00,turbine_2,34,0.23932047030514647,0.2633333333333333,-0.024012863028186837,0.01,9.43,1.2,0.0,0.7434943338828855,True,open_meteo_previous_runs,72,2026-01-11T16:00:00+00:00,2025-12-31T18:00:00+00:00,288.0,2025-11-30T19:00:00+00:00,2025-12-31T19:00:00+00:00,0
2026-01-12T19:00:00+00:00,2026-01-14T05:00:00+00:00,turbine_2,35,0.26677886236466425,0.0566666666666666,0.21011219569799766,0.01,9.19,2.6,0.0,0.7709527259424034,True,open_meteo_previous_runs,72,2026-01-11T17:00:00+00:00,2025-12-31T18:00:00+00:00,288.0,2025-11-30T19:00:00+00:00,2025-12-31T19:00:00+00:00,0
2026-01-12T19:00:00+00:00,2026-01-14T06:00:00+00:00,turbine_2,36,0.21793461258981273,0.0283333333333333,0.18960127925647943,0.01,8.32,3.9,0.0,0.7221084761675518,True,open_meteo_previous_runs,72,2026-01-11T18:00:00+00:00,2025-12-31T18:00:00+00:00,288.0,2025-11-30T19:00:00+00:00,2025-12-31T19:00:00+00:00,0
2026-01-12T19:00:00+00:00,2026-01-14T07:00:00+00:00,turbine_2,37,0.1948072345902552,0.07,0.1248072345902552,0.01,7.24,4.4,0.0,0.6989810981679943,True,open_meteo_previous_runs,72,2026-01-11T19:00:00+00:00,2025-12-31T18:00:00+00:00,288.0,2025-11-30T19:00:00+00:00,2025-12-31T19:00:00+00:00,0
2026-01-12T19:00:00+00:00,2026-01-14T08:00:00+00:00,turbine_2,38,0.1862120786275122,0.125,0.06121207862751221,0.01,5.69,4.5,0.0,0.6903859422052513,True,open_meteo_previous_runs,72,2026-01-11T20:00:00+00:00,2025-12-31T18:00:00+00:00,288.0,2025-11-30T19:00:00+00:00,2025-12-31T19:00:00+00:00,0
2026-01-12T19:00:00+00:00,2026-01-14T09:00:00+00:00,turbine_2,39,0.16129601439932142,0.1366666666666667,0.02462934773265474,0.01,3.64,4.6,0.0,0.6654698779770605,True,open_meteo_previous_runs,72,2026-01-11T21:00:00+00:00,2025-12-31T18:00:00+00:00,288.0,2025-11-30T19:00:00+00:00,2025-12-31T19:00:00+00:00,0
2026-01-12T19:00:00+00:00,2026-01-14T10:00:00+00:00,turbine_2,40,0.15967569928233571,0.1483333333333333,0.011342365949002425,0.01,2.57,4.3,0.0,0.6638495628600748,True,open_meteo_previous_runs,72,2026-01-11T22:00:00+00:00,2025-12-31T18:00:00+00:00,288.0,2025-11-30T19:00:00+00:00,2025-12-31T19:00:00+00:00,0
2026-01-12T19:00:00+00:00,2026-01-14T11:00:00+00:00,turbine_2,41,0.15574621170927577,0.12,0.03574621170927578,0.01,1.61,2.6,0.0,0.6599200752870149,True,open_meteo_previous_runs,72,2026-01-11T23:00:00+00:00,2025-12-31T18:00:00+00:00,288.0,2025-11-30T19:00:00+00:00,2025-12-31T19:00:00+00:00,0
2026-01-12T19:00:00+00:00,2026-01-14T12:00:00+00:00,turbine_2,42,0.1545112669910641,0.1683333333333333,-0.013822066342269207,0.01,1.12,2.0,0.0,0.6586851305688032,True,open_meteo_previous_runs,72,2026-01-12T00:00:00+00:00,2025-12-31T18:00:00+00:00,288.0,2025-11-30T19:00:00+00:00,2025-12-31T19:00:00+00:00,0
2026-01-12T19:00:00+00:00,2026-01-14T13:00:00+00:00,turbine_2,43,0.17144479757772033,0.1333333333333333,0.03811146424438702,0.01,1.97,1.8,0.0,0.6756186611554594,True,open_meteo_previous_runs,72,2026-01-12T01:00:00+00:00,2025-12-31T18:00:00+00:00,288.0,2025-11-30T19:00:00+00:00,2025-12-31T19:00:00+00:00,0
2026-01-12T19:00:00+00:00,2026-01-14T14:00:00+00:00,turbine_2,44,0.19023117984435212,0.1366666666666667,0.05356451317768543,0.01,2.42,1.4,0.0,0.6944050434220912,True,open_meteo_previous_runs,72,2026-01-12T02:00:00+00:00,2025-12-31T18:00:00+00:00,288.0,2025-11-30T19:00:00+00:00,2025-12-31T19:00:00+00:00,0
2026-01-12T19:00:00+00:00,2026-01-14T15:00:00+00:00,turbine_2,45,0.18692978024232604,0.205,-0.01807021975767395,0.01,3.0,1.1,0.0,0.6911036438200651,True,open_meteo_previous_runs,72,2026-01-12T03:00:00+00:00,2025-12-31T18:00:00+00:00,288.0,2025-11-30T19:00:00+00:00,2025-12-31T19:00:00+00:00,0
2026-01-12T19:00:00+00:00,2026-01-14T16:00:00+00:00,turbine_2,46,0.2046779201391051,0.3666666666666667,-0.1619887465275616,0.01,4.08,0.5,0.0,0.7088517837168442,True,open_meteo_previous_runs,72,2026-01-12T04:00:00+00:00,2025-12-31T18:00:00+00:00,288.0,2025-11-30T19:00:00+00:00,2025-12-31T19:00:00+00:00,0
2026-01-12T19:00:00+00:00,2026-01-14T17:00:00+00:00,turbine_2,47,0.18667442670795628,0.2766666666666666,-0.08999223995871033,0.01,4.88,0.3,0.0,0.6908482902856954,True,open_meteo_previous_runs,72,2026-01-12T05:00:00+00:00,2025-12-31T18:00:00+00:00,288.0,2025-11-30T19:00:00+00:00,2025-12-31T19:00:00+00:00,0
2026-01-12T19:00:00+00:00,2026-01-14T18:00:00+00:00,turbine_2,48,0.18387477551580886,0.1333333333333333,0.050541442182475554,0.01,5.41,-0.6,0.0,0.688048639093548,True,open_meteo_previous_runs,72,2026-01-12T06:00:00+00:00,2025-12-31T18:00:00+00:00,288.0,2025-11-30T19:00:00+00:00,2025-12-31T19:00:00+00:00,0
2026-01-13T19:00:00+00:00,2026-01-13T19:00:00+00:00,turbine_2,1,0.30372562573746703,0.7000000000000001,-0.39627437426253304,0.01,9.83,0.1,0.0,0.8297658856443766,True,open_meteo_previous_runs,72,2026-01-11T07:00:00+00:00,2025-12-31T18:00:00+00:00,312.0,2025-11-30T19:00:00+00:00,2025-12-31T19:00:00+00:00,0
2026-01-13T19:00:00+00:00,2026-01-13T20:00:00+00:00,turbine_2,2,0.247917706319969,0.79,-0.542082293680031,0.01,9.45,-0.0,0.0,0.7739579662268785,True,open_meteo_previous_runs,72,2026-01-11T08:00:00+00:00,2025-12-31T18:00:00+00:00,312.0,2025-11-30T19:00:00+00:00,2025-12-31T19:00:00+00:00,0
2026-01-13T19:00:00+00:00,2026-01-13T21:00:00+00:00,turbine_2,3,0.26853774169996025,0.9133333333333332,-0.644795591633373,0.01,9.72,0.0,0.0,0.7945780016068698,True,open_meteo_previous_runs,72,2026-01-11T09:00:00+00:00,2025-12-31T18:00:00+00:00,312.0,2025-11-30T19:00:00+00:00,2025-12-31T19:00:00+00:00,0
2026-01-13T19:00:00+00:00,2026-01-13T22:00:00+00:00,turbine_2,4,0.23252363096615755,0.7583333333333333,-0.5258097023671757,0.01,9.33,-0.3,0.0,0.7585638908730671,True,open_meteo_previous_runs,72,2026-01-11T10:00:00+00:00,2025-12-31T18:00:00+00:00,312.0,2025-11-30T19:00:00+00:00,2025-12-31T19:00:00+00:00,0
2026-01-13T19:00:00+00:00,2026-01-13T23:00:00+00:00,turbine_2,5,0.22940296470694618,0.5,-0.2705970352930538,0.01,9.09,-0.6,0.0,0.7554432246138557,True,open_meteo_previous_runs,72,2026-01-11T11:00:00+00:00,2025-12-31T18:00:00+00:00,312.0,2025-11-30T19:00:00+00:00,2025-12-31T19:00:00+00:00,0
2026-01-13T19:00:00+00:00,2026-01-14T00:00:00+00:00,turbine_2,6,0.41024264573344915,0.3,0.11024264573344916,0.01,10.52,0.2,0.0,0.9362829056403587,True,open_meteo_previous_runs,72,2026-01-11T12:00:00+00:00,2025-12-31T18:00:00+00:00,312.0,2025-11-30T19:00:00+00:00,2025-12-31T19:00:00+00:00,0
2026-01-13T19:00:00+00:00,2026-01-14T01:00:00+00:00,turbine_2,7,0.40356498155023685,0.0633333333333333,0.34023164821690355,0.01,10.51,-0.2,0.0,0.9296052414571463,True,open_meteo_previous_runs,72,2026-01-11T13:00:00+00:00,2025-12-31T18:00:00+00:00,312.0,2025-11-30T19:00:00+00:00,2025-12-31T19:00:00+00:00,0
2026-01-13T19:00:00+00:00,2026-01-14T02:00:00+00:00,turbine_2,8,0.3396311356558105,0.0316666666666666,0.30796446898914387,0.01,10.24,-0.5,0.0,0.86567139556272,True,open_meteo_previous_runs,72,2026-01-11T14:00:00+00:00,2025-12-31T18:00:00+00:00,312.0,2025-11-30T19:00:00+00:00,2025-12-31T19:00:00+00:00,0
2026-01-13T19:00:00+00:00,2026-01-14T03:00:00+00:00,turbine_2,9,0.3422122920667766,0.3483333333333333,-0.006121041266556659,0.01,10.26,-0.2,0.0,0.8682525519736861,True,open_meteo_previous_runs,72,2026-01-11T15:00:00+00:00,2025-12-31T18:00:00+00:00,312.0,2025-11-30T19:00:00+00:00,2025-12-31T19:00:00+00:00,0
2026-01-13T19:00:00+00:00,2026-01-14T04:00:00+00:00,turbine_2,10,0.23932047030514647,0.2633333333333333,-0.024012863028186837,0.01,9.43,1.2,0.0,0.765360730212056,True,open_meteo_previous_runs,72,2026-01-11T16:00:00+00:00,2025-12-31T18:00:00+00:00,312.0,2025-11-30T19:00:00+00:00,2025-12-31T19:00:00+00:00,0
2026-01-13T19:00:00+00:00,2026-01-14T05:00:00+00:00,turbine_2,11,0.26677886236466425,0.0566666666666666,0.21011219569799766,0.01,9.19,2.6,0.0,0.7928191222715737,True,open_meteo_previous_runs,72,2026-01-11T17:00:00+00:00,2025-12-31T18:00:00+00:00,312.0,2025-11-30T19:00:00+00:00,2025-12-31T19:00:00+00:00,0
2026-01-13T19:00:00+00:00,2026-01-14T06:00:00+00:00,turbine_2,12,0.21793461258981273,0.0283333333333333,0.18960127925647943,0.01,8.32,3.9,0.0,0.7439748724967222,True,open_meteo_previous_runs,72,2026-01-11T18:00:00+00:00,2025-12-31T18:00:00+00:00,312.0,2025-11-30T19:00:00+00:00,2025-12-31T19:00:00+00:00,0
2026-01-13T19:00:00+00:00,2026-01-14T07:00:00+00:00,turbine_2,13,0.1948072345902552,0.07,0.1248072345902552,0.01,7.24,4.4,0.0,0.7208474944971647,True,open_meteo_previous_runs,72,2026-01-11T19:00:00+00:00,2025-12-31T18:00:00+00:00,312.0,2025-11-30T19:00:00+00:00,2025-12-31T19:00:00+00:00,0
2026-01-13T19:00:00+00:00,2026-01-14T08:00:00+00:00,turbine_2,14,0.1862120786275122,0.125,0.06121207862751221,0.01,5.69,4.5,0.0,0.7122523385344217,True,open_meteo_previous_runs,72,2026-01-11T20:00:00+00:00,2025-12-31T18:00:00+00:00,312.0,2025-11-30T19:00:00+00:00,2025-12-31T19:00:00+00:00,0
2026-01-13T19:00:00+00:00,2026-01-14T09:00:00+00:00,turbine_2,15,0.16129601439932142,0.1366666666666667,0.02462934773265474,0.01,3.64,4.6,0.0,0.6873362743062309,True,open_meteo_previous_runs,72,2026-01-11T21:00:00+00:00,2025-12-31T18:00:00+00:00,312.0,2025-11-30T19:00:00+00:00,2025-12-31T19:00:00+00:00,0
2026-01-13T19:00:00+00:00,2026-01-14T10:00:00+00:00,turbine_2,16,0.15967569928233571,0.1483333333333333,0.011342365949002425,0.01,2.57,4.3,0.0,0.6857159591892452,True,open_meteo_previous_runs,72,2026-01-11T22:00:00+00:00,2025-12-31T18:00:00+00:00,312.0,2025-11-30T19:00:00+00:00,2025-12-31T19:00:00+00:00,0
2026-01-13T19:00:00+00:00,2026-01-14T11:00:00+00:00,turbine_2,17,0.15574621170927577,0.12,0.03574621170927578,0.01,1.61,2.6,0.0,0.6817864716161852,True,open_meteo_previous_runs,72,2026-01-11T23:00:00+00:00,2025-12-31T18:00:00+00:00,312.0,2025-11-30T19:00:00+00:00,2025-12-31T19:00:00+00:00,0
2026-01-13T19:00:00+00:00,2026-01-14T12:00:00+00:00,turbine_2,18,0.1545112669910641,0.1683333333333333,-0.013822066342269207,0.01,1.12,2.0,0.0,0.6805515268979736,True,open_meteo_previous_runs,72,2026-01-12T00:00:00+00:00,2025-12-31T18:00:00+00:00,312.0,2025-11-30T19:00:00+00:00,2025-12-31T19:00:00+00:00,0
2026-01-13T19:00:00+00:00,2026-01-14T13:00:00+00:00,turbine_2,19,0.17144479757772033,0.1333333333333333,0.03811146424438702,0.01,1.97,1.8,0.0,0.6974850574846299,True,open_meteo_previous_runs,72,2026-01-12T01:00:00+00:00,2025-12-31T18:00:00+00:00,312.0,2025-11-30T19:00:00+00:00,2025-12-31T19:00:00+00:00,0
2026-01-13T19:00:00+00:00,2026-01-14T14:00:00+00:00,turbine_2,20,0.19023117984435212,0.1366666666666667,0.05356451317768543,0.01,2.42,1.4,0.0,0.7162714397512616,True,open_meteo_previous_runs,72,2026-01-12T02:00:00+00:00,2025-12-31T18:00:00+00:00,312.0,2025-11-30T19:00:00+00:00,2025-12-31T19:00:00+00:00,0
2026-01-13T19:00:00+00:00,2026-01-14T15:00:00+00:00,turbine_2,21,0.18692978024232604,0.205,-0.01807021975767395,0.01,3.0,1.1,0.0,0.7129700401492356,True,open_meteo_previous_runs,72,2026-01-12T03:00:00+00:00,2025-12-31T18:00:00+00:00,312.0,2025-11-30T19:00:00+00:00,2025-12-31T19:00:00+00:00,0
2026-01-13T19:00:00+00:00,2026-01-14T16:00:00+00:00,turbine_2,22,0.2046779201391051,0.3666666666666667,-0.1619887465275616,0.01,4.08,0.5,0.0,0.7307181800460146,True,open_meteo_previous_runs,72,2026-01-12T04:00:00+00:00,2025-12-31T18:00:00+00:00,312.0,2025-11-30T19:00:00+00:00,2025-12-31T19:00:00+00:00,0
2026-01-13T19:00:00+00:00,2026-01-14T17:00:00+00:00,turbine_2,23,0.18667442670795628,0.2766666666666666,-0.08999223995871033,0.01,4.88,0.3,0.0,0.7127146866148658,True,open_meteo_previous_runs,72,2026-01-12T05:00:00+00:00,2025-12-31T18:00:00+00:00,312.0,2025-11-30T19:00:00+00:00,2025-12-31T19:00:00+00:00,0
2026-01-13T19:00:00+00:00,2026-01-14T18:00:00+00:00,turbine_2,24,0.18387477551580886,0.1333333333333333,0.050541442182475554,0.01,5.41,-0.6,0.0,0.7099150354227184,True,open_meteo_previous_runs,72,2026-01-12T06:00:00+00:00,2025-12-31T18:00:00+00:00,312.0,2025-11-30T19:00:00+00:00,2025-12-31T19:00:00+00:00,0
2026-01-13T19:00:00+00:00,2026-01-14T19:00:00+00:00,turbine_2,25,0.17496018218153714,0.06,0.11496018218153714,0.01,5.15,-1.1,0.0,0.6791340457592763,True,open_meteo_previous_runs,72,2026-01-12T07:00:00+00:00,2025-12-31T18:00:00+00:00,312.0,2025-11-30T19:00:00+00:00,2025-12-31T19:00:00+00:00,0
2026-01-13T19:00:00+00:00,2026-01-14T20:00:00+00:00,turbine_2,26,0.17587581417839698,0.02,0.155875814178397,0.01,4.59,-1.5,0.0,0.680049677756136,True,open_meteo_previous_runs,72,2026-01-12T08:00:00+00:00,2025-12-31T18:00:00+00:00,312.0,2025-11-30T19:00:00+00:00,2025-12-31T19:00:00+00:00,0
2026-01-13T19:00:00+00:00,2026-01-14T21:00:00+00:00,turbine_2,27,0.13726853782602336,0.0116666666666666,0.12560187115935675,0.01,3.81,-2.0,0.0,0.6414424014037624,True,open_meteo_previous_runs,72,2026-01-12T09:00:00+00:00,2025-12-31T18:00:00+00:00,312.0,2025-11-30T19:00:00+00:00,2025-12-31T19:00:00+00:00,0
2026-01-13T19:00:00+00:00,2026-01-14T22:00:00+00:00,turbine_2,28,0.13435140003170756,0.0116666666666666,0.12268473336504096,0.01,3.34,-2.6,0.0,0.6385252636094466,True,open_meteo_previous_runs,72,2026-01-12T10:00:00+00:00,2025-12-31T18:00:00+00:00,312.0,2025-11-30T19:00:00+00:00,2025-12-31T19:00:00+00:00,0
2026-01-13T19:00:00+00:00,2026-01-14T23:00:00+00:00,turbine_2,29,0.13435140003170756,0.01,0.12435140003170757,0.01,2.65,-3.1,0.0,0.6385252636094466,True,open_meteo_previous_runs,72,2026-01-12T11:00:00+00:00,2025-12-31T18:00:00+00:00,312.0,2025-11-30T19:00:00+00:00,2025-12-31T19:00:00+00:00,0
2026-01-13T19:00:00+00:00,2026-01-15T00:00:00+00:00,turbine_2,30,0.1654581553562083,0.01,0.1554581553562083,0.01,3.54,-3.5,0.0,0.6696320189339474,True,open_meteo_previous_runs,72,2026-01-12T12:00:00+00:00,2025-12-31T18:00:00+00:00,312.0,2025-11-30T19:00:00+00:00,2025-12-31T19:00:00+00:00,0
2026-01-13T19:00:00+00:00,2026-01-15T01:00:00+00:00,turbine_2,31,0.1549792617834345,0.01,0.14497926178343448,0.01,3.4,-3.8,0.0,0.6591531253611735,True,open_meteo_previous_runs,72,2026-01-12T13:00:00+00:00,2025-12-31T18:00:00+00:00,312.0,2025-11-30T19:00:00+00:00,2025-12-31T19:00:00+00:00,0
2026-01-13T19:00:00+00:00,2026-01-15T02:00:00+00:00,turbine_2,32,0.1304887247667949,0.01,0.12048872476679491,0.01,3.23,-3.9,0.0,0.634662588344534,True,open_meteo_previous_runs,72,2026-01-12T14:00:00+00:00,2025-12-31T18:00:00+00:00,312.0,2025-11-30T19:00:00+00:00,2025-12-31T19:00:00+00:00,0
2026-01-13T19:00:00+00:00,2026-01-15T03:00:00+00:00,turbine_2,33,0.15204032962323827,0.01,0.14204032962323826,0.01,3.01,-3.8,0.0,0.6562141932009773,True,open_meteo_previous_runs,72,2026-01-12T15:00:00+00:00,2025-12-31T18:00:00+00:00,312.0,2025-11-30T19:00:00+00:00,2025-12-31T19:00:00+00:00,0
2026-01-13T19:00:00+00:00,2026-01-15T04:00:00+00:00,turbine_2,34,0.12093357429873752,0.01,0.11093357429873753,0.01,2.6,-3.0,0.0,0.6251074378764766,True,open_meteo_previous_runs,72,2026-01-12T16:00:00+00:00,2025-12-31T18:00:00+00:00,312.0,2025-11-30T19:00:00+00:00,2025-12-31T19:00:00+00:00,0
2026-01-13T19:00:00+00:00,2026-01-15T05:00:00+00:00,turbine_2,35,0.12503326608485163,0.01,0.11503326608485163,0.01,2.3,-2.1,0.0,0.6292071296625907,True,open_meteo_previous_runs,72,2026-01-12T17:00:00+00:00,2025-12-31T18:00:00+00:00,312.0,2025-11-30T19:00:00+00:00,2025-12-31T19:00:00+00:00,0
2026-01-13T19:00:00+00:00,2026-01-15T06:00:00+00:00,turbine_2,36,0.15061912311185355,0.01,0.14061912311185354,0.01,1.53,-1.4,0.0,0.6547929866895926,True,open_meteo_previous_runs,72,2026-01-12T18:00:00+00:00,2025-12-31T18:00:00+00:00,312.0,2025-11-30T19:00:00+00:00,2025-12-31T19:00:00+00:00,0
2026-01-13T19:00:00+00:00,2026-01-15T07:00:00+00:00,turbine_2,37,0.14848749775421743,0.01,0.13848749775421743,0.01,2.82,-0.8,0.0,0.6526613613319565,True,open_meteo_previous_runs,72,2026-01-12T19:00:00+00:00,2025-12-31T18:00:00+00:00,312.0,2025-11-30T19:00:00+00:00,2025-12-31T19:00:00+00:00,0
2026-01-13T19:00:00+00:00,2026-01-15T08:00:00+00:00,turbine_2,38,0.14848749775421743,0.01,0.13848749775421743,0.01,3.32,-0.6,0.0,0.6526613613319565,True,open_meteo_previous_runs,72,2026-01-12T20:00:00+00:00,2025-12-31T18:00:00+00:00,312.0,2025-11-30T19:00:00+00:00,2025-12-31T19:00:00+00:00,0
2026-01-13T19:00:00+00:00,2026-01-15T09:00:00+00:00,turbine_2,39,0.17209825890754635,0.005,0.16709825890754634,0.01,5.68,-0.9,0.0,0.6762721224852855,True,open_meteo_previous_runs,72,2026-01-12T21:00:00+00:00,2025-12-31T18:00:00+00:00,312.0,2025-11-30T19:00:00+00:00,2025-12-31T19:00:00+00:00,0
2026-01-13T19:00:00+00:00,2026-01-15T10:00:00+00:00,turbine_2,40,0.15608854360576477,0.0249999999999999,0.13108854360576486,0.01,7.12,-1.4,0.0,0.6602624071835038,True,open_meteo_previous_runs,72,2026-01-12T22:00:00+00:00,2025-12-31T18:00:00+00:00,312.0,2025-11-30T19:00:00+00:00,2025-12-31T19:00:00+00:00,0
2026-01-13T19:00:00+00:00,2026-01-15T11:00:00+00:00,turbine_2,41,0.18519429372182683,0.0483333333333333,0.13686096038849355,0.01,5.06,-2.0,0.0,0.6893681572995659,True,open_meteo_previous_runs,72,2026-01-12T23:00:00+00:00,2025-12-31T18:00:00+00:00,312.0,2025-11-30T19:00:00+00:00,2025-12-31T19:00:00+00:00,0
2026-01-13T19:00:00+00:00,2026-01-15T12:00:00+00:00,turbine_2,42,0.16420159349064642,0.0866666666666666,0.07753492682397982,0.01,2.93,-0.3,0.0,0.6683754570683855,True,open_meteo_previous_runs,72,2026-01-13T00:00:00+00:00,2025-12-31T18:00:00+00:00,312.0,2025-11-30T19:00:00+00:00,2025-12-31T19:00:00+00:00,0
2026-01-13T19:00:00+00:00,2026-01-15T13:00:00+00:00,turbine_2,43,0.17939480046819928,0.1033333333333333,0.07606146713486597,0.01,1.6,-0.3,0.0,0.6835686640459384,True,open_meteo_previous_runs,72,2026-01-13T01:00:00+00:00,2025-12-31T18:00:00+00:00,312.0,2025-11-30T19:00:00+00:00,2025-12-31T19:00:00+00:00,0
2026-01-13T19:00:00+00:00,2026-01-15T14:00:00+00:00,turbine_2,44,0.19604955737719496,0.0566666666666666,0.13938289071052834,0.01,1.91,-1.1,0.0,0.7002234209549341,True,open_meteo_previous_runs,72,2026-01-13T02:00:00+00:00,2025-12-31T18:00:00+00:00,312.0,2025-11-30T19:00:00+00:00,2025-12-31T19:00:00+00:00,0
2026-01-13T19:00:00+00:00,2026-01-15T15:00:00+00:00,turbine_2,45,0.19604955737719496,0.1116666666666666,0.08438289071052836,0.01,1.79,-0.8,0.0,0.7002234209549341,True,open_meteo_previous_runs,72,2026-01-13T03:00:00+00:00,2025-12-31T18:00:00+00:00,312.0,2025-11-30T19:00:00+00:00,2025-12-31T19:00:00+00:00,0
2026-01-13T19:00:00+00:00,2026-01-15T16:00:00+00:00,turbine_2,46,0.1806249333269986,0.2883333333333333,-0.10770840000633466,0.01,0.36,-1.0,0.0,0.6847987969047377,True,open_meteo_previous_runs,72,2026-01-13T04:00:00+00:00,2025-12-31T18:00:00+00:00,312.0,2025-11-30T19:00:00+00:00,2025-12-31T19:00:00+00:00,0
2026-01-13T19:00:00+00:00,2026-01-15T17:00:00+00:00,turbine_2,47,0.17007085592255458,0.0566666666666666,0.11340418925588798,0.01,0.5,-1.1,0.0,0.6742447195002936,True,open_meteo_previous_runs,72,2026-01-13T05:00:00+00:00,2025-12-31T18:00:00+00:00,312.0,2025-11-30T19:00:00+00:00,2025-12-31T19:00:00+00:00,0
2026-01-13T19:00:00+00:00,2026-01-15T18:00:00+00:00,turbine_2,48,0.19691680762681812,0.0066666666666666,0.19025014096015153,0.01,5.33,-2.7,0.0,0.7010906712045573,True,open_meteo_previous_runs,72,2026-01-13T06:00:00+00:00,2025-12-31T18:00:00+00:00,312.0,2025-11-30T19:00:00+00:00,2025-12-31T19:00:00+00:00,0
2026-01-14T19:00:00+00:00,2026-01-14T19:00:00+00:00,turbine_2,1,0.17446006754571627,0.06,0.11446006754571628,0.01,5.15,-1.1,0.0,0.7005003274526258,True,open_meteo_previous_runs,72,2026-01-12T07:00:00+00:00,2025-12-31T18:00:00+00:00,336.0,2025-11-30T19:00:00+00:00,2025-12-31T19:00:00+00:00,0
2026-01-14T19:00:00+00:00,2026-01-14T20:00:00+00:00,turbine_2,2,0.17537569954257612,0.02,0.15537569954257613,0.01,4.59,-1.5,0.0,0.7014159594494856,True,open_meteo_previous_runs,72,2026-01-12T08:00:00+00:00,2025-12-31T18:00:00+00:00,336.0,2025-11-30T19:00:00+00:00,2025-12-31T19:00:00+00:00,0
2026-01-14T19:00:00+00:00,2026-01-14T21:00:00+00:00,turbine_2,3,0.13680180269876802,0.0116666666666666,0.1251351360321014,0.01,3.81,-2.0,0.0,0.6628420626056775,True,open_meteo_previous_runs,72,2026-01-12T09:00:00+00:00,2025-12-31T18:00:00+00:00,336.0,2025-11-30T19:00:00+00:00,2025-12-31T19:00:00+00:00,0
2026-01-14T19:00:00+00:00,2026-01-14T22:00:00+00:00,turbine_2,4,0.13389894181570544,0.0116666666666666,0.12223227514903884,0.01,3.34,-2.6,0.0,0.6599392017226149,True,open_meteo_previous_runs,72,2026-01-12T10:00:00+00:00,2025-12-31T18:00:00+00:00,336.0,2025-11-30T19:00:00+00:00,2025-12-31T19:00:00+00:00,0
2026-01-14T19:00:00+00:00,2026-01-14T23:00:00+00:00,turbine_2,5,0.13346377571222567,0.01,0.12346377571222568,0.01,2.65,-3.1,0.0,0.6595040356191352,True,open_meteo_previous_runs,72,2026-01-12T11:00:00+00:00,2025-12-31T18:00:00+00:00,336.0,2025-11-30T19:00:00+00:00,2025-12-31T19:00:00+00:00,0
2026-01-14T19:00:00+00:00,2026-01-15T00:00:00+00:00,turbine_2,6,0.16457053103672642,0.01,0.1545705310367264,0.01,3.54,-3.5,0.0,0.6906107909436359,True,open_meteo_previous_runs,72,2026-01-12T12:00:00+00:00,2025-12-31T18:00:00+00:00,336.0,2025-11-30T19:00:00+00:00,2025-12-31T19:00:00+00:00,0
2026-01-14T19:00:00+00:00,2026-01-15T01:00:00+00:00,turbine_2,7,0.1540314008931401,0.01,0.1440314008931401,0.01,3.4,-3.8,0.0,0.6800716608000497,True,open_meteo_previous_runs,72,2026-01-12T13:00:00+00:00,2025-12-31T18:00:00+00:00,336.0,2025-11-30T19:00:00+00:00,2025-12-31T19:00:00+00:00,0
2026-01-14T19:00:00+00:00,2026-01-15T02:00:00+00:00,turbine_2,8,0.12981530386186746,0.01,0.11981530386186746,0.01,3.23,-3.9,0.0,0.655855563768777,True,open_meteo_previous_runs,72,2026-01-12T14:00:00+00:00,2025-12-31T18:00:00+00:00,336.0,2025-11-30T19:00:00+00:00,2025-12-31T19:00:00+00:00,0
2026-01-14T19:00:00+00:00,2026-01-15T03:00:00+00:00,turbine_2,9,0.15204032962323827,0.01,0.14204032962323826,0.01,3.01,-3.8,0.0,0.6780805895301478,True,open_meteo_previous_runs,72,2026-01-12T15:00:00+00:00,2025-12-31T18:00:00+00:00,336.0,2025-11-30T19:00:00+00:00,2025-12-31T19:00:00+00:00,0
2026-01-14T19:00:00+00:00,2026-01-15T04:00:00+00:00,turbine_2,10,0.12093357429873752,0.01,0.11093357429873753,0.01,2.6,-3.0,0.0,0.646973834205647,True,open_meteo_previous_runs,72,2026-01-12T16:00:00+00:00,2025-12-31T18:00:00+00:00,336.0,2025-11-30T19:00:00+00:00,2025-12-31T19:00:00+00:00,0
2026-01-14T19:00:00+00:00,2026-01-15T05:00:00+00:00,turbine_2,11,0.12503326608485163,0.01,0.11503326608485163,0.01,2.3,-2.1,0.0,0.6510735259917612,True,open_meteo_previous_runs,72,2026-01-12T17:00:00+00:00,2025-12-31T18:00:00+00:00,336.0,2025-11-30T19:00:00+00:00,2025-12-31T19:00:00+00:00,0
2026-01-14T19:00:00+00:00,2026-01-15T06:00:00+00:00,turbine_2,12,0.15061912311185355,0.01,0.14061912311185354,0.01,1.53,-1.4,0.0,0.676659383018763,True,open_meteo_previous_runs,72,2026-01-12T18:00:00+00:00,2025-12-31T18:00:00+00:00,336.0,2025-11-30T19:00:00+00:00,2025-12-31T19:00:00+00:00,0
2026-01-14T19:00:00+00:00,2026-01-15T07:00:00+00:00,turbine_2,13,0.14848749775421743,0.01,0.13848749775421743,0.01,2.82,-0.8,0.0,0.6745277576611269,True,open_meteo_previous_runs,72,2026-01-12T19:00:00+00:00,2025-12-31T18:00:00+00:00,336.0,2025-11-30T19:00:00+00:00,2025-12-31T19:00:00+00:00,0
2026-01-14T19:00:00+00:00,2026-01-15T08:00:00+00:00,turbine_2,14,0.14848749775421743,0.01,0.13848749775421743,0.01,3.32,-0.6,0.0,0.6745277576611269,True,open_meteo_previous_runs,72,2026-01-12T20:00:00+00:00,2025-12-31T18:00:00+00:00,336.0,2025-11-30T19:00:00+00:00,2025-12-31T19:00:00+00:00,0
2026-01-14T19:00:00+00:00,2026-01-15T09:00:00+00:00,turbine_2,15,0.17209825890754635,0.005,0.16709825890754634,0.01,5.68,-0.9,0.0,0.6981385188144559,True,open_meteo_previous_runs,72,2026-01-12T21:00:00+00:00,2025-12-31T18:00:00+00:00,336.0,2025-11-30T19:00:00+00:00,2025-12-31T19:00:00+00:00,0
2026-01-14T19:00:00+00:00,2026-01-15T10:00:00+00:00,turbine_2,16,0.15608854360576477,0.0249999999999999,0.13108854360576486,0.01,7.12,-1.4,0.0,0.6821288035126742,True,open_meteo_previous_runs,72,2026-01-12T22:00:00+00:00,2025-12-31T18:00:00+00:00,336.0,2025-11-30T19:00:00+00:00,2025-12-31T19:00:00+00:00,0
2026-01-14T19:00:00+00:00,2026-01-15T11:00:00+00:00,turbine_2,17,0.18519429372182683,0.0483333333333333,0.13686096038849355,0.01,5.06,-2.0,0.0,0.7112345536287363,True,open_meteo_previous_runs,72,2026-01-12T23:00:00+00:00,2025-12-31T18:00:00+00:00,336.0,2025-11-30T19:00:00+00:00,2025-12-31T19:00:00+00:00,0
2026-01-14T19:00:00+00:00,2026-01-15T12:00:00+00:00,turbine_2,18,0.16420159349064642,0.0866666666666666,0.07753492682397982,0.01,2.93,-0.3,0.0,0.690241853397556,True,open_meteo_previous_runs,72,2026-01-13T00:00:00+00:00,2025-12-31T18:00:00+00:00,336.0,2025-11-30T19:00:00+00:00,2025-12-31T19:00:00+00:00,0
2026-01-14T19:00:00+00:00,2026-01-15T13:00:00+00:00,turbine_2,19,0.17939480046819928,0.1033333333333333,0.07606146713486597,0.01,1.6,-0.3,0.0,0.7054350603751087,True,open_meteo_previous_runs,72,2026-01-13T01:00:00+00:00,2025-12-31T18:00:00+00:00,336.0,2025-11-30T19:00:00+00:00,2025-12-31T19:00:00+00:00,0
2026-01-14T19:00:00+00:00,2026-01-15T14:00:00+00:00,turbine_2,20,0.19604955737719496,0.0566666666666666,0.13938289071052834,0.01,1.91,-1.1,0.0,0.7220898172841045,True,open_meteo_previous_runs,72,2026-01-13T02:00:00+00:00,2025-12-31T18:00:00+00:00,336.0,2025-11-30T19:00:00+00:00,2025-12-31T19:00:00+00:00,0
2026-01-14T19:00:00+00:00,2026-01-15T15:00:00+00:00,turbine_2,21,0.19604955737719496,0.1116666666666666,0.08438289071052836,0.01,1.79,-0.8,0.0,0.7220898172841045,True,open_meteo_previous_runs,72,2026-01-13T03:00:00+00:00,2025-12-31T18:00:00+00:00,336.0,2025-11-30T19:00:00+00:00,2025-12-31T19:00:00+00:00,0
2026-01-14T19:00:00+00:00,2026-01-15T16:00:00+00:00,turbine_2,22,0.1806249333269986,0.2883333333333333,-0.10770840000633466,0.01,0.36,-1.0,0.0,0.7066651932339081,True,open_meteo_previous_runs,72,2026-01-13T04:00:00+00:00,2025-12-31T18:00:00+00:00,336.0,2025-11-30T19:00:00+00:00,2025-12-31T19:00:00+00:00,0
2026-01-14T19:00:00+00:00,2026-01-15T17:00:00+00:00,turbine_2,23,0.17007085592255458,0.0566666666666666,0.11340418925588798,0.01,0.5,-1.1,0.0,0.6961111158294641,True,open_meteo_previous_runs,72,2026-01-13T05:00:00+00:00,2025-12-31T18:00:00+00:00,336.0,2025-11-30T19:00:00+00:00,2025-12-31T19:00:00+00:00,0
2026-01-14T19:00:00+00:00,2026-01-15T18:00:00+00:00,turbine_2,24,0.19691680762681812,0.0066666666666666,0.19025014096015153,0.01,5.33,-2.7,0.0,0.7229570675337276,True,open_meteo_previous_runs,72,2026-01-13T06:00:00+00:00,2025-12-31T18:00:00+00:00,336.0,2025-11-30T19:00:00+00:00,2025-12-31T19:00:00+00:00,0
2026-01-14T19:00:00+00:00,2026-01-15T19:00:00+00:00,turbine_2,25,0.15965089472828622,0.0983333333333333,0.061317561394952924,0.01,6.35,-3.9,0.0,0.6638247583060253,True,open_meteo_previous_runs,72,2026-01-13T07:00:00+00:00,2025-12-31T18:00:00+00:00,336.0,2025-11-30T19:00:00+00:00,2025-12-31T19:00:00+00:00,0
2026-01-14T19:00:00+00:00,2026-01-15T20:00:00+00:00,turbine_2,26,0.17075431388687326,0.14,0.030754313886873247,0.01,4.9,-4.0,0.0,0.6749281774646123,True,open_meteo_previous_runs,72,2026-01-13T08:00:00+00:00,2025-12-31T18:00:00+00:00,336.0,2025-11-30T19:00:00+00:00,2025-12-31T19:00:00+00:00,0
2026-01-14T19:00:00+00:00,2026-01-15T21:00:00+00:00,turbine_2,27,0.15124043708954316,0.0833333333333333,0.06790710375620986,0.01,4.84,-3.8,0.0,0.6554143006672822,True,open_meteo_previous_runs,72,2026-01-13T09:00:00+00:00,2025-12-31T18:00:00+00:00,336.0,2025-11-30T19:00:00+00:00,2025-12-31T19:00:00+00:00,0
2026-01-14T19:00:00+00:00,2026-01-15T22:00:00+00:00,turbine_2,28,0.15097679691039526,0.0483333333333333,0.10264346357706196,0.01,5.69,-4.0,0.0,0.6551506604881343,True,open_meteo_previous_runs,72,2026-01-13T10:00:00+00:00,2025-12-31T18:00:00+00:00,336.0,2025-11-30T19:00:00+00:00,2025-12-31T19:00:00+00:00,0
2026-01-14T19:00:00+00:00,2026-01-15T23:00:00+00:00,turbine_2,29,0.1400557772356147,0.0366666666666666,0.10338911056894809,0.01,5.99,-4.1,0.0,0.6442296408133538,True,open_meteo_previous_runs,72,2026-01-13T11:00:00+00:00,2025-12-31T18:00:00+00:00,336.0,2025-11-30T19:00:00+00:00,2025-12-31T19:00:00+00:00,0
2026-01-14T19:00:00+00:00,2026-01-16T00:00:00+00:00,turbine_2,30,0.17541773613760103,0.0133333333333333,0.16208440280426772,0.01,8.18,-3.4,0.0,0.6795915997153401,True,open_meteo_previous_runs,72,2026-01-13T12:00:00+00:00,2025-12-31T18:00:00+00:00,336.0,2025-11-30T19:00:00+00:00,2025-12-31T19:00:00+00:00,0
2026-01-14T19:00:00+00:00,2026-01-16T01:00:00+00:00,turbine_2,31,0.1688003085252012,0.0416666666666666,0.1271336418585346,0.01,7.99,-3.6,0.0,0.6729741721029403,True,open_meteo_previous_runs,72,2026-01-13T13:00:00+00:00,2025-12-31T18:00:00+00:00,336.0,2025-11-30T19:00:00+00:00,2025-12-31T19:00:00+00:00,0
2026-01-14T19:00:00+00:00,2026-01-16T02:00:00+00:00,turbine_2,32,0.1443097715085616,0.0266666666666666,0.11764310484189501,0.01,8.05,-4.1,0.0,0.6484836350863007,True,open_meteo_previous_runs,72,2026-01-13T14:00:00+00:00,2025-12-31T18:00:00+00:00,336.0,2025-11-30T19:00:00+00:00,2025-12-31T19:00:00+00:00,0
2026-01-14T19:00:00+00:00,2026-01-16T03:00:00+00:00,turbine_2,33,0.18184958510802068,0.0183333333333333,0.16351625177468737,0.01,8.47,-4.3,0.0,0.6860234486857597,True,open_meteo_previous_runs,72,2026-01-13T15:00:00+00:00,2025-12-31T18:00:00+00:00,336.0,2025-11-30T19:00:00+00:00,2025-12-31T19:00:00+00:00,0
2026-01-14T19:00:00+00:00,2026-01-16T04:00:00+00:00,turbine_2,34,0.2761568266447279,0.0266666666666666,0.24949015997806132,0.01,9.66,-4.5,0.0,0.7803306902224669,True,open_meteo_previous_runs,72,2026-01-13T16:00:00+00:00,2025-12-31T18:00:00+00:00,336.0,2025-11-30T19:00:00+00:00,2025-12-31T19:00:00+00:00,0
2026-01-14T19:00:00+00:00,2026-01-16T05:00:00+00:00,turbine_2,35,0.2439631366670532,0.0266666666666666,0.2172964700003866,0.01,9.3,-4.0,0.0,0.7481370002447922,True,open_meteo_previous_runs,72,2026-01-13T17:00:00+00:00,2025-12-31T18:00:00+00:00,336.0,2025-11-30T19:00:00+00:00,2025-12-31T19:00:00+00:00,0
2026-01-14T19:00:00+00:00,2026-01-16T06:00:00+00:00,turbine_2,36,0.14047665299065495,0.0249999999999999,0.11547665299065506,0.01,7.06,-2.9,0.0,0.644650516568394,True,open_meteo_previous_runs,72,2026-01-13T18:00:00+00:00,2025-12-31T18:00:00+00:00,336.0,2025-11-30T19:00:00+00:00,2025-12-31T19:00:00+00:00,0
2026-01-14T19:00:00+00:00,2026-01-16T07:00:00+00:00,turbine_2,37,0.14047665299065495,0.0366666666666666,0.10380998632398836,0.01,7.91,-2.7,0.0,0.644650516568394,True,open_meteo_previous_runs,72,2026-01-13T19:00:00+00:00,2025-12-31T18:00:00+00:00,336.0,2025-11-30T19:00:00+00:00,2025-12-31T19:00:00+00:00,0
2026-01-14T19:00:00+00:00,2026-01-16T08:00:00+00:00,turbine_2,38,0.20496768441219054,0.105,0.09996768441219055,0.01,8.38,-3.1,0.0,0.7091415479899297,True,open_meteo_previous_runs,72,2026-01-13T20:00:00+00:00,2025-12-31T18:00:00+00:00,336.0,2025-11-30T19:00:00+00:00,2025-12-31T19:00:00+00:00,0
2026-01-14T19:00:00+00:00,2026-01-16T09:00:00+00:00,turbine_2,39,0.27064999490929764,0.215,0.055649994909297645,0.01,9.15,-3.4,0.0,0.7748238584870367,True,open_meteo_previous_runs,72,2026-01-13T21:00:00+00:00,2025-12-31T18:00:00+00:00,336.0,2025-11-30T19:00:00+00:00,2025-12-31T19:00:00+00:00,0
2026-01-14T19:00:00+00:00,2026-01-16T10:00:00+00:00,turbine_2,40,0.21708533953677003,0.4283333333333333,-0.21124799379656325,0.01,8.68,-3.6,0.0,0.7212592031145091,True,open_meteo_previous_runs,72,2026-01-13T22:00:00+00:00,2025-12-31T18:00:00+00:00,336.0,2025-11-30T19:00:00+00:00,2025-12-31T19:00:00+00:00,0
2026-01-14T19:00:00+00:00,2026-01-16T11:00:00+00:00,turbine_2,41,0.21708533953677003,0.455,-0.23791466046322998,0.01,8.9,-4.6,0.0,0.7212592031145091,True,open_meteo_previous_runs,72,2026-01-13T23:00:00+00:00,2025-12-31T18:00:00+00:00,336.0,2025-11-30T19:00:00+00:00,2025-12-31T19:00:00+00:00,0
2026-01-14T19:00:00+00:00,2026-01-16T12:00:00+00:00,turbine_2,42,0.6872834028753219,0.45,0.23728340287532185,0.01,10.94,-6.1,0.18310953929758278,1.0,True,open_meteo_previous_runs,72,2026-01-14T00:00:00+00:00,2025-12-31T18:00:00+00:00,336.0,2025-11-30T19:00:00+00:00,2025-12-31T19:00:00+00:00,0
2026-01-14T19:00:00+00:00,2026-01-16T13:00:00+00:00,turbine_2,43,0.7444020630122042,0.6716666666666667,0.0727353963455375,0.01,11.05,-6.5,0.24022819943446516,1.0,True,open_meteo_previous_runs,72,2026-01-14T01:00:00+00:00,2025-12-31T18:00:00+00:00,336.0,2025-11-30T19:00:00+00:00,2025-12-31T19:00:00+00:00,0
2026-01-14T19:00:00+00:00,2026-01-16T14:00:00+00:00,turbine_2,44,0.7545343092230578,0.7916666666666666,-0.03713235744360888,0.01,11.32,-6.7,0.2503604456453187,1.0,True,open_meteo_previous_runs,72,2026-01-14T02:00:00+00:00,2025-12-31T18:00:00+00:00,336.0,2025-11-30T19:00:00+00:00,2025-12-31T19:00:00+00:00,0
2026-01-14T19:00:00+00:00,2026-01-16T15:00:00+00:00,turbine_2,45,0.409474748903641,0.91,-0.500525251096359,0.01,9.98,-6.9,0.0,0.9136486124813801,True,open_meteo_previous_runs,72,2026-01-14T03:00:00+00:00,2025-12-31T18:00:00+00:00,336.0,2025-11-30T19:00:00+00:00,2025-12-31T19:00:00+00:00,0
2026-01-14T19:00:00+00:00,2026-01-16T16:00:00+00:00,turbine_2,46,0.37899717698713675,0.8883333333333333,-0.5093361563461966,0.01,9.69,-7.6,0.0,0.8831710405648758,True,open_meteo_previous_runs,72,2026-01-14T04:00:00+00:00,2025-12-31T18:00:00+00:00,336.0,2025-11-30T19:00:00+00:00,2025-12-31T19:00:00+00:00,0
2026-01-14T19:00:00+00:00,2026-01-16T17:00:00+00:00,turbine_2,47,0.2521999330020773,0.9233333333333332,-0.6711334003312559,0.01,8.8,-8.1,0.0,0.7563737965798164,True,open_meteo_previous_runs,72,2026-01-14T05:00:00+00:00,2025-12-31T18:00:00+00:00,336.0,2025-11-30T19:00:00+00:00,2025-12-31T19:00:00+00:00,0
2026-01-14T19:00:00+00:00,2026-01-16T18:00:00+00:00,turbine_2,48,0.7508564216480939,0.7833333333333333,-0.032476911685239473,0.01,11.08,-9.3,0.24668255807035477,1.0,True,open_meteo_previous_runs,72,2026-01-14T06:00:00+00:00,2025-12-31T18:00:00+00:00,336.0,2025-11-30T19:00:00+00:00,2025-12-31T19:00:00+00:00,0
2026-01-15T19:00:00+00:00,2026-01-15T19:00:00+00:00,turbine_2,1,0.16141792817357073,0.0983333333333333,0.06308459484023743,0.01,6.35,-3.9,0.0,0.6874581880804802,True,open_meteo_previous_runs,72,2026-01-13T07:00:00+00:00,2025-12-31T18:00:00+00:00,360.0,2025-11-30T19:00:00+00:00,2025-12-31T19:00:00+00:00,0
2026-01-15T19:00:00+00:00,2026-01-15T20:00:00+00:00,turbine_2,2,0.1702541992510524,0.14,0.030254199251052383,0.01,4.9,-4.0,0.0,0.6962944591579618,True,open_meteo_previous_runs,72,2026-01-13T08:00:00+00:00,2025-12-31T18:00:00+00:00,360.0,2025-11-30T19:00:00+00:00,2025-12-31T19:00:00+00:00,0
2026-01-15T19:00:00+00:00,2026-01-15T21:00:00+00:00,turbine_2,3,0.15063029285480067,0.0833333333333333,0.06729695952146737,0.01,4.84,-3.8,0.0,0.6766705527617102,True,open_meteo_previous_runs,72,2026-01-13T09:00:00+00:00,2025-12-31T18:00:00+00:00,360.0,2025-11-30T19:00:00+00:00,2025-12-31T19:00:00+00:00,0
2026-01-15T19:00:00+00:00,2026-01-15T22:00:00+00:00,turbine_2,4,0.15036665267565277,0.0483333333333333,0.10203331934231948,0.01,5.69,-4.0,0.0,0.6764069125825622,True,open_meteo_previous_runs,72,2026-01-13T10:00:00+00:00,2025-12-31T18:00:00+00:00,360.0,2025-11-30T19:00:00+00:00,2025-12-31T19:00:00+00:00,0
2026-01-15T19:00:00+00:00,2026-01-15T23:00:00+00:00,turbine_2,5,0.14143530099723817,0.0366666666666666,0.10476863433057157,0.01,5.99,-4.1,0.0,0.6674755609041476,True,open_meteo_previous_runs,72,2026-01-13T11:00:00+00:00,2025-12-31T18:00:00+00:00,360.0,2025-11-30T19:00:00+00:00,2025-12-31T19:00:00+00:00,0
2026-01-15T19:00:00+00:00,2026-01-16T00:00:00+00:00,turbine_2,6,0.17679725989922448,0.0133333333333333,0.16346392656589118,0.01,8.18,-3.4,0.0,0.702837519806134,True,open_meteo_previous_runs,72,2026-01-13T12:00:00+00:00,2025-12-31T18:00:00+00:00,360.0,2025-11-30T19:00:00+00:00,2025-12-31T19:00:00+00:00,0
2026-01-15T19:00:00+00:00,2026-01-16T01:00:00+00:00,turbine_2,7,0.17011959571601215,0.0416666666666666,0.12845292904934555,0.01,7.99,-3.6,0.0,0.6961598556229216,True,open_meteo_previous_runs,72,2026-01-13T13:00:00+00:00,2025-12-31T18:00:00+00:00,360.0,2025-11-30T19:00:00+00:00,2025-12-31T19:00:00+00:00,0
2026-01-15T19:00:00+00:00,2026-01-16T02:00:00+00:00,turbine_2,8,0.1459034986847395,0.0266666666666666,0.1192368320180729,0.01,8.05,-4.1,0.0,0.671943758591649,True,open_meteo_previous_runs,72,2026-01-13T14:00:00+00:00,2025-12-31T18:00:00+00:00,360.0,2025-11-30T19:00:00+00:00,2025-12-31T19:00:00+00:00,0
2026-01-15T19:00:00+00:00,2026-01-16T03:00:00+00:00,turbine_2,9,0.18411673318912608,0.0183333333333333,0.16578339985579277,0.01,8.47,-4.3,0.0,0.7101569930960356,True,open_meteo_previous_runs,72,2026-01-13T15:00:00+00:00,2025-12-31T18:00:00+00:00,360.0,2025-11-30T19:00:00+00:00,2025-12-31T19:00:00+00:00,0
2026-01-15T19:00:00+00:00,2026-01-16T04:00:00+00:00,turbine_2,10,0.2761568266447279,0.0266666666666666,0.24949015997806132,0.01,9.66,-4.5,0.0,0.8021970865516375,True,open_meteo_previous_runs,72,2026-01-13T16:00:00+00:00,2025-12-31T18:00:00+00:00,360.0,2025-11-30T19:00:00+00:00,2025-12-31T19:00:00+00:00,0
2026-01-15T19:00:00+00:00,2026-01-16T05:00:00+00:00,turbine_2,11,0.2439631366670532,0.0266666666666666,0.2172964700003866,0.01,9.3,-4.0,0.0,0.7700033965739627,True,open_meteo_previous_runs,72,2026-01-13T17:00:00+00:00,2025-12-31T18:00:00+00:00,360.0,2025-11-30T19:00:00+00:00,2025-12-31T19:00:00+00:00,0
2026-01-15T19:00:00+00:00,2026-01-16T06:00:00+00:00,turbine_2,12,0.14047665299065495,0.0249999999999999,0.11547665299065506,0.01,7.06,-2.9,0.0,0.6665169128975644,True,open_meteo_previous_runs,72,2026-01-13T18:00:00+00:00,2025-12-31T18:00:00+00:00,360.0,2025-11-30T19:00:00+00:00,2025-12-31T19:00:00+00:00,0
2026-01-15T19:00:00+00:00,2026-01-16T07:00:00+00:00,turbine_2,13,0.14047665299065495,0.0366666666666666,0.10380998632398836,0.01,7.91,-2.7,0.0,0.6665169128975644,True,open_meteo_previous_runs,72,2026-01-13T19:00:00+00:00,2025-12-31T18:00:00+00:00,360.0,2025-11-30T19:00:00+00:00,2025-12-31T19:00:00+00:00,0
2026-01-15T19:00:00+00:00,2026-01-16T08:00:00+00:00,turbine_2,14,0.20496768441219054,0.105,0.09996768441219055,0.01,8.38,-3.1,0.0,0.7310079443191,True,open_meteo_previous_runs,72,2026-01-13T20:00:00+00:00,2025-12-31T18:00:00+00:00,360.0,2025-11-30T19:00:00+00:00,2025-12-31T19:00:00+00:00,0
2026-01-15T19:00:00+00:00,2026-01-16T09:00:00+00:00,turbine_2,15,0.27064999490929764,0.215,0.055649994909297645,0.01,9.15,-3.4,0.0,0.7966902548162071,True,open_meteo_previous_runs,72,2026-01-13T21:00:00+00:00,2025-12-31T18:00:00+00:00,360.0,2025-11-30T19:00:00+00:00,2025-12-31T19:00:00+00:00,0
2026-01-15T19:00:00+00:00,2026-01-16T10:00:00+00:00,turbine_2,16,0.21708533953677003,0.4283333333333333,-0.21124799379656325,0.01,8.68,-3.6,0.0,0.7431255994436795,True,open_meteo_previous_runs,72,2026-01-13T22:00:00+00:00,2025-12-31T18:00:00+00:00,360.0,2025-11-30T19:00:00+00:00,2025-12-31T19:00:00+00:00,0
2026-01-15T19:00:00+00:00,2026-01-16T11:00:00+00:00,turbine_2,17,0.21708533953677003,0.455,-0.23791466046322998,0.01,8.9,-4.6,0.0,0.7431255994436795,True,open_meteo_previous_runs,72,2026-01-13T23:00:00+00:00,2025-12-31T18:00:00+00:00,360.0,2025-11-30T19:00:00+00:00,2025-12-31T19:00:00+00:00,0
2026-01-15T19:00:00+00:00,2026-01-16T12:00:00+00:00,turbine_2,18,0.6872834028753219,0.45,0.23728340287532185,0.01,10.94,-6.1,0.16124314296841236,1.0,True,open_meteo_previous_runs,72,2026-01-14T00:00:00+00:00,2025-12-31T18:00:00+00:00,360.0,2025-11-30T19:00:00+00:00,2025-12-31T19:00:00+00:00,0
2026-01-15T19:00:00+00:00,2026-01-16T13:00:00+00:00,turbine_2,19,0.7444020630122042,0.6716666666666667,0.0727353963455375,0.01,11.05,-6.5,0.21836180310529474,1.0,True,open_meteo_previous_runs,72,2026-01-14T01:00:00+00:00,2025-12-31T18:00:00+00:00,360.0,2025-11-30T19:00:00+00:00,2025-12-31T19:00:00+00:00,0
2026-01-15T19:00:00+00:00,2026-01-16T14:00:00+00:00,turbine_2,20,0.7545343092230578,0.7916666666666666,-0.03713235744360888,0.01,11.32,-6.7,0.22849404931614825,1.0,True,open_meteo_previous_runs,72,2026-01-14T02:00:00+00:00,2025-12-31T18:00:00+00:00,360.0,2025-11-30T19:00:00+00:00,2025-12-31T19:00:00+00:00,0
2026-01-15T19:00:00+00:00,2026-01-16T15:00:00+00:00,turbine_2,21,0.409474748903641,0.91,-0.500525251096359,0.01,9.98,-6.9,0.0,0.9355150088105505,True,open_meteo_previous_runs,72,2026-01-14T03:00:00+00:00,2025-12-31T18:00:00+00:00,360.0,2025-11-30T19:00:00+00:00,2025-12-31T19:00:00+00:00,0
2026-01-15T19:00:00+00:00,2026-01-16T16:00:00+00:00,turbine_2,22,0.37899717698713675,0.8883333333333333,-0.5093361563461966,0.01,9.69,-7.6,0.0,0.9050374368940463,True,open_meteo_previous_runs,72,2026-01-14T04:00:00+00:00,2025-12-31T18:00:00+00:00,360.0,2025-11-30T19:00:00+00:00,2025-12-31T19:00:00+00:00,0
2026-01-15T19:00:00+00:00,2026-01-16T17:00:00+00:00,turbine_2,23,0.2521999330020773,0.9233333333333332,-0.6711334003312559,0.01,8.8,-8.1,0.0,0.7782401929089868,True,open_meteo_previous_runs,72,2026-01-14T05:00:00+00:00,2025-12-31T18:00:00+00:00,360.0,2025-11-30T19:00:00+00:00,2025-12-31T19:00:00+00:00,0
2026-01-15T19:00:00+00:00,2026-01-16T18:00:00+00:00,turbine_2,24,0.7508564216480939,0.7833333333333333,-0.032476911685239473,0.01,11.08,-9.3,0.22481616174118435,1.0,True,open_meteo_previous_runs,72,2026-01-14T06:00:00+00:00,2025-12-31T18:00:00+00:00,360.0,2025-11-30T19:00:00+00:00,2025-12-31T19:00:00+00:00,0
2026-01-15T19:00:00+00:00,2026-01-16T19:00:00+00:00,turbine_2,25,0.4313590943629424,0.92,-0.48864090563705764,0.01,10.48,-9.7,0.0,0.9355329579406815,True,open_meteo_previous_runs,72,2026-01-14T07:00:00+00:00,2025-12-31T18:00:00+00:00,360.0,2025-11-30T19:00:00+00:00,2025-12-31T19:00:00+00:00,0
2026-01-15T19:00:00+00:00,2026-01-16T20:00:00+00:00,turbine_2,26,0.6844231942300517,0.9683333333333332,-0.28391013910328144,0.01,10.83,-9.9,0.18024933065231263,1.0,True,open_meteo_previous_runs,72,2026-01-14T08:00:00+00:00,2025-12-31T18:00:00+00:00,360.0,2025-11-30T19:00:00+00:00,2025-12-31T19:00:00+00:00,0
2026-01-15T19:00:00+00:00,2026-01-16T21:00:00+00:00,turbine_2,27,0.36564269836608115,0.8966666666666666,-0.5310239683005855,0.01,10.3,-10.9,0.0,0.8698165619438203,True,open_meteo_previous_runs,72,2026-01-14T09:00:00+00:00,2025-12-31T18:00:00+00:00,360.0,2025-11-30T19:00:00+00:00,2025-12-31T19:00:00+00:00,0
2026-01-15T19:00:00+00:00,2026-01-16T22:00:00+00:00,turbine_2,28,0.30395890162224987,0.7949999999999999,-0.49104109837775006,0.01,9.18,-11.7,0.0,0.808132765199989,True,open_meteo_previous_runs,72,2026-01-14T10:00:00+00:00,2025-12-31T18:00:00+00:00,360.0,2025-11-30T19:00:00+00:00,2025-12-31T19:00:00+00:00,0
2026-01-15T19:00:00+00:00,2026-01-16T23:00:00+00:00,turbine_2,29,0.36279951219160905,0.7400000000000001,-0.37720048780839105,0.01,9.95,-12.9,0.0,0.8669733757693481,True,open_meteo_previous_runs,72,2026-01-14T11:00:00+00:00,2025-12-31T18:00:00+00:00,360.0,2025-11-30T19:00:00+00:00,2025-12-31T19:00:00+00:00,0
2026-01-15T19:00:00+00:00,2026-01-17T00:00:00+00:00,turbine_2,30,0.919169866951697,0.935,-0.015830133048303052,0.01,15.43,-14.3,0.4149960033739579,1.0,True,open_meteo_previous_runs,72,2026-01-14T12:00:00+00:00,2025-12-31T18:00:00+00:00,360.0,2025-11-30T19:00:00+00:00,2025-12-31T19:00:00+00:00,0
2026-01-15T19:00:00+00:00,2026-01-17T01:00:00+00:00,turbine_2,31,0.8375589100715326,0.7983333333333333,0.039225576738199264,0.01,13.19,-14.4,0.3333850464937935,1.0,True,open_meteo_previous_runs,72,2026-01-14T13:00:00+00:00,2025-12-31T18:00:00+00:00,360.0,2025-11-30T19:00:00+00:00,2025-12-31T19:00:00+00:00,0
2026-01-15T19:00:00+00:00,2026-01-17T02:00:00+00:00,turbine_2,32,0.8612109578186995,0.535,0.32621095781869947,0.01,13.95,-15.0,0.3570370942409604,1.0,True,open_meteo_previous_runs,72,2026-01-14T14:00:00+00:00,2025-12-31T18:00:00+00:00,360.0,2025-11-30T19:00:00+00:00,2025-12-31T19:00:00+00:00,0
2026-01-15T19:00:00+00:00,2026-01-17T03:00:00+00:00,turbine_2,33,0.7676151065848905,0.3883333333333333,0.3792817732515572,0.01,12.0,-14.4,0.26344124300715144,1.0,True,open_meteo_previous_runs,72,2026-01-14T15:00:00+00:00,2025-12-31T18:00:00+00:00,360.0,2025-11-30T19:00:00+00:00,2025-12-31T19:00:00+00:00,0
2026-01-15T19:00:00+00:00,2026-01-17T04:00:00+00:00,turbine_2,34,0.7660678398987871,0.3633333333333333,0.40273450656545384,0.01,12.01,-14.1,0.26189397632104805,1.0,True,open_meteo_previous_runs,72,2026-01-14T16:00:00+00:00,2025-12-31T18:00:00+00:00,360.0,2025-11-30T19:00:00+00:00,2025-12-31T19:00:00+00:00,0
2026-01-15T19:00:00+00:00,2026-01-17T05:00:00+00:00,turbine_2,35,0.3918551581677766,0.225,0.1668551581677766,0.01,9.97,-12.9,0.0,0.8960290217455157,True,open_meteo_previous_runs,72,2026-01-14T17:00:00+00:00,2025-12-31T18:00:00+00:00,360.0,2025-11-30T19:00:00+00:00,2025-12-31T19:00:00+00:00,0
2026-01-15T19:00:00+00:00,2026-01-17T06:00:00+00:00,turbine_2,36,0.4719062349154057,0.1183333333333333,0.3535729015820724,0.01,10.51,-12.5,0.0,0.9760800984931448,True,open_meteo_previous_runs,72,2026-01-14T18:00:00+00:00,2025-12-31T18:00:00+00:00,360.0,2025-11-30T19:00:00+00:00,2025-12-31T19:00:00+00:00,0
2026-01-15T19:00:00+00:00,2026-01-17T07:00:00+00:00,turbine_2,37,0.27537685770348197,0.0183333333333333,0.25704352437014866,0.01,8.68,-11.6,0.0,0.779550721281221,True,open_meteo_previous_runs,72,2026-01-14T19:00:00+00:00,2025-12-31T18:00:00+00:00,360.0,2025-11-30T19:00:00+00:00,2025-12-31T19:00:00+00:00,0
2026-01-15T19:00:00+00:00,2026-01-17T08:00:00+00:00,turbine_2,38,0.20513454825579835,0.0533333333333333,0.15180121492246507,0.01,7.87,-11.1,0.0,0.7093084118335374,True,open_meteo_previous_runs,72,2026-01-14T20:00:00+00:00,2025-12-31T18:00:00+00:00,360.0,2025-11-30T19:00:00+00:00,2025-12-31T19:00:00+00:00,0
2026-01-15T19:00:00+00:00,2026-01-17T09:00:00+00:00,turbine_2,39,0.20702212854966684,0.0866666666666666,0.12035546188300024,0.01,7.34,-10.8,0.0,0.7111959921274059,True,open_meteo_previous_runs,72,2026-01-14T21:00:00+00:00,2025-12-31T18:00:00+00:00,360.0,2025-11-30T19:00:00+00:00,2025-12-31T19:00:00+00:00,0
2026-01-15T19:00:00+00:00,2026-01-17T10:00:00+00:00,turbine_2,40,0.21181737956822333,0.0533333333333333,0.15848404623489004,0.01,7.22,-11.0,0.0,0.7159912431459624,True,open_meteo_previous_runs,72,2026-01-14T22:00:00+00:00,2025-12-31T18:00:00+00:00,360.0,2025-11-30T19:00:00+00:00,2025-12-31T19:00:00+00:00,0
2026-01-15T19:00:00+00:00,2026-01-17T11:00:00+00:00,turbine_2,41,0.24092312968428536,0.04,0.20092312968428536,0.01,5.56,-11.5,0.0,0.7450969932620244,True,open_meteo_previous_runs,72,2026-01-14T23:00:00+00:00,2025-12-31T18:00:00+00:00,360.0,2025-11-30T19:00:00+00:00,2025-12-31T19:00:00+00:00,0
2026-01-15T19:00:00+00:00,2026-01-17T12:00:00+00:00,turbine_2,42,0.23949138190681657,0.01,0.22949138190681656,0.01,5.03,-13.1,0.0,0.7436652454845556,True,open_meteo_previous_runs,72,2026-01-15T00:00:00+00:00,2025-12-31T18:00:00+00:00,360.0,2025-11-30T19:00:00+00:00,2025-12-31T19:00:00+00:00,0
2026-01-15T19:00:00+00:00,2026-01-17T13:00:00+00:00,turbine_2,43,0.2501671959215669,0.0133333333333333,0.23683386258823358,0.01,4.33,-13.3,0.0,0.754341059499306,True,open_meteo_previous_runs,72,2026-01-15T01:00:00+00:00,2025-12-31T18:00:00+00:00,360.0,2025-11-30T19:00:00+00:00,2025-12-31T19:00:00+00:00,0
2026-01-15T19:00:00+00:00,2026-01-17T14:00:00+00:00,turbine_2,44,0.229581596660015,0.03,0.19958159666001501,0.01,3.14,-13.9,0.0,0.7337554602377541,True,open_meteo_previous_runs,72,2026-01-15T02:00:00+00:00,2025-12-31T18:00:00+00:00,360.0,2025-11-30T19:00:00+00:00,2025-12-31T19:00:00+00:00,0
2026-01-15T19:00:00+00:00,2026-01-17T15:00:00+00:00,turbine_2,45,0.24950887663856866,0.0116666666666666,0.23784220997190206,0.01,1.6,-14.3,0.0,0.7536827402163078,True,open_meteo_previous_runs,72,2026-01-15T03:00:00+00:00,2025-12-31T18:00:00+00:00,360.0,2025-11-30T19:00:00+00:00,2025-12-31T19:00:00+00:00,0
2026-01-15T19:00:00+00:00,2026-01-17T16:00:00+00:00,turbine_2,46,0.2319526272307362,0.01,0.2219526272307362,0.01,0.63,-14.7,0.0,0.7361264908084753,True,open_meteo_previous_runs,72,2026-01-15T04:00:00+00:00,2025-12-31T18:00:00+00:00,360.0,2025-11-30T19:00:00+00:00,2025-12-31T19:00:00+00:00,0
2026-01-15T19:00:00+00:00,2026-01-17T17:00:00+00:00,turbine_2,47,0.22139854982629217,0.01,0.21139854982629216,0.01,0.45,-15.2,0.0,0.7255724134040312,True,open_meteo_previous_runs,72,2026-01-15T05:00:00+00:00,2025-12-31T18:00:00+00:00,360.0,2025-11-30T19:00:00+00:00,2025-12-31T19:00:00+00:00,0
2026-01-15T19:00:00+00:00,2026-01-17T18:00:00+00:00,turbine_2,48,0.1951123265886667,0.01,0.1851123265886667,0.01,0.3,-15.0,0.0,0.6992861901664058,True,open_meteo_previous_runs,72,2026-01-15T06:00:00+00:00,2025-12-31T18:00:00+00:00,360.0,2025-11-30T19:00:00+00:00,2025-12-31T19:00:00+00:00,0
2026-01-16T19:00:00+00:00,2026-01-16T19:00:00+00:00,turbine_2,1,0.4308589797271215,0.92,-0.48914102027287854,0.01,10.48,-9.7,0.0,0.956899239634031,True,open_meteo_previous_runs,72,2026-01-14T07:00:00+00:00,2025-12-31T18:00:00+00:00,384.0,2025-11-30T19:00:00+00:00,2025-12-31T19:00:00+00:00,0
2026-01-16T19:00:00+00:00,2026-01-16T20:00:00+00:00,turbine_2,2,0.6839230795942306,0.9683333333333332,-0.28441025373910256,0.01,10.83,-9.9,0.1578828196873211,1.0,True,open_meteo_previous_runs,72,2026-01-14T08:00:00+00:00,2025-12-31T18:00:00+00:00,384.0,2025-11-30T19:00:00+00:00,2025-12-31T19:00:00+00:00,0
2026-01-16T19:00:00+00:00,2026-01-16T21:00:00+00:00,turbine_2,3,0.36729970221244407,0.8966666666666666,-0.5293669644542225,0.01,10.3,-10.9,0.0,0.8933399621193536,True,open_meteo_previous_runs,72,2026-01-14T09:00:00+00:00,2025-12-31T18:00:00+00:00,384.0,2025-11-30T19:00:00+00:00,2025-12-31T19:00:00+00:00,0
2026-01-16T19:00:00+00:00,2026-01-16T22:00:00+00:00,turbine_2,4,0.3056159054686128,0.7949999999999999,-0.48938409453138715,0.01,9.18,-11.7,0.0,0.8316561653755223,True,open_meteo_previous_runs,72,2026-01-14T10:00:00+00:00,2025-12-31T18:00:00+00:00,384.0,2025-11-30T19:00:00+00:00,2025-12-31T19:00:00+00:00,0
2026-01-16T19:00:00+00:00,2026-01-16T23:00:00+00:00,turbine_2,5,0.36417903595323253,0.7400000000000001,-0.37582096404676757,0.01,9.95,-12.9,0.0,0.890219295860142,True,open_meteo_previous_runs,72,2026-01-14T11:00:00+00:00,2025-12-31T18:00:00+00:00,384.0,2025-11-30T19:00:00+00:00,2025-12-31T19:00:00+00:00,0
2026-01-16T19:00:00+00:00,2026-01-17T00:00:00+00:00,turbine_2,6,0.9060623995810524,0.935,-0.028937600418947662,0.01,15.43,-14.3,0.3800221396741429,1.0,True,open_meteo_previous_runs,72,2026-01-14T12:00:00+00:00,2025-12-31T18:00:00+00:00,384.0,2025-11-30T19:00:00+00:00,2025-12-31T19:00:00+00:00,0
2026-01-16T19:00:00+00:00,2026-01-17T01:00:00+00:00,turbine_2,7,0.8288539424700915,0.7983333333333333,0.030520609136758137,0.01,13.19,-14.4,0.302813682563182,1.0,True,open_meteo_previous_runs,72,2026-01-14T13:00:00+00:00,2025-12-31T18:00:00+00:00,384.0,2025-11-30T19:00:00+00:00,2025-12-31T19:00:00+00:00,0
2026-01-16T19:00:00+00:00,2026-01-17T02:00:00+00:00,turbine_2,8,0.8527804302026253,0.535,0.31778043020262525,0.01,13.95,-15.0,0.3267401702957158,1.0,True,open_meteo_previous_runs,72,2026-01-14T14:00:00+00:00,2025-12-31T18:00:00+00:00,384.0,2025-11-30T19:00:00+00:00,2025-12-31T19:00:00+00:00,0
2026-01-16T19:00:00+00:00,2026-01-17T03:00:00+00:00,turbine_2,9,0.7598579998737438,0.3883333333333333,0.3715246665404105,0.01,12.0,-14.4,0.2338177399668343,1.0,True,open_meteo_previous_runs,72,2026-01-14T15:00:00+00:00,2025-12-31T18:00:00+00:00,384.0,2025-11-30T19:00:00+00:00,2025-12-31T19:00:00+00:00,0
2026-01-16T19:00:00+00:00,2026-01-17T04:00:00+00:00,turbine_2,10,0.7660678398987871,0.3633333333333333,0.40273450656545384,0.01,12.01,-14.1,0.24002757999187763,1.0,True,open_meteo_previous_runs,72,2026-01-14T16:00:00+00:00,2025-12-31T18:00:00+00:00,384.0,2025-11-30T19:00:00+00:00,2025-12-31T19:00:00+00:00,0
2026-01-16T19:00:00+00:00,2026-01-17T05:00:00+00:00,turbine_2,11,0.3918551581677766,0.225,0.1668551581677766,0.01,9.97,-12.9,0.0,0.9178954180746861,True,open_meteo_previous_runs,72,2026-01-14T17:00:00+00:00,2025-12-31T18:00:00+00:00,384.0,2025-11-30T19:00:00+00:00,2025-12-31T19:00:00+00:00,0
2026-01-16T19:00:00+00:00,2026-01-17T06:00:00+00:00,turbine_2,12,0.4719062349154057,0.1183333333333333,0.3535729015820724,0.01,10.51,-12.5,0.0,0.9979464948223151,True,open_meteo_previous_runs,72,2026-01-14T18:00:00+00:00,2025-12-31T18:00:00+00:00,384.0,2025-11-30T19:00:00+00:00,2025-12-31T19:00:00+00:00,0
2026-01-16T19:00:00+00:00,2026-01-17T07:00:00+00:00,turbine_2,13,0.27537685770348197,0.0183333333333333,0.25704352437014866,0.01,8.68,-11.6,0.0,0.8014171176103915,True,open_meteo_previous_runs,72,2026-01-14T19:00:00+00:00,2025-12-31T18:00:00+00:00,384.0,2025-11-30T19:00:00+00:00,2025-12-31T19:00:00+00:00,0
2026-01-16T19:00:00+00:00,2026-01-17T08:00:00+00:00,turbine_2,14,0.20513454825579835,0.0533333333333333,0.15180121492246507,0.01,7.87,-11.1,0.0,0.7311748081627079,True,open_meteo_previous_runs,72,2026-01-14T20:00:00+00:00,2025-12-31T18:00:00+00:00,384.0,2025-11-30T19:00:00+00:00,2025-12-31T19:00:00+00:00,0
2026-01-16T19:00:00+00:00,2026-01-17T09:00:00+00:00,turbine_2,15,0.20702212854966684,0.0866666666666666,0.12035546188300024,0.01,7.34,-10.8,0.0,0.7330623884565763,True,open_meteo_previous_runs,72,2026-01-14T21:00:00+00:00,2025-12-31T18:00:00+00:00,384.0,2025-11-30T19:00:00+00:00,2025-12-31T19:00:00+00:00,0
2026-01-16T19:00:00+00:00,2026-01-17T10:00:00+00:00,turbine_2,16,0.21181737956822333,0.0533333333333333,0.15848404623489004,0.01,7.22,-11.0,0.0,0.7378576394751328,True,open_meteo_previous_runs,72,2026-01-14T22:00:00+00:00,2025-12-31T18:00:00+00:00,384.0,2025-11-30T19:00:00+00:00,2025-12-31T19:00:00+00:00,0
2026-01-16T19:00:00+00:00,2026-01-17T11:00:00+00:00,turbine_2,17,0.24092312968428536,0.04,0.20092312968428536,0.01,5.56,-11.5,0.0,0.7669633895911949,True,open_meteo_previous_runs,72,2026-01-14T23:00:00+00:00,2025-12-31T18:00:00+00:00,384.0,2025-11-30T19:00:00+00:00,2025-12-31T19:00:00+00:00,0
2026-01-16T19:00:00+00:00,2026-01-17T12:00:00+00:00,turbine_2,18,0.23949138190681657,0.01,0.22949138190681656,0.01,5.03,-13.1,0.0,0.7655316418137261,True,open_meteo_previous_runs,72,2026-01-15T00:00:00+00:00,2025-12-31T18:00:00+00:00,384.0,2025-11-30T19:00:00+00:00,2025-12-31T19:00:00+00:00,0
2026-01-16T19:00:00+00:00,2026-01-17T13:00:00+00:00,turbine_2,19,0.2501671959215669,0.0133333333333333,0.23683386258823358,0.01,4.33,-13.3,0.0,0.7762074558284764,True,open_meteo_previous_runs,72,2026-01-15T01:00:00+00:00,2025-12-31T18:00:00+00:00,384.0,2025-11-30T19:00:00+00:00,2025-12-31T19:00:00+00:00,0
2026-01-16T19:00:00+00:00,2026-01-17T14:00:00+00:00,turbine_2,20,0.229581596660015,0.03,0.19958159666001501,0.01,3.14,-13.9,0.0,0.7556218565669245,True,open_meteo_previous_runs,72,2026-01-15T02:00:00+00:00,2025-12-31T18:00:00+00:00,384.0,2025-11-30T19:00:00+00:00,2025-12-31T19:00:00+00:00,0
2026-01-16T19:00:00+00:00,2026-01-17T15:00:00+00:00,turbine_2,21,0.24950887663856866,0.0116666666666666,0.23784220997190206,0.01,1.6,-14.3,0.0,0.7755491365454782,True,open_meteo_previous_runs,72,2026-01-15T03:00:00+00:00,2025-12-31T18:00:00+00:00,384.0,2025-11-30T19:00:00+00:00,2025-12-31T19:00:00+00:00,0
2026-01-16T19:00:00+00:00,2026-01-17T16:00:00+00:00,turbine_2,22,0.2319526272307362,0.01,0.2219526272307362,0.01,0.63,-14.7,0.0,0.7579928871376457,True,open_meteo_previous_runs,72,2026-01-15T04:00:00+00:00,2025-12-31T18:00:00+00:00,384.0,2025-11-30T19:00:00+00:00,2025-12-31T19:00:00+00:00,0
2026-01-16T19:00:00+00:00,2026-01-17T17:00:00+00:00,turbine_2,23,0.22139854982629217,0.01,0.21139854982629216,0.01,0.45,-15.2,0.0,0.7474388097332016,True,open_meteo_previous_runs,72,2026-01-15T05:00:00+00:00,2025-12-31T18:00:00+00:00,384.0,2025-11-30T19:00:00+00:00,2025-12-31T19:00:00+00:00,0
2026-01-16T19:00:00+00:00,2026-01-17T18:00:00+00:00,turbine_2,24,0.1951123265886667,0.01,0.1851123265886667,0.01,0.3,-15.0,0.0,0.7211525864955762,True,open_meteo_previous_runs,72,2026-01-15T06:00:00+00:00,2025-12-31T18:00:00+00:00,384.0,2025-11-30T19:00:00+00:00,2025-12-31T19:00:00+00:00,0
2026-01-16T19:00:00+00:00,2026-01-17T19:00:00+00:00,turbine_2,25,0.1982208903770871,0.01,0.18822089037708709,0.01,0.72,-15.1,0.0,0.7023947539548262,True,open_meteo_previous_runs,72,2026-01-15T07:00:00+00:00,2025-12-31T18:00:00+00:00,384.0,2025-11-30T19:00:00+00:00,2025-12-31T19:00:00+00:00,0
2026-01-16T19:00:00+00:00,2026-01-17T20:00:00+00:00,turbine_2,26,0.1982208903770871,0.01,0.18822089037708709,0.01,0.67,-15.7,0.0,0.7023947539548262,True,open_meteo_previous_runs,72,2026-01-15T08:00:00+00:00,2025-12-31T18:00:00+00:00,384.0,2025-11-30T19:00:00+00:00,2025-12-31T19:00:00+00:00,0
2026-01-16T19:00:00+00:00,2026-01-17T21:00:00+00:00,turbine_2,27,0.18509617037232506,0.01,0.17509617037232506,0.01,0.8,-16.6,0.0,0.6892700339500641,True,open_meteo_previous_runs,72,2026-01-15T09:00:00+00:00,2025-12-31T18:00:00+00:00,384.0,2025-11-30T19:00:00+00:00,2025-12-31T19:00:00+00:00,0
2026-01-16T19:00:00+00:00,2026-01-17T22:00:00+00:00,turbine_2,28,0.1936809428057882,0.01,0.1836809428057882,0.01,1.06,-15.9,0.0,0.6978548063835273,True,open_meteo_previous_runs,72,2026-01-15T10:00:00+00:00,2025-12-31T18:00:00+00:00,384.0,2025-11-30T19:00:00+00:00,2025-12-31T19:00:00+00:00,0
2026-01-16T19:00:00+00:00,2026-01-17T23:00:00+00:00,turbine_2,29,0.18999388529758482,0.01,0.1799938852975848,0.01,2.42,-14.7,0.0,0.694167748875324,True,open_meteo_previous_runs,72,2026-01-15T11:00:00+00:00,2025-12-31T18:00:00+00:00,384.0,2025-11-30T19:00:00+00:00,2025-12-31T19:00:00+00:00,0
2026-01-16T19:00:00+00:00,2026-01-18T00:00:00+00:00,turbine_2,30,0.17844340029058955,0.01,0.16844340029058955,0.01,2.6,-15.3,0.0,0.6826172638683287,True,open_meteo_previous_runs,72,2026-01-15T12:00:00+00:00,2025-12-31T18:00:00+00:00,384.0,2025-11-30T19:00:00+00:00,2025-12-31T19:00:00+00:00,0
2026-01-16T19:00:00+00:00,2026-01-18T01:00:00+00:00,turbine_2,31,0.16796450671781574,0.01,0.15796450671781573,0.01,3.51,-14.9,0.0,0.6721383702955548,True,open_meteo_previous_runs,72,2026-01-15T13:00:00+00:00,2025-12-31T18:00:00+00:00,384.0,2025-11-30T19:00:00+00:00,2025-12-31T19:00:00+00:00,0
2026-01-16T19:00:00+00:00,2026-01-18T02:00:00+00:00,turbine_2,32,0.1969377838645998,0.0166666666666666,0.1802711171979332,0.01,4.65,-14.1,0.0,0.7011116474423389,True,open_meteo_previous_runs,72,2026-01-15T14:00:00+00:00,2025-12-31T18:00:00+00:00,384.0,2025-11-30T19:00:00+00:00,2025-12-31T19:00:00+00:00,0
2026-01-16T19:00:00+00:00,2026-01-18T03:00:00+00:00,turbine_2,33,0.19311958432966939,0.0116666666666666,0.18145291766300278,0.01,5.82,-13.3,0.0,0.6972934479074084,True,open_meteo_previous_runs,72,2026-01-15T15:00:00+00:00,2025-12-31T18:00:00+00:00,384.0,2025-11-30T19:00:00+00:00,2025-12-31T19:00:00+00:00,0
2026-01-16T19:00:00+00:00,2026-01-18T04:00:00+00:00,turbine_2,34,0.18244019159353234,0.085,0.09744019159353233,0.01,7.07,-12.5,0.0,0.6866140551712714,True,open_meteo_previous_runs,72,2026-01-15T16:00:00+00:00,2025-12-31T18:00:00+00:00,384.0,2025-11-30T19:00:00+00:00,2025-12-31T19:00:00+00:00,0
2026-01-16T19:00:00+00:00,2026-01-18T05:00:00+00:00,turbine_2,35,0.2581970730631079,0.0466666666666666,0.2115304063964413,0.01,8.54,-11.3,0.0,0.762370936640847,True,open_meteo_previous_runs,72,2026-01-15T17:00:00+00:00,2025-12-31T18:00:00+00:00,384.0,2025-11-30T19:00:00+00:00,2025-12-31T19:00:00+00:00,0
2026-01-16T19:00:00+00:00,2026-01-18T06:00:00+00:00,turbine_2,36,0.20177038927880503,0.1433333333333333,0.058437055945471716,0.01,6.95,-9.1,0.0,0.705944252856544,True,open_meteo_previous_runs,72,2026-01-15T18:00:00+00:00,2025-12-31T18:00:00+00:00,384.0,2025-11-30T19:00:00+00:00,2025-12-31T19:00:00+00:00,0
2026-01-16T19:00:00+00:00,2026-01-18T07:00:00+00:00,turbine_2,37,0.20177038927880503,0.2383333333333333,-0.036562944054528285,0.01,6.95,-8.3,0.0,0.705944252856544,True,open_meteo_previous_runs,72,2026-01-15T19:00:00+00:00,2025-12-31T18:00:00+00:00,384.0,2025-11-30T19:00:00+00:00,2025-12-31T19:00:00+00:00,0
2026-01-16T19:00:00+00:00,2026-01-18T08:00:00+00:00,turbine_2,38,0.20177038927880503,0.3899999999999999,-0.18822961072119487,0.01,6.87,-7.7,0.0,0.705944252856544,True,open_meteo_previous_runs,72,2026-01-15T20:00:00+00:00,2025-12-31T18:00:00+00:00,384.0,2025-11-30T19:00:00+00:00,2025-12-31T19:00:00+00:00,0
2026-01-16T19:00:00+00:00,2026-01-18T09:00:00+00:00,turbine_2,39,0.21717257983193644,0.4383333333333333,-0.22116075350139686,0.01,6.49,-7.4,0.0,0.7213464434096755,True,open_meteo_previous_runs,72,2026-01-15T21:00:00+00:00,2025-12-31T18:00:00+00:00,384.0,2025-11-30T19:00:00+00:00,2025-12-31T19:00:00+00:00,0
2026-01-16T19:00:00+00:00,2026-01-18T10:00:00+00:00,turbine_2,40,0.2219678308504929,0.2566666666666666,-0.034698835816173695,0.01,6.45,-7.4,0.0,0.726141694428232,True,open_meteo_previous_runs,72,2026-01-15T22:00:00+00:00,2025-12-31T18:00:00+00:00,384.0,2025-11-30T19:00:00+00:00,2025-12-31T19:00:00+00:00,0
2026-01-16T19:00:00+00:00,2026-01-18T11:00:00+00:00,turbine_2,41,0.2318695028081139,0.1949999999999999,0.03686950280811399,0.01,6.44,-8.4,0.0,0.736043366385853,True,open_meteo_previous_runs,72,2026-01-15T23:00:00+00:00,2025-12-31T18:00:00+00:00,384.0,2025-11-30T19:00:00+00:00,2025-12-31T19:00:00+00:00,0
2026-01-16T19:00:00+00:00,2026-01-18T12:00:00+00:00,turbine_2,42,0.21564496026203797,0.1283333333333333,0.08731162692870467,0.01,7.16,-9.9,0.0,0.719818823839777,True,open_meteo_previous_runs,72,2026-01-16T00:00:00+00:00,2025-12-31T18:00:00+00:00,384.0,2025-11-30T19:00:00+00:00,2025-12-31T19:00:00+00:00,0
2026-01-16T19:00:00+00:00,2026-01-18T13:00:00+00:00,turbine_2,43,0.22540514227992864,0.1866666666666666,0.03873847561326205,0.01,7.91,-10.7,0.0,0.7295790058576677,True,open_meteo_previous_runs,72,2026-01-16T01:00:00+00:00,2025-12-31T18:00:00+00:00,384.0,2025-11-30T19:00:00+00:00,2025-12-31T19:00:00+00:00,0
2026-01-16T19:00:00+00:00,2026-01-18T14:00:00+00:00,turbine_2,44,0.30216310510341043,0.1816666666666666,0.12049643843674385,0.01,8.71,-10.7,0.0,0.8063369686811495,True,open_meteo_previous_runs,72,2026-01-16T02:00:00+00:00,2025-12-31T18:00:00+00:00,384.0,2025-11-30T19:00:00+00:00,2025-12-31T19:00:00+00:00,0
2026-01-16T19:00:00+00:00,2026-01-18T15:00:00+00:00,turbine_2,45,0.37427427394476065,0.2416666666666666,0.13260760727809404,0.01,9.55,-11.1,0.0,0.8784481375224997,True,open_meteo_previous_runs,72,2026-01-16T03:00:00+00:00,2025-12-31T18:00:00+00:00,384.0,2025-11-30T19:00:00+00:00,2025-12-31T19:00:00+00:00,0
2026-01-16T19:00:00+00:00,2026-01-18T16:00:00+00:00,turbine_2,46,0.45621801546689583,0.2533333333333333,0.20288468213356253,0.01,9.86,-11.1,0.0,0.9603918790446349,True,open_meteo_previous_runs,72,2026-01-16T04:00:00+00:00,2025-12-31T18:00:00+00:00,384.0,2025-11-30T19:00:00+00:00,2025-12-31T19:00:00+00:00,0
2026-01-16T19:00:00+00:00,2026-01-18T17:00:00+00:00,turbine_2,47,0.44539054911164505,0.2916666666666667,0.15372388244497837,0.01,10.29,-11.1,0.0,0.9495644126893841,True,open_meteo_previous_runs,72,2026-01-16T05:00:00+00:00,2025-12-31T18:00:00+00:00,384.0,2025-11-30T19:00:00+00:00,2025-12-31T19:00:00+00:00,0
2026-01-16T19:00:00+00:00,2026-01-18T18:00:00+00:00,turbine_2,48,0.6276799444412966,0.2333333333333333,0.3943466111079633,0.01,10.59,-11.3,0.12350608086355752,1.0,True,open_meteo_previous_runs,72,2026-01-16T06:00:00+00:00,2025-12-31T18:00:00+00:00,384.0,2025-11-30T19:00:00+00:00,2025-12-31T19:00:00+00:00,0
2026-01-17T19:00:00+00:00,2026-01-17T19:00:00+00:00,turbine_2,1,0.1978784617600066,0.01,0.18787846176000658,0.01,0.72,-15.1,0.0,0.7239187216669161,True,open_meteo_previous_runs,72,2026-01-15T07:00:00+00:00,2025-12-31T18:00:00+00:00,408.0,2025-11-30T19:00:00+00:00,2025-12-31T19:00:00+00:00,0
2026-01-17T19:00:00+00:00,2026-01-17T20:00:00+00:00,turbine_2,2,0.1978784617600066,0.01,0.18787846176000658,0.01,0.67,-15.7,0.0,0.7239187216669161,True,open_meteo_previous_runs,72,2026-01-15T08:00:00+00:00,2025-12-31T18:00:00+00:00,408.0,2025-11-30T19:00:00+00:00,2025-12-31T19:00:00+00:00,0
2026-01-17T19:00:00+00:00,2026-01-17T21:00:00+00:00,turbine_2,3,0.18464371215632294,0.01,0.17464371215632293,0.01,0.8,-16.6,0.0,0.7106839720632324,True,open_meteo_previous_runs,72,2026-01-15T09:00:00+00:00,2025-12-31T18:00:00+00:00,408.0,2025-11-30T19:00:00+00:00,2025-12-31T19:00:00+00:00,0
2026-01-17T19:00:00+00:00,2026-01-17T22:00:00+00:00,turbine_2,4,0.1932284845897861,0.01,0.18322848458978608,0.01,1.06,-15.9,0.0,0.7192687444966956,True,open_meteo_previous_runs,72,2026-01-15T10:00:00+00:00,2025-12-31T18:00:00+00:00,408.0,2025-11-30T19:00:00+00:00,2025-12-31T19:00:00+00:00,0
2026-01-17T19:00:00+00:00,2026-01-17T23:00:00+00:00,turbine_2,5,0.18910626097810293,0.01,0.17910626097810292,0.01,2.42,-14.7,0.0,0.7151465208850124,True,open_meteo_previous_runs,72,2026-01-15T11:00:00+00:00,2025-12-31T18:00:00+00:00,408.0,2025-11-30T19:00:00+00:00,2025-12-31T19:00:00+00:00,0
2026-01-17T19:00:00+00:00,2026-01-18T00:00:00+00:00,turbine_2,6,0.17755577597110767,0.01,0.16755577597110766,0.01,2.6,-15.3,0.0,0.7035960358780171,True,open_meteo_previous_runs,72,2026-01-15T12:00:00+00:00,2025-12-31T18:00:00+00:00,408.0,2025-11-30T19:00:00+00:00,2025-12-31T19:00:00+00:00,0
2026-01-17T19:00:00+00:00,2026-01-18T01:00:00+00:00,turbine_2,7,0.16701664582752135,0.01,0.15701664582752134,0.01,3.51,-14.9,0.0,0.6930569057344309,True,open_meteo_previous_runs,72,2026-01-15T13:00:00+00:00,2025-12-31T18:00:00+00:00,408.0,2025-11-30T19:00:00+00:00,2025-12-31T19:00:00+00:00,0
2026-01-17T19:00:00+00:00,2026-01-18T02:00:00+00:00,turbine_2,8,0.19626436295967237,0.0166666666666666,0.17959769629300576,0.01,4.65,-14.1,0.0,0.7223046228665819,True,open_meteo_previous_runs,72,2026-01-15T14:00:00+00:00,2025-12-31T18:00:00+00:00,408.0,2025-11-30T19:00:00+00:00,2025-12-31T19:00:00+00:00,0
2026-01-17T19:00:00+00:00,2026-01-18T03:00:00+00:00,turbine_2,9,0.19538673241077473,0.0116666666666666,0.18372006574410812,0.01,5.82,-13.3,0.0,0.7214269923176843,True,open_meteo_previous_runs,72,2026-01-15T15:00:00+00:00,2025-12-31T18:00:00+00:00,408.0,2025-11-30T19:00:00+00:00,2025-12-31T19:00:00+00:00,0
2026-01-17T19:00:00+00:00,2026-01-18T04:00:00+00:00,turbine_2,10,0.18244019159353234,0.085,0.09744019159353233,0.01,7.07,-12.5,0.0,0.7084804515004418,True,open_meteo_previous_runs,72,2026-01-15T16:00:00+00:00,2025-12-31T18:00:00+00:00,408.0,2025-11-30T19:00:00+00:00,2025-12-31T19:00:00+00:00,0
2026-01-17T19:00:00+00:00,2026-01-18T05:00:00+00:00,turbine_2,11,0.2581970730631079,0.0466666666666666,0.2115304063964413,0.01,8.54,-11.3,0.0,0.7842373329700174,True,open_meteo_previous_runs,72,2026-01-15T17:00:00+00:00,2025-12-31T18:00:00+00:00,408.0,2025-11-30T19:00:00+00:00,2025-12-31T19:00:00+00:00,0
2026-01-17T19:00:00+00:00,2026-01-18T06:00:00+00:00,turbine_2,12,0.20177038927880503,0.1433333333333333,0.058437055945471716,0.01,6.95,-9.1,0.0,0.7278106491857146,True,open_meteo_previous_runs,72,2026-01-15T18:00:00+00:00,2025-12-31T18:00:00+00:00,408.0,2025-11-30T19:00:00+00:00,2025-12-31T19:00:00+00:00,0
2026-01-17T19:00:00+00:00,2026-01-18T07:00:00+00:00,turbine_2,13,0.20177038927880503,0.2383333333333333,-0.036562944054528285,0.01,6.95,-8.3,0.0,0.7278106491857146,True,open_meteo_previous_runs,72,2026-01-15T19:00:00+00:00,2025-12-31T18:00:00+00:00,408.0,2025-11-30T19:00:00+00:00,2025-12-31T19:00:00+00:00,0
2026-01-17T19:00:00+00:00,2026-01-18T08:00:00+00:00,turbine_2,14,0.20177038927880503,0.3899999999999999,-0.18822961072119487,0.01,6.87,-7.7,0.0,0.7278106491857146,True,open_meteo_previous_runs,72,2026-01-15T20:00:00+00:00,2025-12-31T18:00:00+00:00,408.0,2025-11-30T19:00:00+00:00,2025-12-31T19:00:00+00:00,0
2026-01-17T19:00:00+00:00,2026-01-18T09:00:00+00:00,turbine_2,15,0.21717257983193644,0.4383333333333333,-0.22116075350139686,0.01,6.49,-7.4,0.0,0.743212839738846,True,open_meteo_previous_runs,72,2026-01-15T21:00:00+00:00,2025-12-31T18:00:00+00:00,408.0,2025-11-30T19:00:00+00:00,2025-12-31T19:00:00+00:00,0
2026-01-17T19:00:00+00:00,2026-01-18T10:00:00+00:00,turbine_2,16,0.2219678308504929,0.2566666666666666,-0.034698835816173695,0.01,6.45,-7.4,0.0,0.7480080907574024,True,open_meteo_previous_runs,72,2026-01-15T22:00:00+00:00,2025-12-31T18:00:00+00:00,408.0,2025-11-30T19:00:00+00:00,2025-12-31T19:00:00+00:00,0
2026-01-17T19:00:00+00:00,2026-01-18T11:00:00+00:00,turbine_2,17,0.2318695028081139,0.1949999999999999,0.03686950280811399,0.01,6.44,-8.4,0.0,0.7579097627150234,True,open_meteo_previous_runs,72,2026-01-15T23:00:00+00:00,2025-12-31T18:00:00+00:00,408.0,2025-11-30T19:00:00+00:00,2025-12-31T19:00:00+00:00,0
2026-01-17T19:00:00+00:00,2026-01-18T12:00:00+00:00,turbine_2,18,0.21564496026203797,0.1283333333333333,0.08731162692870467,0.01,7.16,-9.9,0.0,0.7416852201689474,True,open_meteo_previous_runs,72,2026-01-16T00:00:00+00:00,2025-12-31T18:00:00+00:00,408.0,2025-11-30T19:00:00+00:00,2025-12-31T19:00:00+00:00,0
2026-01-17T19:00:00+00:00,2026-01-18T13:00:00+00:00,turbine_2,19,0.22540514227992864,0.1866666666666666,0.03873847561326205,0.01,7.91,-10.7,0.0,0.7514454021868382,True,open_meteo_previous_runs,72,2026-01-16T01:00:00+00:00,2025-12-31T18:00:00+00:00,408.0,2025-11-30T19:00:00+00:00,2025-12-31T19:00:00+00:00,0
2026-01-17T19:00:00+00:00,2026-01-18T14:00:00+00:00,turbine_2,20,0.30216310510341043,0.1816666666666666,0.12049643843674385,0.01,8.71,-10.7,0.0,0.82820336501032,True,open_meteo_previous_runs,72,2026-01-16T02:00:00+00:00,2025-12-31T18:00:00+00:00,408.0,2025-11-30T19:00:00+00:00,2025-12-31T19:00:00+00:00,0
2026-01-17T19:00:00+00:00,2026-01-18T15:00:00+00:00,turbine_2,21,0.37427427394476065,0.2416666666666666,0.13260760727809404,0.01,9.55,-11.1,0.0,0.9003145338516702,True,open_meteo_previous_runs,72,2026-01-16T03:00:00+00:00,2025-12-31T18:00:00+00:00,408.0,2025-11-30T19:00:00+00:00,2025-12-31T19:00:00+00:00,0
2026-01-17T19:00:00+00:00,2026-01-18T16:00:00+00:00,turbine_2,22,0.45621801546689583,0.2533333333333333,0.20288468213356253,0.01,9.86,-11.1,0.0,0.9822582753738054,True,open_meteo_previous_runs,72,2026-01-16T04:00:00+00:00,2025-12-31T18:00:00+00:00,408.0,2025-11-30T19:00:00+00:00,2025-12-31T19:00:00+00:00,0
2026-01-17T19:00:00+00:00,2026-01-18T17:00:00+00:00,turbine_2,23,0.44539054911164505,0.2916666666666667,0.15372388244497837,0.01,10.29,-11.1,0.0,0.9714308090185546,True,open_meteo_previous_runs,72,2026-01-16T05:00:00+00:00,2025-12-31T18:00:00+00:00,408.0,2025-11-30T19:00:00+00:00,2025-12-31T19:00:00+00:00,0
2026-01-17T19:00:00+00:00,2026-01-18T18:00:00+00:00,turbine_2,24,0.6276799444412966,0.2333333333333333,0.3943466111079633,0.01,10.59,-11.3,0.1016396845343871,1.0,True,open_meteo_previous_runs,72,2026-01-16T06:00:00+00:00,2025-12-31T18:00:00+00:00,408.0,2025-11-30T19:00:00+00:00,2025-12-31T19:00:00+00:00,0
2026-01-17T19:00:00+00:00,2026-01-18T19:00:00+00:00,turbine_2,25,0.6864906528274696,0.35,0.3364906528274696,0.01,10.98,-11.3,0.1823167892497305,1.0,True,open_meteo_previous_runs,72,2026-01-16T07:00:00+00:00,2025-12-31T18:00:00+00:00,408.0,2025-11-30T19:00:00+00:00,2025-12-31T19:00:00+00:00,0
2026-01-17T19:00:00+00:00,2026-01-18T20:00:00+00:00,turbine_2,26,0.740612927803387,0.505,0.23561292780338694,0.01,11.43,-11.3,0.23643906422564787,1.0,True,open_meteo_previous_runs,72,2026-01-16T08:00:00+00:00,2025-12-31T18:00:00+00:00,408.0,2025-11-30T19:00:00+00:00,2025-12-31T19:00:00+00:00,0
2026-01-17T19:00:00+00:00,2026-01-18T21:00:00+00:00,turbine_2,27,0.7314362843052356,0.5033333333333333,0.22810295097190225,0.01,11.65,-11.2,0.22726242072749647,1.0,True,open_meteo_previous_runs,72,2026-01-16T09:00:00+00:00,2025-12-31T18:00:00+00:00,408.0,2025-11-30T19:00:00+00:00,2025-12-31T19:00:00+00:00,0
2026-01-17T19:00:00+00:00,2026-01-18T22:00:00+00:00,turbine_2,28,0.7314362843052356,0.3699999999999999,0.36143628430523567,0.01,11.54,-11.4,0.22726242072749647,1.0,True,open_meteo_previous_runs,72,2026-01-16T10:00:00+00:00,2025-12-31T18:00:00+00:00,408.0,2025-11-30T19:00:00+00:00,2025-12-31T19:00:00+00:00,0
2026-01-17T19:00:00+00:00,2026-01-18T23:00:00+00:00,turbine_2,29,0.7285930981307635,0.345,0.3835930981307635,0.01,11.29,-11.5,0.22441923455302437,1.0,True,open_meteo_previous_runs,72,2026-01-16T11:00:00+00:00,2025-12-31T18:00:00+00:00,408.0,2025-11-30T19:00:00+00:00,2025-12-31T19:00:00+00:00,0
2026-01-17T19:00:00+00:00,2026-01-19T00:00:00+00:00,turbine_2,30,0.7168817142138649,0.5033333333333333,0.21354838088053163,0.01,11.4,-11.7,0.21270785063612585,1.0,True,open_meteo_previous_runs,72,2026-01-16T12:00:00+00:00,2025-12-31T18:00:00+00:00,408.0,2025-11-30T19:00:00+00:00,2025-12-31T19:00:00+00:00,0
2026-01-17T19:00:00+00:00,2026-01-19T01:00:00+00:00,turbine_2,31,0.710264286601465,0.3366666666666666,0.3735976199347984,0.01,11.24,-11.7,0.20609042302372593,1.0,True,open_meteo_previous_runs,72,2026-01-16T13:00:00+00:00,2025-12-31T18:00:00+00:00,408.0,2025-11-30T19:00:00+00:00,2025-12-31T19:00:00+00:00,0
2026-01-17T19:00:00+00:00,2026-01-19T02:00:00+00:00,turbine_2,32,0.6532030794653513,0.1366666666666666,0.5165364127986847,0.01,10.93,-11.7,0.1490292158876122,1.0,True,open_meteo_previous_runs,72,2026-01-16T14:00:00+00:00,2025-12-31T18:00:00+00:00,408.0,2025-11-30T19:00:00+00:00,2025-12-31T19:00:00+00:00,0
2026-01-17T19:00:00+00:00,2026-01-19T03:00:00+00:00,turbine_2,33,0.6003256442283782,0.2133333333333333,0.38699231089504493,0.01,10.65,-11.2,0.09615178065063912,1.0,True,open_meteo_previous_runs,72,2026-01-16T15:00:00+00:00,2025-12-31T18:00:00+00:00,408.0,2025-11-30T19:00:00+00:00,2025-12-31T19:00:00+00:00,0
2026-01-17T19:00:00+00:00,2026-01-19T04:00:00+00:00,turbine_2,34,0.6558668552413159,0.3116666666666667,0.34420018857464924,0.01,10.71,-9.0,0.15169299166357686,1.0,True,open_meteo_previous_runs,72,2026-01-16T16:00:00+00:00,2025-12-31T18:00:00+00:00,408.0,2025-11-30T19:00:00+00:00,2025-12-31T19:00:00+00:00,0
2026-01-17T19:00:00+00:00,2026-01-19T05:00:00+00:00,turbine_2,35,0.6583138950269349,0.2266666666666666,0.43164722836026836,0.01,10.79,-6.9,0.15414003144919586,1.0,True,open_meteo_previous_runs,72,2026-01-16T17:00:00+00:00,2025-12-31T18:00:00+00:00,408.0,2025-11-30T19:00:00+00:00,2025-12-31T19:00:00+00:00,0
2026-01-17T19:00:00+00:00,2026-01-19T06:00:00+00:00,turbine_2,36,0.7329948951809109,0.3016666666666667,0.4313282285142442,0.01,11.52,-6.4,0.2288210316031718,1.0,True,open_meteo_previous_runs,72,2026-01-16T18:00:00+00:00,2025-12-31T18:00:00+00:00,408.0,2025-11-30T19:00:00+00:00,2025-12-31T19:00:00+00:00,0
2026-01-17T19:00:00+00:00,2026-01-19T07:00:00+00:00,turbine_2,37,0.7387863551283103,0.3333333333333333,0.40545302179497694,0.01,11.56,-5.5,0.23461249155057118,1.0,True,open_meteo_previous_runs,72,2026-01-16T19:00:00+00:00,2025-12-31T18:00:00+00:00,408.0,2025-11-30T19:00:00+00:00,2025-12-31T19:00:00+00:00,0
2026-01-17T19:00:00+00:00,2026-01-19T08:00:00+00:00,turbine_2,38,0.6968212081850021,0.2916666666666667,0.40515454151833546,0.01,11.03,-4.8,0.19264734460726307,1.0,True,open_meteo_previous_runs,72,2026-01-16T20:00:00+00:00,2025-12-31T18:00:00+00:00,408.0,2025-11-30T19:00:00+00:00,2025-12-31T19:00:00+00:00,0
2026-01-17T19:00:00+00:00,2026-01-19T09:00:00+00:00,turbine_2,39,0.3552527766496966,0.305,0.05025277664969663,0.01,10.24,-4.7,0.0,0.8594266402274358,True,open_meteo_previous_runs,72,2026-01-16T21:00:00+00:00,2025-12-31T18:00:00+00:00,408.0,2025-11-30T19:00:00+00:00,2025-12-31T19:00:00+00:00,0
2026-01-17T19:00:00+00:00,2026-01-19T10:00:00+00:00,turbine_2,40,0.2863249269120578,0.2799999999999999,0.006324926912057882,0.01,9.49,-5.4,0.0,0.7904987904897969,True,open_meteo_previous_runs,72,2026-01-16T22:00:00+00:00,2025-12-31T18:00:00+00:00,408.0,2025-11-30T19:00:00+00:00,2025-12-31T19:00:00+00:00,0
2026-01-17T19:00:00+00:00,2026-01-19T11:00:00+00:00,turbine_2,41,0.3315916413509145,0.1683333333333333,0.1632583080175812,0.01,9.1,-6.9,0.0,0.8357655049286536,True,open_meteo_previous_runs,72,2026-01-16T23:00:00+00:00,2025-12-31T18:00:00+00:00,408.0,2025-11-30T19:00:00+00:00,2025-12-31T19:00:00+00:00,0
2026-01-17T19:00:00+00:00,2026-01-19T12:00:00+00:00,turbine_2,42,0.285900056858495,0.3066666666666666,-0.020766609808171577,0.01,8.99,-7.9,0.0,0.7900739204362341,True,open_meteo_previous_runs,72,2026-01-17T00:00:00+00:00,2025-12-31T18:00:00+00:00,408.0,2025-11-30T19:00:00+00:00,2025-12-31T19:00:00+00:00,0
2026-01-17T19:00:00+00:00,2026-01-19T13:00:00+00:00,turbine_2,43,0.2534356406293014,0.4816666666666667,-0.22823102603736528,0.01,8.37,-8.4,0.0,0.7576095042070405,True,open_meteo_previous_runs,72,2026-01-17T01:00:00+00:00,2025-12-31T18:00:00+00:00,408.0,2025-11-30T19:00:00+00:00,2025-12-31T19:00:00+00:00,0
2026-01-17T19:00:00+00:00,2026-01-19T14:00:00+00:00,turbine_2,44,0.24099965467269474,0.295,-0.054000345327305244,0.01,7.83,-8.8,0.0,0.7451735182504338,True,open_meteo_previous_runs,72,2026-01-17T02:00:00+00:00,2025-12-31T18:00:00+00:00,408.0,2025-11-30T19:00:00+00:00,2025-12-31T19:00:00+00:00,0
2026-01-17T19:00:00+00:00,2026-01-19T15:00:00+00:00,turbine_2,45,0.24099965467269474,0.2483333333333333,-0.007333678660638554,0.01,7.87,-8.9,0.0,0.7451735182504338,True,open_meteo_previous_runs,72,2026-01-17T03:00:00+00:00,2025-12-31T18:00:00+00:00,408.0,2025-11-30T19:00:00+00:00,2025-12-31T19:00:00+00:00,0
2026-01-17T19:00:00+00:00,2026-01-19T16:00:00+00:00,turbine_2,46,0.2543632555492145,0.0183333333333333,0.2360299222158812,0.01,8.14,-8.6,0.0,0.7585371191269537,True,open_meteo_previous_runs,72,2026-01-17T04:00:00+00:00,2025-12-31T18:00:00+00:00,408.0,2025-11-30T19:00:00+00:00,2025-12-31T19:00:00+00:00,0
2026-01-17T19:00:00+00:00,2026-01-19T17:00:00+00:00,turbine_2,47,0.2789444040076826,0.06,0.2189444040076826,0.01,8.59,-8.2,0.0,0.7831182675854217,True,open_meteo_previous_runs,72,2026-01-17T05:00:00+00:00,2025-12-31T18:00:00+00:00,408.0,2025-11-30T19:00:00+00:00,2025-12-31T19:00:00+00:00,0
2026-01-17T19:00:00+00:00,2026-01-19T18:00:00+00:00,turbine_2,48,0.35105557284903277,0.02,0.33105557284903275,0.01,9.04,-8.2,0.0,0.8552294364267718,True,open_meteo_previous_runs,72,2026-01-17T06:00:00+00:00,2025-12-31T18:00:00+00:00,408.0,2025-11-30T19:00:00+00:00,2025-12-31T19:00:00+00:00,0
2026-01-18T19:00:00+00:00,2026-01-18T19:00:00+00:00,turbine_2,1,0.6859905381916485,0.35,0.3359905381916485,0.01,10.98,-11.3,0.15995027828473896,1.0,True,open_meteo_previous_runs,72,2026-01-16T07:00:00+00:00,2025-12-31T18:00:00+00:00,432.0,2025-11-30T19:00:00+00:00,2025-12-31T19:00:00+00:00,0
2026-01-18T19:00:00+00:00,2026-01-18T20:00:00+00:00,turbine_2,2,0.7319205403529394,0.505,0.2269205403529394,0.01,11.43,-11.3,0.2058802804460299,1.0,True,open_meteo_previous_runs,72,2026-01-16T08:00:00+00:00,2025-12-31T18:00:00+00:00,432.0,2025-11-30T19:00:00+00:00,2025-12-31T19:00:00+00:00,0
2026-01-18T19:00:00+00:00,2026-01-18T21:00:00+00:00,turbine_2,3,0.7226338672558664,0.5033333333333333,0.21930053392253313,0.01,11.65,-11.2,0.19659360734895692,1.0,True,open_meteo_previous_runs,72,2026-01-16T09:00:00+00:00,2025-12-31T18:00:00+00:00,432.0,2025-11-30T19:00:00+00:00,2025-12-31T19:00:00+00:00,0
2026-01-18T19:00:00+00:00,2026-01-18T22:00:00+00:00,turbine_2,4,0.7226338672558664,0.3699999999999999,0.35263386725586654,0.01,11.54,-11.4,0.19659360734895692,1.0,True,open_meteo_previous_runs,72,2026-01-16T10:00:00+00:00,2025-12-31T18:00:00+00:00,432.0,2025-11-30T19:00:00+00:00,2025-12-31T19:00:00+00:00,0
2026-01-18T19:00:00+00:00,2026-01-18T23:00:00+00:00,turbine_2,5,0.7199483671001347,0.345,0.3749483671001347,0.01,11.29,-11.5,0.19390810719322515,1.0,True,open_meteo_previous_runs,72,2026-01-16T11:00:00+00:00,2025-12-31T18:00:00+00:00,432.0,2025-11-30T19:00:00+00:00,2025-12-31T19:00:00+00:00,0
2026-01-18T19:00:00+00:00,2026-01-19T00:00:00+00:00,turbine_2,6,0.7082369831832361,0.5033333333333333,0.20490364984990284,0.01,11.4,-11.7,0.18219672327632663,1.0,True,open_meteo_previous_runs,72,2026-01-16T12:00:00+00:00,2025-12-31T18:00:00+00:00,432.0,2025-11-30T19:00:00+00:00,2025-12-31T19:00:00+00:00,0
2026-01-18T19:00:00+00:00,2026-01-19T01:00:00+00:00,turbine_2,7,0.7015593190000239,0.3366666666666666,0.36489265233335727,0.01,11.24,-11.7,0.17551905909311438,1.0,True,open_meteo_previous_runs,72,2026-01-16T13:00:00+00:00,2025-12-31T18:00:00+00:00,432.0,2025-11-30T19:00:00+00:00,2025-12-31T19:00:00+00:00,0
2026-01-18T19:00:00+00:00,2026-01-19T02:00:00+00:00,turbine_2,8,0.6525296585604238,0.1366666666666666,0.5158629918937572,0.01,10.93,-11.7,0.12648939865351427,1.0,True,open_meteo_previous_runs,72,2026-01-16T14:00:00+00:00,2025-12-31T18:00:00+00:00,432.0,2025-11-30T19:00:00+00:00,2025-12-31T19:00:00+00:00,0
2026-01-18T19:00:00+00:00,2026-01-19T03:00:00+00:00,turbine_2,9,0.6003256442283782,0.2133333333333333,0.38699231089504493,0.01,10.65,-11.2,0.0742853843214687,1.0,True,open_meteo_previous_runs,72,2026-01-16T15:00:00+00:00,2025-12-31T18:00:00+00:00,432.0,2025-11-30T19:00:00+00:00,2025-12-31T19:00:00+00:00,0
2026-01-18T19:00:00+00:00,2026-01-19T04:00:00+00:00,turbine_2,10,0.6558668552413159,0.3116666666666667,0.34420018857464924,0.01,10.71,-9.0,0.12982659533440644,1.0,True,open_meteo_previous_runs,72,2026-01-16T16:00:00+00:00,2025-12-31T18:00:00+00:00,432.0,2025-11-30T19:00:00+00:00,2025-12-31T19:00:00+00:00,0
2026-01-18T19:00:00+00:00,2026-01-19T05:00:00+00:00,turbine_2,11,0.6583138950269349,0.2266666666666666,0.43164722836026836,0.01,10.79,-6.9,0.13227363512002543,1.0,True,open_meteo_previous_runs,72,2026-01-16T17:00:00+00:00,2025-12-31T18:00:00+00:00,432.0,2025-11-30T19:00:00+00:00,2025-12-31T19:00:00+00:00,0
2026-01-18T19:00:00+00:00,2026-01-19T06:00:00+00:00,turbine_2,12,0.7329948951809109,0.3016666666666667,0.4313282285142442,0.01,11.52,-6.4,0.20695463527400138,1.0,True,open_meteo_previous_runs,72,2026-01-16T18:00:00+00:00,2025-12-31T18:00:00+00:00,432.0,2025-11-30T19:00:00+00:00,2025-12-31T19:00:00+00:00,0
2026-01-18T19:00:00+00:00,2026-01-19T07:00:00+00:00,turbine_2,13,0.7387863551283103,0.3333333333333333,0.40545302179497694,0.01,11.56,-5.5,0.21274609522140076,1.0,True,open_meteo_previous_runs,72,2026-01-16T19:00:00+00:00,2025-12-31T18:00:00+00:00,432.0,2025-11-30T19:00:00+00:00,2025-12-31T19:00:00+00:00,0
2026-01-18T19:00:00+00:00,2026-01-19T08:00:00+00:00,turbine_2,14,0.6968212081850021,0.2916666666666667,0.40515454151833546,0.01,11.03,-4.8,0.17078094827809265,1.0,True,open_meteo_previous_runs,72,2026-01-16T20:00:00+00:00,2025-12-31T18:00:00+00:00,432.0,2025-11-30T19:00:00+00:00,2025-12-31T19:00:00+00:00,0
2026-01-18T19:00:00+00:00,2026-01-19T09:00:00+00:00,turbine_2,15,0.3552527766496966,0.305,0.05025277664969663,0.01,10.24,-4.7,0.0,0.8812930365566061,True,open_meteo_previous_runs,72,2026-01-16T21:00:00+00:00,2025-12-31T18:00:00+00:00,432.0,2025-11-30T19:00:00+00:00,2025-12-31T19:00:00+00:00,0
2026-01-18T19:00:00+00:00,2026-01-19T10:00:00+00:00,turbine_2,16,0.2863249269120578,0.2799999999999999,0.006324926912057882,0.01,9.49,-5.4,0.0,0.8123651868189673,True,open_meteo_previous_runs,72,2026-01-16T22:00:00+00:00,2025-12-31T18:00:00+00:00,432.0,2025-11-30T19:00:00+00:00,2025-12-31T19:00:00+00:00,0
2026-01-18T19:00:00+00:00,2026-01-19T11:00:00+00:00,turbine_2,17,0.3315916413509145,0.1683333333333333,0.1632583080175812,0.01,9.1,-6.9,0.0,0.857631901257824,True,open_meteo_previous_runs,72,2026-01-16T23:00:00+00:00,2025-12-31T18:00:00+00:00,432.0,2025-11-30T19:00:00+00:00,2025-12-31T19:00:00+00:00,0
2026-01-18T19:00:00+00:00,2026-01-19T12:00:00+00:00,turbine_2,18,0.285900056858495,0.3066666666666666,-0.020766609808171577,0.01,8.99,-7.9,0.0,0.8119403167654045,True,open_meteo_previous_runs,72,2026-01-17T00:00:00+00:00,2025-12-31T18:00:00+00:00,432.0,2025-11-30T19:00:00+00:00,2025-12-31T19:00:00+00:00,0
2026-01-18T19:00:00+00:00,2026-01-19T13:00:00+00:00,turbine_2,19,0.2534356406293014,0.4816666666666667,-0.22823102603736528,0.01,8.37,-8.4,0.0,0.7794759005362109,True,open_meteo_previous_runs,72,2026-01-17T01:00:00+00:00,2025-12-31T18:00:00+00:00,432.0,2025-11-30T19:00:00+00:00,2025-12-31T19:00:00+00:00,0
2026-01-18T19:00:00+00:00,2026-01-19T14:00:00+00:00,turbine_2,20,0.24099965467269474,0.295,-0.054000345327305244,0.01,7.83,-8.8,0.0,0.7670399145796043,True,open_meteo_previous_runs,72,2026-01-17T02:00:00+00:00,2025-12-31T18:00:00+00:00,432.0,2025-11-30T19:00:00+00:00,2025-12-31T19:00:00+00:00,0
2026-01-18T19:00:00+00:00,2026-01-19T15:00:00+00:00,turbine_2,21,0.24099965467269474,0.2483333333333333,-0.007333678660638554,0.01,7.87,-8.9,0.0,0.7670399145796043,True,open_meteo_previous_runs,72,2026-01-17T03:00:00+00:00,2025-12-31T18:00:00+00:00,432.0,2025-11-30T19:00:00+00:00,2025-12-31T19:00:00+00:00,0
2026-01-18T19:00:00+00:00,2026-01-19T16:00:00+00:00,turbine_2,22,0.2543632555492145,0.0183333333333333,0.2360299222158812,0.01,8.14,-8.6,0.0,0.780403515456124,True,open_meteo_previous_runs,72,2026-01-17T04:00:00+00:00,2025-12-31T18:00:00+00:00,432.0,2025-11-30T19:00:00+00:00,2025-12-31T19:00:00+00:00,0
2026-01-18T19:00:00+00:00,2026-01-19T17:00:00+00:00,turbine_2,23,0.2789444040076826,0.06,0.2189444040076826,0.01,8.59,-8.2,0.0,0.8049846639145921,True,open_meteo_previous_runs,72,2026-01-17T05:00:00+00:00,2025-12-31T18:00:00+00:00,432.0,2025-11-30T19:00:00+00:00,2025-12-31T19:00:00+00:00,0
2026-01-18T19:00:00+00:00,2026-01-19T18:00:00+00:00,turbine_2,24,0.35105557284903277,0.02,0.33105557284903275,0.01,9.04,-8.2,0.0,0.8770958327559423,True,open_meteo_previous_runs,72,2026-01-17T06:00:00+00:00,2025-12-31T18:00:00+00:00,432.0,2025-11-30T19:00:00+00:00,2025-12-31T19:00:00+00:00,0
2026-01-18T19:00:00+00:00,2026-01-19T19:00:00+00:00,turbine_2,25,0.3194026704685189,0.01,0.3094026704685189,0.01,9.27,-8.1,0.0,0.823576534046258,True,open_meteo_previous_runs,72,2026-01-17T07:00:00+00:00,2025-12-31T18:00:00+00:00,432.0,2025-11-30T19:00:00+00:00,2025-12-31T19:00:00+00:00,0
2026-01-18T19:00:00+00:00,2026-01-19T20:00:00+00:00,turbine_2,26,0.3194026704685189,0.01,0.3094026704685189,0.01,9.44,-8.2,0.0,0.823576534046258,True,open_meteo_previous_runs,72,2026-01-17T08:00:00+00:00,2025-12-31T18:00:00+00:00,432.0,2025-11-30T19:00:00+00:00,2025-12-31T19:00:00+00:00,0
2026-01-18T19:00:00+00:00,2026-01-19T21:00:00+00:00,turbine_2,27,0.30610760091500905,0.0083333333333333,0.29777426758167574,0.01,9.35,-8.5,0.0,0.8102814644927481,True,open_meteo_previous_runs,72,2026-01-17T09:00:00+00:00,2025-12-31T18:00:00+00:00,432.0,2025-11-30T19:00:00+00:00,2025-12-31T19:00:00+00:00,0
2026-01-18T19:00:00+00:00,2026-01-19T22:00:00+00:00,turbine_2,28,0.30602636021966767,0.01,0.29602636021966766,0.01,9.12,-9.1,0.0,0.8102002237974067,True,open_meteo_previous_runs,72,2026-01-17T10:00:00+00:00,2025-12-31T18:00:00+00:00,432.0,2025-11-30T19:00:00+00:00,2025-12-31T19:00:00+00:00,0
2026-01-18T19:00:00+00:00,2026-01-19T23:00:00+00:00,turbine_2,29,0.2439684954014229,0.0116666666666666,0.2323018287347563,0.01,8.9,-9.7,0.0,0.748142358979162,True,open_meteo_previous_runs,72,2026-01-17T11:00:00+00:00,2025-12-31T18:00:00+00:00,432.0,2025-11-30T19:00:00+00:00,2025-12-31T19:00:00+00:00,0
2026-01-18T19:00:00+00:00,2026-01-20T00:00:00+00:00,turbine_2,30,0.2815701181706761,0.075,0.2065701181706761,0.01,9.13,-7.4,0.0,0.7857439817484152,True,open_meteo_previous_runs,72,2026-01-17T12:00:00+00:00,2025-12-31T18:00:00+00:00,432.0,2025-11-30T19:00:00+00:00,2025-12-31T19:00:00+00:00,0
2026-01-18T19:00:00+00:00,2026-01-20T01:00:00+00:00,turbine_2,31,0.21573801191450365,0.02,0.19573801191450366,0.01,8.78,-7.5,0.0,0.7199118754922427,True,open_meteo_previous_runs,72,2026-01-17T13:00:00+00:00,2025-12-31T18:00:00+00:00,432.0,2025-11-30T19:00:00+00:00,2025-12-31T19:00:00+00:00,0
2026-01-18T19:00:00+00:00,2026-01-20T02:00:00+00:00,turbine_2,32,0.2127990797543074,0.01,0.2027990797543074,0.01,8.6,-7.6,0.0,0.7169729433320464,True,open_meteo_previous_runs,72,2026-01-17T14:00:00+00:00,2025-12-31T18:00:00+00:00,432.0,2025-11-30T19:00:00+00:00,2025-12-31T19:00:00+00:00,0
2026-01-18T19:00:00+00:00,2026-01-20T03:00:00+00:00,turbine_2,33,0.20108749669557113,0.0083333333333333,0.19275416336223783,0.01,8.42,-7.2,0.0,0.7052613602733102,True,open_meteo_previous_runs,72,2026-01-17T15:00:00+00:00,2025-12-31T18:00:00+00:00,432.0,2025-11-30T19:00:00+00:00,2025-12-31T19:00:00+00:00,0
2026-01-18T19:00:00+00:00,2026-01-20T04:00:00+00:00,turbine_2,34,0.22683445423622803,0.0083333333333333,0.21850112090289472,0.01,8.41,-5.5,0.0,0.7310083178139671,True,open_meteo_previous_runs,72,2026-01-17T16:00:00+00:00,2025-12-31T18:00:00+00:00,432.0,2025-11-30T19:00:00+00:00,2025-12-31T19:00:00+00:00,0
2026-01-18T19:00:00+00:00,2026-01-20T05:00:00+00:00,turbine_2,35,0.17549931534238522,0.02,0.15549931534238523,0.01,8.41,-4.0,0.0,0.6796731789201242,True,open_meteo_previous_runs,72,2026-01-17T17:00:00+00:00,2025-12-31T18:00:00+00:00,432.0,2025-11-30T19:00:00+00:00,2025-12-31T19:00:00+00:00,0
2026-01-18T19:00:00+00:00,2026-01-20T06:00:00+00:00,turbine_2,36,0.2026547268962846,0.06,0.1426547268962846,0.01,8.85,-2.8,0.0,0.7068285904740237,True,open_meteo_previous_runs,72,2026-01-17T18:00:00+00:00,2025-12-31T18:00:00+00:00,432.0,2025-11-30T19:00:00+00:00,2025-12-31T19:00:00+00:00,0
2026-01-18T19:00:00+00:00,2026-01-20T07:00:00+00:00,turbine_2,37,0.2026547268962846,0.0116666666666666,0.190988060229618,0.01,8.54,-1.9,0.0,0.7068285904740237,True,open_meteo_previous_runs,72,2026-01-17T19:00:00+00:00,2025-12-31T18:00:00+00:00,432.0,2025-11-30T19:00:00+00:00,2025-12-31T19:00:00+00:00,0
2026-01-18T19:00:00+00:00,2026-01-20T08:00:00+00:00,turbine_2,38,0.16163008958311686,0.0333333333333333,0.12829675624978357,0.01,8.1,-1.2,0.0,0.6658039531608559,True,open_meteo_previous_runs,72,2026-01-17T20:00:00+00:00,2025-12-31T18:00:00+00:00,432.0,2025-11-30T19:00:00+00:00,2025-12-31T19:00:00+00:00,0
2026-01-18T19:00:00+00:00,2026-01-20T09:00:00+00:00,turbine_2,39,0.14761512929144813,0.0833333333333333,0.06428179595811483,0.01,7.87,-1.2,0.0,0.6517889928691872,True,open_meteo_previous_runs,72,2026-01-17T21:00:00+00:00,2025-12-31T18:00:00+00:00,432.0,2025-11-30T19:00:00+00:00,2025-12-31T19:00:00+00:00,0
2026-01-18T19:00:00+00:00,2026-01-20T10:00:00+00:00,turbine_2,40,0.1597358911224471,0.04,0.11973589112244709,0.01,7.03,-1.5,0.0,0.6639097547001862,True,open_meteo_previous_runs,72,2026-01-17T22:00:00+00:00,2025-12-31T18:00:00+00:00,432.0,2025-11-30T19:00:00+00:00,2025-12-31T19:00:00+00:00,0
2026-01-18T19:00:00+00:00,2026-01-20T11:00:00+00:00,turbine_2,41,0.17452868589105416,0.0166666666666666,0.15786201922438756,0.01,6.47,-3.0,0.0,0.6787025494687933,True,open_meteo_previous_runs,72,2026-01-17T23:00:00+00:00,2025-12-31T18:00:00+00:00,432.0,2025-11-30T19:00:00+00:00,2025-12-31T19:00:00+00:00,0
2026-01-18T19:00:00+00:00,2026-01-20T12:00:00+00:00,turbine_2,42,0.16435470551679843,0.0083333333333333,0.15602137218346512,0.01,3.54,-3.5,0.0,0.6685285690945375,True,open_meteo_previous_runs,72,2026-01-18T00:00:00+00:00,2025-12-31T18:00:00+00:00,432.0,2025-11-30T19:00:00+00:00,2025-12-31T19:00:00+00:00,0
2026-01-18T19:00:00+00:00,2026-01-20T13:00:00+00:00,turbine_2,43,0.1741148875346891,0.01,0.16411488753468909,0.01,2.7,-4.1,0.0,0.6782887511124281,True,open_meteo_previous_runs,72,2026-01-18T01:00:00+00:00,2025-12-31T18:00:00+00:00,432.0,2025-11-30T19:00:00+00:00,2025-12-31T19:00:00+00:00,0
2026-01-18T19:00:00+00:00,2026-01-20T14:00:00+00:00,turbine_2,44,0.19620266940334696,0.01,0.18620266940334695,0.01,2.47,-4.5,0.0,0.700376532981086,True,open_meteo_previous_runs,72,2026-01-18T02:00:00+00:00,2025-12-31T18:00:00+00:00,432.0,2025-11-30T19:00:00+00:00,2025-12-31T19:00:00+00:00,0
2026-01-18T19:00:00+00:00,2026-01-20T15:00:00+00:00,turbine_2,45,0.1974102660664494,0.01,0.1874102660664494,0.01,3.74,-4.3,0.0,0.7015841296441885,True,open_meteo_previous_runs,72,2026-01-18T03:00:00+00:00,2025-12-31T18:00:00+00:00,432.0,2025-11-30T19:00:00+00:00,2025-12-31T19:00:00+00:00,0
2026-01-18T19:00:00+00:00,2026-01-20T16:00:00+00:00,turbine_2,46,0.21389397003250127,0.01,0.20389397003250126,0.01,5.0,-4.6,0.0,0.7180678336102404,True,open_meteo_previous_runs,72,2026-01-18T04:00:00+00:00,2025-12-31T18:00:00+00:00,432.0,2025-11-30T19:00:00+00:00,2025-12-31T19:00:00+00:00,0
2026-01-18T19:00:00+00:00,2026-01-20T17:00:00+00:00,turbine_2,47,0.18436051279575752,0.0349999999999999,0.14936051279575763,0.01,6.02,-5.4,0.0,0.6885343763734966,True,open_meteo_previous_runs,72,2026-01-18T05:00:00+00:00,2025-12-31T18:00:00+00:00,432.0,2025-11-30T19:00:00+00:00,2025-12-31T19:00:00+00:00,0
2026-01-18T19:00:00+00:00,2026-01-20T18:00:00+00:00,turbine_2,48,0.17597501430047058,0.16,0.015975014300470575,0.01,2.61,-4.9,0.0,0.6801488778782097,True,open_meteo_previous_runs,72,2026-01-18T06:00:00+00:00,2025-12-31T18:00:00+00:00,432.0,2025-11-30T19:00:00+00:00,2025-12-31T19:00:00+00:00,0
2026-01-19T19:00:00+00:00,2026-01-19T19:00:00+00:00,turbine_2,1,0.3211697039138034,0.01,0.3111697039138034,0.01,9.27,-8.1,0.0,0.8472099638207129,True,open_meteo_previous_runs,72,2026-01-17T07:00:00+00:00,2025-12-31T18:00:00+00:00,456.0,2025-11-30T19:00:00+00:00,2025-12-31T19:00:00+00:00,0
2026-01-19T19:00:00+00:00,2026-01-19T20:00:00+00:00,turbine_2,2,0.3211697039138034,0.01,0.3111697039138034,0.01,9.44,-8.2,0.0,0.8472099638207129,True,open_meteo_previous_runs,72,2026-01-17T08:00:00+00:00,2025-12-31T18:00:00+00:00,456.0,2025-11-30T19:00:00+00:00,2025-12-31T19:00:00+00:00,0
2026-01-19T19:00:00+00:00,2026-01-19T21:00:00+00:00,turbine_2,3,0.30776460476137196,0.0083333333333333,0.29943127142803866,0.01,9.35,-8.5,0.0,0.8338048646682814,True,open_meteo_previous_runs,72,2026-01-17T09:00:00+00:00,2025-12-31T18:00:00+00:00,456.0,2025-11-30T19:00:00+00:00,2025-12-31T19:00:00+00:00,0
2026-01-19T19:00:00+00:00,2026-01-19T22:00:00+00:00,turbine_2,4,0.3076833640660306,0.01,0.2976833640660306,0.01,9.12,-9.1,0.0,0.8337236239729401,True,open_meteo_previous_runs,72,2026-01-17T10:00:00+00:00,2025-12-31T18:00:00+00:00,456.0,2025-11-30T19:00:00+00:00,2025-12-31T19:00:00+00:00,0
2026-01-19T19:00:00+00:00,2026-01-19T23:00:00+00:00,turbine_2,5,0.2453480191630464,0.0116666666666666,0.2336813524963798,0.01,8.9,-9.7,0.0,0.7713882790699559,True,open_meteo_previous_runs,72,2026-01-17T11:00:00+00:00,2025-12-31T18:00:00+00:00,456.0,2025-11-30T19:00:00+00:00,2025-12-31T19:00:00+00:00,0
2026-01-19T19:00:00+00:00,2026-01-20T00:00:00+00:00,turbine_2,6,0.2829496419322996,0.075,0.2079496419322996,0.01,9.13,-7.4,0.0,0.808989901839209,True,open_meteo_previous_runs,72,2026-01-17T12:00:00+00:00,2025-12-31T18:00:00+00:00,456.0,2025-11-30T19:00:00+00:00,2025-12-31T19:00:00+00:00,0
2026-01-19T19:00:00+00:00,2026-01-20T01:00:00+00:00,turbine_2,7,0.21705729910531465,0.02,0.19705729910531466,0.01,8.78,-7.5,0.0,0.7430975590122242,True,open_meteo_previous_runs,72,2026-01-17T13:00:00+00:00,2025-12-31T18:00:00+00:00,456.0,2025-11-30T19:00:00+00:00,2025-12-31T19:00:00+00:00,0
2026-01-19T19:00:00+00:00,2026-01-20T02:00:00+00:00,turbine_2,8,0.21439280693048535,0.01,0.20439280693048534,0.01,8.6,-7.6,0.0,0.7404330668373948,True,open_meteo_previous_runs,72,2026-01-17T14:00:00+00:00,2025-12-31T18:00:00+00:00,456.0,2025-11-30T19:00:00+00:00,2025-12-31T19:00:00+00:00,0
2026-01-19T19:00:00+00:00,2026-01-20T03:00:00+00:00,turbine_2,9,0.20335464477667653,0.0083333333333333,0.19502131144334323,0.01,8.42,-7.2,0.0,0.729394904683586,True,open_meteo_previous_runs,72,2026-01-17T15:00:00+00:00,2025-12-31T18:00:00+00:00,456.0,2025-11-30T19:00:00+00:00,2025-12-31T19:00:00+00:00,0
2026-01-19T19:00:00+00:00,2026-01-20T04:00:00+00:00,turbine_2,10,0.22683445423622803,0.0083333333333333,0.21850112090289472,0.01,8.41,-5.5,0.0,0.7528747141431376,True,open_meteo_previous_runs,72,2026-01-17T16:00:00+00:00,2025-12-31T18:00:00+00:00,456.0,2025-11-30T19:00:00+00:00,2025-12-31T19:00:00+00:00,0
2026-01-19T19:00:00+00:00,2026-01-20T05:00:00+00:00,turbine_2,11,0.17549931534238522,0.02,0.15549931534238523,0.01,8.41,-4.0,0.0,0.7015395752492948,True,open_meteo_previous_runs,72,2026-01-17T17:00:00+00:00,2025-12-31T18:00:00+00:00,456.0,2025-11-30T19:00:00+00:00,2025-12-31T19:00:00+00:00,0
2026-01-19T19:00:00+00:00,2026-01-20T06:00:00+00:00,turbine_2,12,0.2026547268962846,0.06,0.1426547268962846,0.01,8.85,-2.8,0.0,0.7286949868031941,True,open_meteo_previous_runs,72,2026-01-17T18:00:00+00:00,2025-12-31T18:00:00+00:00,456.0,2025-11-30T19:00:00+00:00,2025-12-31T19:00:00+00:00,0
2026-01-19T19:00:00+00:00,2026-01-20T07:00:00+00:00,turbine_2,13,0.2026547268962846,0.0116666666666666,0.190988060229618,0.01,8.54,-1.9,0.0,0.7286949868031941,True,open_meteo_previous_runs,72,2026-01-17T19:00:00+00:00,2025-12-31T18:00:00+00:00,456.0,2025-11-30T19:00:00+00:00,2025-12-31T19:00:00+00:00,0
2026-01-19T19:00:00+00:00,2026-01-20T08:00:00+00:00,turbine_2,14,0.16163008958311686,0.0333333333333333,0.12829675624978357,0.01,8.1,-1.2,0.0,0.6876703494900264,True,open_meteo_previous_runs,72,2026-01-17T20:00:00+00:00,2025-12-31T18:00:00+00:00,456.0,2025-11-30T19:00:00+00:00,2025-12-31T19:00:00+00:00,0
2026-01-19T19:00:00+00:00,2026-01-20T09:00:00+00:00,turbine_2,15,0.14761512929144813,0.0833333333333333,0.06428179595811483,0.01,7.87,-1.2,0.0,0.6736553891983577,True,open_meteo_previous_runs,72,2026-01-17T21:00:00+00:00,2025-12-31T18:00:00+00:00,456.0,2025-11-30T19:00:00+00:00,2025-12-31T19:00:00+00:00,0
2026-01-19T19:00:00+00:00,2026-01-20T10:00:00+00:00,turbine_2,16,0.1597358911224471,0.04,0.11973589112244709,0.01,7.03,-1.5,0.0,0.6857761510293566,True,open_meteo_previous_runs,72,2026-01-17T22:00:00+00:00,2025-12-31T18:00:00+00:00,456.0,2025-11-30T19:00:00+00:00,2025-12-31T19:00:00+00:00,0
2026-01-19T19:00:00+00:00,2026-01-20T11:00:00+00:00,turbine_2,17,0.17452868589105416,0.0166666666666666,0.15786201922438756,0.01,6.47,-3.0,0.0,0.7005689457979637,True,open_meteo_previous_runs,72,2026-01-17T23:00:00+00:00,2025-12-31T18:00:00+00:00,456.0,2025-11-30T19:00:00+00:00,2025-12-31T19:00:00+00:00,0
2026-01-19T19:00:00+00:00,2026-01-20T12:00:00+00:00,turbine_2,18,0.16435470551679843,0.0083333333333333,0.15602137218346512,0.01,3.54,-3.5,0.0,0.6903949654237079,True,open_meteo_previous_runs,72,2026-01-18T00:00:00+00:00,2025-12-31T18:00:00+00:00,456.0,2025-11-30T19:00:00+00:00,2025-12-31T19:00:00+00:00,0
2026-01-19T19:00:00+00:00,2026-01-20T13:00:00+00:00,turbine_2,19,0.1741148875346891,0.01,0.16411488753468909,0.01,2.7,-4.1,0.0,0.7001551474415986,True,open_meteo_previous_runs,72,2026-01-18T01:00:00+00:00,2025-12-31T18:00:00+00:00,456.0,2025-11-30T19:00:00+00:00,2025-12-31T19:00:00+00:00,0
2026-01-19T19:00:00+00:00,2026-01-20T14:00:00+00:00,turbine_2,20,0.19620266940334696,0.01,0.18620266940334695,0.01,2.47,-4.5,0.0,0.7222429293102565,True,open_meteo_previous_runs,72,2026-01-18T02:00:00+00:00,2025-12-31T18:00:00+00:00,456.0,2025-11-30T19:00:00+00:00,2025-12-31T19:00:00+00:00,0
2026-01-19T19:00:00+00:00,2026-01-20T15:00:00+00:00,turbine_2,21,0.1974102660664494,0.01,0.1874102660664494,0.01,3.74,-4.3,0.0,0.7234505259733589,True,open_meteo_previous_runs,72,2026-01-18T03:00:00+00:00,2025-12-31T18:00:00+00:00,456.0,2025-11-30T19:00:00+00:00,2025-12-31T19:00:00+00:00,0
2026-01-19T19:00:00+00:00,2026-01-20T16:00:00+00:00,turbine_2,22,0.21389397003250127,0.01,0.20389397003250126,0.01,5.0,-4.6,0.0,0.7399342299394107,True,open_meteo_previous_runs,72,2026-01-18T04:00:00+00:00,2025-12-31T18:00:00+00:00,456.0,2025-11-30T19:00:00+00:00,2025-12-31T19:00:00+00:00,0
2026-01-19T19:00:00+00:00,2026-01-20T17:00:00+00:00,turbine_2,23,0.18436051279575752,0.0349999999999999,0.14936051279575763,0.01,6.02,-5.4,0.0,0.710400772702667,True,open_meteo_previous_runs,72,2026-01-18T05:00:00+00:00,2025-12-31T18:00:00+00:00,456.0,2025-11-30T19:00:00+00:00,2025-12-31T19:00:00+00:00,0
2026-01-19T19:00:00+00:00,2026-01-20T18:00:00+00:00,turbine_2,24,0.17597501430047058,0.16,0.015975014300470575,0.01,2.61,-4.9,0.0,0.7020152742073801,True,open_meteo_previous_runs,72,2026-01-18T06:00:00+00:00,2025-12-31T18:00:00+00:00,456.0,2025-11-30T19:00:00+00:00,2025-12-31T19:00:00+00:00,0
2026-01-19T19:00:00+00:00,2026-01-20T19:00:00+00:00,turbine_2,25,0.19826283700110875,0.2633333333333333,-0.06507049633222456,0.01,4.35,-5.4,0.0,0.7024367005788479,True,open_meteo_previous_runs,72,2026-01-18T07:00:00+00:00,2025-12-31T18:00:00+00:00,456.0,2025-11-30T19:00:00+00:00,2025-12-31T19:00:00+00:00,0
2026-01-19T19:00:00+00:00,2026-01-20T20:00:00+00:00,turbine_2,26,0.2200179914330979,0.2966666666666667,-0.0766486752335688,0.01,7.27,-5.6,0.0,0.7241918550108369,True,open_meteo_previous_runs,72,2026-01-18T08:00:00+00:00,2025-12-31T18:00:00+00:00,456.0,2025-11-30T19:00:00+00:00,2025-12-31T19:00:00+00:00,0
2026-01-19T19:00:00+00:00,2026-01-20T21:00:00+00:00,turbine_2,27,0.2475135780514389,0.44,-0.1924864219485611,0.01,8.95,-6.2,0.0,0.751687441629178,True,open_meteo_previous_runs,72,2026-01-18T09:00:00+00:00,2025-12-31T18:00:00+00:00,456.0,2025-11-30T19:00:00+00:00,2025-12-31T19:00:00+00:00,0
2026-01-19T19:00:00+00:00,2026-01-20T22:00:00+00:00,turbine_2,28,0.24743233735609746,0.6516666666666667,-0.40423432931056924,0.01,8.86,-6.9,0.0,0.7516062009338366,True,open_meteo_previous_runs,72,2026-01-18T10:00:00+00:00,2025-12-31T18:00:00+00:00,456.0,2025-11-30T19:00:00+00:00,2025-12-31T19:00:00+00:00,0
2026-01-19T19:00:00+00:00,2026-01-20T23:00:00+00:00,turbine_2,29,0.32077521334120007,0.835,-0.5142247866587999,0.01,9.21,-7.5,0.0,0.8249490769189392,True,open_meteo_previous_runs,72,2026-01-18T11:00:00+00:00,2025-12-31T18:00:00+00:00,456.0,2025-11-30T19:00:00+00:00,2025-12-31T19:00:00+00:00,0
2026-01-19T19:00:00+00:00,2026-01-21T00:00:00+00:00,turbine_2,30,0.43449024438027556,0.945,-0.5105097556197244,0.01,10.2,-9.1,0.0,0.9386641079580147,True,open_meteo_previous_runs,72,2026-01-18T12:00:00+00:00,2025-12-31T18:00:00+00:00,456.0,2025-11-30T19:00:00+00:00,2025-12-31T19:00:00+00:00,0
2026-01-19T19:00:00+00:00,2026-01-21T01:00:00+00:00,turbine_2,31,0.7374766691336946,0.8866666666666667,-0.14918999753297213,0.01,10.89,-9.0,0.2333028055559555,1.0,True,open_meteo_previous_runs,72,2026-01-18T13:00:00+00:00,2025-12-31T18:00:00+00:00,456.0,2025-11-30T19:00:00+00:00,2025-12-31T19:00:00+00:00,0
2026-01-19T19:00:00+00:00,2026-01-21T02:00:00+00:00,turbine_2,32,0.8194529400978778,0.9816666666666666,-0.16221372656878874,0.01,11.9,-8.9,0.31527907652013876,1.0,True,open_meteo_previous_runs,72,2026-01-18T14:00:00+00:00,2025-12-31T18:00:00+00:00,456.0,2025-11-30T19:00:00+00:00,2025-12-31T19:00:00+00:00,0
2026-01-19T19:00:00+00:00,2026-01-21T03:00:00+00:00,turbine_2,33,0.8392618409745686,0.9866666666666668,-0.14740482569209823,0.01,12.4,-8.2,0.3350879773968295,1.0,True,open_meteo_previous_runs,72,2026-01-18T15:00:00+00:00,2025-12-31T18:00:00+00:00,456.0,2025-11-30T19:00:00+00:00,2025-12-31T19:00:00+00:00,0
2026-01-19T19:00:00+00:00,2026-01-21T04:00:00+00:00,turbine_2,34,0.8410251369723118,0.99,-0.14897486302768814,0.01,13.17,-6.1,0.33685127339457277,1.0,True,open_meteo_previous_runs,72,2026-01-18T16:00:00+00:00,2025-12-31T18:00:00+00:00,456.0,2025-11-30T19:00:00+00:00,2025-12-31T19:00:00+00:00,0
2026-01-19T19:00:00+00:00,2026-01-21T05:00:00+00:00,turbine_2,35,0.8134726057318966,0.9333333333333332,-0.11986072760143662,0.01,14.05,-3.9,0.30929874215415754,1.0,True,open_meteo_previous_runs,72,2026-01-18T17:00:00+00:00,2025-12-31T18:00:00+00:00,456.0,2025-11-30T19:00:00+00:00,2025-12-31T19:00:00+00:00,0
2026-01-19T19:00:00+00:00,2026-01-21T06:00:00+00:00,turbine_2,36,0.8373038265353124,0.9883333333333332,-0.15102950679802074,0.01,14.36,-2.1,0.33312996295757336,1.0,True,open_meteo_previous_runs,72,2026-01-18T18:00:00+00:00,2025-12-31T18:00:00+00:00,456.0,2025-11-30T19:00:00+00:00,2025-12-31T19:00:00+00:00,0
2026-01-19T19:00:00+00:00,2026-01-21T07:00:00+00:00,turbine_2,37,0.8373038265353124,0.99,-0.15269617346468756,0.01,14.36,-1.3,0.33312996295757336,1.0,True,open_meteo_previous_runs,72,2026-01-18T19:00:00+00:00,2025-12-31T18:00:00+00:00,456.0,2025-11-30T19:00:00+00:00,2025-12-31T19:00:00+00:00,0
2026-01-19T19:00:00+00:00,2026-01-21T08:00:00+00:00,turbine_2,38,0.8373038265353124,0.99,-0.15269617346468756,0.01,13.97,-0.7,0.33312996295757336,1.0,True,open_meteo_previous_runs,72,2026-01-18T20:00:00+00:00,2025-12-31T18:00:00+00:00,456.0,2025-11-30T19:00:00+00:00,2025-12-31T19:00:00+00:00,0
2026-01-19T19:00:00+00:00,2026-01-21T09:00:00+00:00,turbine_2,39,0.8251455400925882,0.9866666666666668,-0.16152112657407858,0.01,13.47,-0.5,0.32097167651484915,1.0,True,open_meteo_previous_runs,72,2026-01-18T21:00:00+00:00,2025-12-31T18:00:00+00:00,456.0,2025-11-30T19:00:00+00:00,2025-12-31T19:00:00+00:00,0
2026-01-19T19:00:00+00:00,2026-01-21T10:00:00+00:00,turbine_2,40,0.8409763599920107,0.975,-0.13402364000798928,0.01,13.1,-1.2,0.3368024964142716,1.0,True,open_meteo_previous_runs,72,2026-01-18T22:00:00+00:00,2025-12-31T18:00:00+00:00,456.0,2025-11-30T19:00:00+00:00,2025-12-31T19:00:00+00:00,0
2026-01-19T19:00:00+00:00,2026-01-21T11:00:00+00:00,turbine_2,41,0.806347010212444,0.985,-0.17865298978755595,0.01,12.57,-3.0,0.30217314663470496,1.0,True,open_meteo_previous_runs,72,2026-01-18T23:00:00+00:00,2025-12-31T18:00:00+00:00,456.0,2025-11-30T19:00:00+00:00,2025-12-31T19:00:00+00:00,0
2026-01-19T19:00:00+00:00,2026-01-21T12:00:00+00:00,turbine_2,42,0.7908119819741491,0.9866666666666668,-0.19585468469251766,0.01,12.09,-4.8,0.28663811839641007,1.0,True,open_meteo_previous_runs,72,2026-01-19T00:00:00+00:00,2025-12-31T18:00:00+00:00,456.0,2025-11-30T19:00:00+00:00,2025-12-31T19:00:00+00:00,0
2026-01-19T19:00:00+00:00,2026-01-21T13:00:00+00:00,turbine_2,43,0.7933804448143694,0.2816666666666667,0.5117137781477028,0.01,11.43,-5.7,0.28920658123663034,1.0,True,open_meteo_previous_runs,72,2026-01-19T01:00:00+00:00,2025-12-31T18:00:00+00:00,456.0,2025-11-30T19:00:00+00:00,2025-12-31T19:00:00+00:00,0
2026-01-19T19:00:00+00:00,2026-01-21T14:00:00+00:00,turbine_2,44,0.8035126910252229,0.0533333333333333,0.7501793576918896,0.01,11.18,-5.9,0.29933882744748386,1.0,True,open_meteo_previous_runs,72,2026-01-19T02:00:00+00:00,2025-12-31T18:00:00+00:00,456.0,2025-11-30T19:00:00+00:00,2025-12-31T19:00:00+00:00,0
2026-01-19T19:00:00+00:00,2026-01-21T15:00:00+00:00,turbine_2,45,0.8035126910252229,0.1716666666666666,0.6318460243585563,0.01,11.04,-6.0,0.29933882744748386,1.0,True,open_meteo_previous_runs,72,2026-01-19T03:00:00+00:00,2025-12-31T18:00:00+00:00,456.0,2025-11-30T19:00:00+00:00,2025-12-31T19:00:00+00:00,0
2026-01-19T19:00:00+00:00,2026-01-21T16:00:00+00:00,turbine_2,46,0.7987063616926494,0.1999999999999999,0.5987063616926496,0.01,11.11,-5.9,0.29453249811491033,1.0,True,open_meteo_previous_runs,72,2026-01-19T04:00:00+00:00,2025-12-31T18:00:00+00:00,456.0,2025-11-30T19:00:00+00:00,2025-12-31T19:00:00+00:00,0
2026-01-19T19:00:00+00:00,2026-01-21T17:00:00+00:00,turbine_2,47,0.8137471284614889,0.1583333333333333,0.6554137951281556,0.01,12.18,-5.7,0.3095732648837498,1.0,True,open_meteo_previous_runs,72,2026-01-19T05:00:00+00:00,2025-12-31T18:00:00+00:00,456.0,2025-11-30T19:00:00+00:00,2025-12-31T19:00:00+00:00,0
2026-01-19T19:00:00+00:00,2026-01-21T18:00:00+00:00,turbine_2,48,0.8137471284614889,0.315,0.4987471284614889,0.01,12.16,-5.6,0.3095732648837498,1.0,True,open_meteo_previous_runs,72,2026-01-19T06:00:00+00:00,2025-12-31T18:00:00+00:00,456.0,2025-11-30T19:00:00+00:00,2025-12-31T19:00:00+00:00,0
2026-01-20T19:00:00+00:00,2026-01-20T19:00:00+00:00,turbine_2,1,0.19776272236528789,0.2633333333333333,-0.06557061096804542,0.01,4.35,-5.4,0.0,0.7238029822721974,True,open_meteo_previous_runs,72,2026-01-18T07:00:00+00:00,2025-12-31T18:00:00+00:00,480.0,2025-11-30T19:00:00+00:00,2025-12-31T19:00:00+00:00,0
2026-01-20T19:00:00+00:00,2026-01-20T20:00:00+00:00,turbine_2,2,0.2217850248783824,0.2966666666666667,-0.0748816417882843,0.01,7.27,-5.6,0.0,0.7478252847852919,True,open_meteo_previous_runs,72,2026-01-18T08:00:00+00:00,2025-12-31T18:00:00+00:00,480.0,2025-11-30T19:00:00+00:00,2025-12-31T19:00:00+00:00,0
2026-01-20T19:00:00+00:00,2026-01-20T21:00:00+00:00,turbine_2,3,0.2491705818978018,0.44,-0.1908294181021982,0.01,8.95,-6.2,0.0,0.7752108418047113,True,open_meteo_previous_runs,72,2026-01-18T09:00:00+00:00,2025-12-31T18:00:00+00:00,480.0,2025-11-30T19:00:00+00:00,2025-12-31T19:00:00+00:00,0
2026-01-20T19:00:00+00:00,2026-01-20T22:00:00+00:00,turbine_2,4,0.24908934120246037,0.6516666666666667,-0.4025773254642063,0.01,8.86,-6.9,0.0,0.7751296011093699,True,open_meteo_previous_runs,72,2026-01-18T10:00:00+00:00,2025-12-31T18:00:00+00:00,480.0,2025-11-30T19:00:00+00:00,2025-12-31T19:00:00+00:00,0
2026-01-20T19:00:00+00:00,2026-01-20T23:00:00+00:00,turbine_2,5,0.32215473710282355,0.835,-0.5128452628971765,0.01,9.21,-7.5,0.0,0.8481949970097331,True,open_meteo_previous_runs,72,2026-01-18T11:00:00+00:00,2025-12-31T18:00:00+00:00,480.0,2025-11-30T19:00:00+00:00,2025-12-31T19:00:00+00:00,0
2026-01-20T19:00:00+00:00,2026-01-21T00:00:00+00:00,turbine_2,6,0.43586976814189904,0.945,-0.5091302318581009,0.01,10.2,-9.1,0.0,0.9619100280488085,True,open_meteo_previous_runs,72,2026-01-18T12:00:00+00:00,2025-12-31T18:00:00+00:00,480.0,2025-11-30T19:00:00+00:00,2025-12-31T19:00:00+00:00,0
2026-01-20T19:00:00+00:00,2026-01-21T01:00:00+00:00,turbine_2,7,0.7365288082434002,0.8866666666666667,-0.15013785842326655,0.01,10.89,-9.0,0.21048854833649067,1.0,True,open_meteo_previous_runs,72,2026-01-18T13:00:00+00:00,2025-12-31T18:00:00+00:00,480.0,2025-11-30T19:00:00+00:00,2025-12-31T19:00:00+00:00,0
2026-01-20T19:00:00+00:00,2026-01-21T02:00:00+00:00,turbine_2,8,0.8110224124818036,0.9816666666666666,-0.17064425418486295,0.01,11.9,-8.9,0.2849821525748941,1.0,True,open_meteo_previous_runs,72,2026-01-18T14:00:00+00:00,2025-12-31T18:00:00+00:00,480.0,2025-11-30T19:00:00+00:00,2025-12-31T19:00:00+00:00,0
2026-01-20T19:00:00+00:00,2026-01-21T03:00:00+00:00,turbine_2,9,0.8315047342634219,0.9866666666666668,-0.15516193240324494,0.01,12.4,-8.2,0.30546447435651236,1.0,True,open_meteo_previous_runs,72,2026-01-18T15:00:00+00:00,2025-12-31T18:00:00+00:00,480.0,2025-11-30T19:00:00+00:00,2025-12-31T19:00:00+00:00,0
2026-01-20T19:00:00+00:00,2026-01-21T04:00:00+00:00,turbine_2,10,0.8410251369723118,0.99,-0.14897486302768814,0.01,13.17,-6.1,0.31498487706540235,1.0,True,open_meteo_previous_runs,72,2026-01-18T16:00:00+00:00,2025-12-31T18:00:00+00:00,480.0,2025-11-30T19:00:00+00:00,2025-12-31T19:00:00+00:00,0
2026-01-20T19:00:00+00:00,2026-01-21T05:00:00+00:00,turbine_2,11,0.8134726057318966,0.9333333333333332,-0.11986072760143662,0.01,14.05,-3.9,0.2874323458249871,1.0,True,open_meteo_previous_runs,72,2026-01-18T17:00:00+00:00,2025-12-31T18:00:00+00:00,480.0,2025-11-30T19:00:00+00:00,2025-12-31T19:00:00+00:00,0
2026-01-20T19:00:00+00:00,2026-01-21T06:00:00+00:00,turbine_2,12,0.8373038265353124,0.9883333333333332,-0.15102950679802074,0.01,14.36,-2.1,0.31126356662840293,1.0,True,open_meteo_previous_runs,72,2026-01-18T18:00:00+00:00,2025-12-31T18:00:00+00:00,480.0,2025-11-30T19:00:00+00:00,2025-12-31T19:00:00+00:00,0
2026-01-20T19:00:00+00:00,2026-01-21T07:00:00+00:00,turbine_2,13,0.8373038265353124,0.99,-0.15269617346468756,0.01,14.36,-1.3,0.31126356662840293,1.0,True,open_meteo_previous_runs,72,2026-01-18T19:00:00+00:00,2025-12-31T18:00:00+00:00,480.0,2025-11-30T19:00:00+00:00,2025-12-31T19:00:00+00:00,0
2026-01-20T19:00:00+00:00,2026-01-21T08:00:00+00:00,turbine_2,14,0.8373038265353124,0.99,-0.15269617346468756,0.01,13.97,-0.7,0.31126356662840293,1.0,True,open_meteo_previous_runs,72,2026-01-18T20:00:00+00:00,2025-12-31T18:00:00+00:00,480.0,2025-11-30T19:00:00+00:00,2025-12-31T19:00:00+00:00,0
2026-01-20T19:00:00+00:00,2026-01-21T09:00:00+00:00,turbine_2,15,0.8251455400925882,0.9866666666666668,-0.16152112657407858,0.01,13.47,-0.5,0.2991052801856787,1.0,True,open_meteo_previous_runs,72,2026-01-18T21:00:00+00:00,2025-12-31T18:00:00+00:00,480.0,2025-11-30T19:00:00+00:00,2025-12-31T19:00:00+00:00,0
2026-01-20T19:00:00+00:00,2026-01-21T10:00:00+00:00,turbine_2,16,0.8409763599920107,0.975,-0.13402364000798928,0.01,13.1,-1.2,0.3149361000851012,1.0,True,open_meteo_previous_runs,72,2026-01-18T22:00:00+00:00,2025-12-31T18:00:00+00:00,480.0,2025-11-30T19:00:00+00:00,2025-12-31T19:00:00+00:00,0
2026-01-20T19:00:00+00:00,2026-01-21T11:00:00+00:00,turbine_2,17,0.806347010212444,0.985,-0.17865298978755595,0.01,12.57,-3.0,0.28030675030553454,1.0,True,open_meteo_previous_runs,72,2026-01-18T23:00:00+00:00,2025-12-31T18:00:00+00:00,480.0,2025-11-30T19:00:00+00:00,2025-12-31T19:00:00+00:00,0
2026-01-20T19:00:00+00:00,2026-01-21T12:00:00+00:00,turbine_2,18,0.7908119819741491,0.9866666666666668,-0.19585468469251766,0.01,12.09,-4.8,0.26477172206723965,1.0,True,open_meteo_previous_runs,72,2026-01-19T00:00:00+00:00,2025-12-31T18:00:00+00:00,480.0,2025-11-30T19:00:00+00:00,2025-12-31T19:00:00+00:00,0
2026-01-20T19:00:00+00:00,2026-01-21T13:00:00+00:00,turbine_2,19,0.7933804448143694,0.2816666666666667,0.5117137781477028,0.01,11.43,-5.7,0.2673401849074599,1.0,True,open_meteo_previous_runs,72,2026-01-19T01:00:00+00:00,2025-12-31T18:00:00+00:00,480.0,2025-11-30T19:00:00+00:00,2025-12-31T19:00:00+00:00,0
2026-01-20T19:00:00+00:00,2026-01-21T14:00:00+00:00,turbine_2,20,0.8035126910252229,0.0533333333333333,0.7501793576918896,0.01,11.18,-5.9,0.27747243111831343,1.0,True,open_meteo_previous_runs,72,2026-01-19T02:00:00+00:00,2025-12-31T18:00:00+00:00,480.0,2025-11-30T19:00:00+00:00,2025-12-31T19:00:00+00:00,0
2026-01-20T19:00:00+00:00,2026-01-21T15:00:00+00:00,turbine_2,21,0.8035126910252229,0.1716666666666666,0.6318460243585563,0.01,11.04,-6.0,0.27747243111831343,1.0,True,open_meteo_previous_runs,72,2026-01-19T03:00:00+00:00,2025-12-31T18:00:00+00:00,480.0,2025-11-30T19:00:00+00:00,2025-12-31T19:00:00+00:00,0
2026-01-20T19:00:00+00:00,2026-01-21T16:00:00+00:00,turbine_2,22,0.7987063616926494,0.1999999999999999,0.5987063616926496,0.01,11.11,-5.9,0.2726661017857399,1.0,True,open_meteo_previous_runs,72,2026-01-19T04:00:00+00:00,2025-12-31T18:00:00+00:00,480.0,2025-11-30T19:00:00+00:00,2025-12-31T19:00:00+00:00,0
2026-01-20T19:00:00+00:00,2026-01-21T17:00:00+00:00,turbine_2,23,0.8137471284614889,0.1583333333333333,0.6554137951281556,0.01,12.18,-5.7,0.2877068685545794,1.0,True,open_meteo_previous_runs,72,2026-01-19T05:00:00+00:00,2025-12-31T18:00:00+00:00,480.0,2025-11-30T19:00:00+00:00,2025-12-31T19:00:00+00:00,0
2026-01-20T19:00:00+00:00,2026-01-21T18:00:00+00:00,turbine_2,24,0.8137471284614889,0.315,0.4987471284614889,0.01,12.16,-5.6,0.2877068685545794,1.0,True,open_meteo_previous_runs,72,2026-01-19T06:00:00+00:00,2025-12-31T18:00:00+00:00,480.0,2025-11-30T19:00:00+00:00,2025-12-31T19:00:00+00:00,0
2026-01-20T19:00:00+00:00,2026-01-21T19:00:00+00:00,turbine_2,25,0.748010333534195,0.4749999999999999,0.27301033353419507,0.01,12.93,-5.4,0.24383646995645591,1.0,True,open_meteo_previous_runs,72,2026-01-19T07:00:00+00:00,2025-12-31T18:00:00+00:00,480.0,2025-11-30T19:00:00+00:00,2025-12-31T19:00:00+00:00,0
2026-01-20T19:00:00+00:00,2026-01-21T20:00:00+00:00,turbine_2,26,0.808388910578026,0.52,0.28838891057802596,0.01,13.3,-5.3,0.3042150470002869,1.0,True,open_meteo_previous_runs,72,2026-01-19T08:00:00+00:00,2025-12-31T18:00:00+00:00,480.0,2025-11-30T19:00:00+00:00,2025-12-31T19:00:00+00:00,0
2026-01-20T19:00:00+00:00,2026-01-21T21:00:00+00:00,turbine_2,27,0.780542547272836,0.385,0.395542547272836,0.01,12.79,-5.7,0.27636868369509693,1.0,True,open_meteo_previous_runs,72,2026-01-19T09:00:00+00:00,2025-12-31T18:00:00+00:00,480.0,2025-11-30T19:00:00+00:00,2025-12-31T19:00:00+00:00,0
2026-01-20T19:00:00+00:00,2026-01-21T22:00:00+00:00,turbine_2,28,0.7607336463961453,0.4283333333333334,0.33240031306281187,0.01,11.84,-5.8,0.2565597828184062,1.0,True,open_meteo_previous_runs,72,2026-01-19T10:00:00+00:00,2025-12-31T18:00:00+00:00,480.0,2025-11-30T19:00:00+00:00,2025-12-31T19:00:00+00:00,0
2026-01-20T19:00:00+00:00,2026-01-21T23:00:00+00:00,turbine_2,29,0.7218377316161454,0.1516666666666666,0.5701710649494788,0.01,11.15,-5.8,0.21766386803840632,1.0,True,open_meteo_previous_runs,72,2026-01-19T11:00:00+00:00,2025-12-31T18:00:00+00:00,480.0,2025-11-30T19:00:00+00:00,2025-12-31T19:00:00+00:00,0
2026-01-20T19:00:00+00:00,2026-01-22T00:00:00+00:00,turbine_2,30,0.36104664539420495,0.2983333333333333,0.06271331206087166,0.01,9.3,-10.0,0.0,0.865220508971944,True,open_meteo_previous_runs,72,2026-01-19T12:00:00+00:00,2025-12-31T18:00:00+00:00,480.0,2025-11-30T19:00:00+00:00,2025-12-31T19:00:00+00:00,0
2026-01-20T19:00:00+00:00,2026-01-22T01:00:00+00:00,turbine_2,31,0.7446186336092318,0.09,0.6546186336092318,0.01,11.23,-8.4,0.24044477003149267,1.0,True,open_meteo_previous_runs,72,2026-01-19T13:00:00+00:00,2025-12-31T18:00:00+00:00,480.0,2025-11-30T19:00:00+00:00,2025-12-31T19:00:00+00:00,0
2026-01-20T19:00:00+00:00,2026-01-22T02:00:00+00:00,turbine_2,32,0.7416797014490354,0.0266666666666666,0.7150130347823688,0.01,11.68,-9.0,0.2375058378712963,1.0,True,open_meteo_previous_runs,72,2026-01-19T14:00:00+00:00,2025-12-31T18:00:00+00:00,480.0,2025-11-30T19:00:00+00:00,2025-12-31T19:00:00+00:00,0
2026-01-20T19:00:00+00:00,2026-01-22T03:00:00+00:00,turbine_2,33,0.4131740823654402,0.01,0.40317408236544017,0.01,9.98,-8.1,0.0,0.9173479459431793,True,open_meteo_previous_runs,72,2026-01-19T15:00:00+00:00,2025-12-31T18:00:00+00:00,480.0,2025-11-30T19:00:00+00:00,2025-12-31T19:00:00+00:00,0
2026-01-20T19:00:00+00:00,2026-01-22T04:00:00+00:00,turbine_2,34,0.7163334782560676,0.0283333333333333,0.6880001449227343,0.01,11.35,-5.8,0.21215961467832856,1.0,True,open_meteo_previous_runs,72,2026-01-19T16:00:00+00:00,2025-12-31T18:00:00+00:00,480.0,2025-11-30T19:00:00+00:00,2025-12-31T19:00:00+00:00,0
2026-01-20T19:00:00+00:00,2026-01-22T05:00:00+00:00,turbine_2,35,0.15230342168287767,0.0166666666666666,0.13563675501621106,0.01,7.02,-4.7,0.0,0.6564772852606168,True,open_meteo_previous_runs,72,2026-01-19T17:00:00+00:00,2025-12-31T18:00:00+00:00,480.0,2025-11-30T19:00:00+00:00,2025-12-31T19:00:00+00:00,0
2026-01-20T19:00:00+00:00,2026-01-22T06:00:00+00:00,turbine_2,36,0.3387002820994713,0.01,0.3287002820994713,0.01,9.57,-3.3,0.0,0.8428741456772104,True,open_meteo_previous_runs,72,2026-01-19T18:00:00+00:00,2025-12-31T18:00:00+00:00,480.0,2025-11-30T19:00:00+00:00,2025-12-31T19:00:00+00:00,0
2026-01-20T19:00:00+00:00,2026-01-22T07:00:00+00:00,turbine_2,37,0.2235481641674051,0.0083333333333333,0.2152148308340718,0.01,9.0,-3.9,0.0,0.7277220277451442,True,open_meteo_previous_runs,72,2026-01-19T19:00:00+00:00,2025-12-31T18:00:00+00:00,480.0,2025-11-30T19:00:00+00:00,2025-12-31T19:00:00+00:00,0
2026-01-20T19:00:00+00:00,2026-01-22T08:00:00+00:00,turbine_2,38,0.1673659067334214,0.1483333333333333,0.0190325734000881,0.01,3.76,-4.4,0.0,0.6715397703111605,True,open_meteo_previous_runs,72,2026-01-19T20:00:00+00:00,2025-12-31T18:00:00+00:00,480.0,2025-11-30T19:00:00+00:00,2025-12-31T19:00:00+00:00,0
2026-01-20T19:00:00+00:00,2026-01-22T09:00:00+00:00,turbine_2,39,0.15363655576250168,0.3283333333333333,-0.17469677757083163,0.01,1.0,-4.1,0.0,0.6578104193402408,True,open_meteo_previous_runs,72,2026-01-19T21:00:00+00:00,2025-12-31T18:00:00+00:00,480.0,2025-11-30T19:00:00+00:00,2025-12-31T19:00:00+00:00,0
2026-01-20T19:00:00+00:00,2026-01-22T10:00:00+00:00,turbine_2,40,0.18181998670719426,0.3216666666666666,-0.13984667995947234,0.01,3.32,-4.3,0.0,0.6859938502849333,True,open_meteo_previous_runs,72,2026-01-19T22:00:00+00:00,2025-12-31T18:00:00+00:00,480.0,2025-11-30T19:00:00+00:00,2025-12-31T19:00:00+00:00,0
2026-01-20T19:00:00+00:00,2026-01-22T11:00:00+00:00,turbine_2,41,0.24059566025611023,0.4949999999999999,-0.25440433974388965,0.01,6.09,-6.1,0.0,0.7447695238338493,True,open_meteo_previous_runs,72,2026-01-19T23:00:00+00:00,2025-12-31T18:00:00+00:00,480.0,2025-11-30T19:00:00+00:00,2025-12-31T19:00:00+00:00,0
2026-01-20T19:00:00+00:00,2026-01-22T12:00:00+00:00,turbine_2,42,0.22994504406786104,0.5116666666666666,-0.28172162259880557,0.01,6.77,-6.8,0.0,0.7341189076456001,True,open_meteo_previous_runs,72,2026-01-20T00:00:00+00:00,2025-12-31T18:00:00+00:00,480.0,2025-11-30T19:00:00+00:00,2025-12-31T19:00:00+00:00,0
2026-01-20T19:00:00+00:00,2026-01-22T13:00:00+00:00,turbine_2,43,0.30975074146054465,0.4683333333333333,-0.15858259187278867,0.01,8.82,-7.6,0.0,0.8139246050382838,True,open_meteo_previous_runs,72,2026-01-20T01:00:00+00:00,2025-12-31T18:00:00+00:00,480.0,2025-11-30T19:00:00+00:00,2025-12-31T19:00:00+00:00,0
2026-01-20T19:00:00+00:00,2026-01-22T14:00:00+00:00,turbine_2,44,0.4291149824921275,0.7733333333333333,-0.34421835084120583,0.01,9.63,-7.2,0.0,0.9332888460698665,True,open_meteo_previous_runs,72,2026-01-20T02:00:00+00:00,2025-12-31T18:00:00+00:00,480.0,2025-11-30T19:00:00+00:00,2025-12-31T19:00:00+00:00,0
2026-01-20T19:00:00+00:00,2026-01-22T15:00:00+00:00,turbine_2,45,0.4071556289274351,0.8183333333333334,-0.41117770440589824,0.01,9.27,-7.7,0.0,0.9113294925051743,True,open_meteo_previous_runs,72,2026-01-20T03:00:00+00:00,2025-12-31T18:00:00+00:00,480.0,2025-11-30T19:00:00+00:00,2025-12-31T19:00:00+00:00,0
2026-01-20T19:00:00+00:00,2026-01-22T16:00:00+00:00,turbine_2,46,0.7529949967500472,0.6983333333333334,0.05466166341671386,0.01,10.96,-7.7,0.24882113317230814,1.0,True,open_meteo_previous_runs,72,2026-01-20T04:00:00+00:00,2025-12-31T18:00:00+00:00,480.0,2025-11-30T19:00:00+00:00,2025-12-31T19:00:00+00:00,0
2026-01-20T19:00:00+00:00,2026-01-22T17:00:00+00:00,turbine_2,47,0.7866944223803788,0.965,-0.17830557761962118,0.01,11.72,-8.0,0.2825205588026397,1.0,True,open_meteo_previous_runs,72,2026-01-20T05:00:00+00:00,2025-12-31T18:00:00+00:00,480.0,2025-11-30T19:00:00+00:00,2025-12-31T19:00:00+00:00,0
2026-01-20T19:00:00+00:00,2026-01-22T18:00:00+00:00,turbine_2,48,0.8006067473916086,0.9783333333333334,-0.17772658594172475,0.01,11.99,-6.4,0.29643288381386956,1.0,True,open_meteo_previous_runs,72,2026-01-20T06:00:00+00:00,2025-12-31T18:00:00+00:00,480.0,2025-11-30T19:00:00+00:00,2025-12-31T19:00:00+00:00,0
2026-01-21T19:00:00+00:00,2026-01-21T19:00:00+00:00,turbine_2,1,0.7393179460837475,0.4749999999999999,0.26431794608374753,0.01,12.93,-5.4,0.21327768617683796,1.0,True,open_meteo_previous_runs,72,2026-01-19T07:00:00+00:00,2025-12-31T18:00:00+00:00,504.0,2025-11-30T19:00:00+00:00,2025-12-31T19:00:00+00:00,0
2026-01-21T19:00:00+00:00,2026-01-21T20:00:00+00:00,turbine_2,2,0.7996965231275784,0.52,0.2796965231275784,0.01,13.3,-5.3,0.27365626322066894,1.0,True,open_meteo_previous_runs,72,2026-01-19T08:00:00+00:00,2025-12-31T18:00:00+00:00,504.0,2025-11-30T19:00:00+00:00,2025-12-31T19:00:00+00:00,0
2026-01-21T19:00:00+00:00,2026-01-21T21:00:00+00:00,turbine_2,3,0.7717401302234669,0.385,0.38674013022346687,0.01,12.79,-5.7,0.24569987031655738,1.0,True,open_meteo_previous_runs,72,2026-01-19T09:00:00+00:00,2025-12-31T18:00:00+00:00,504.0,2025-11-30T19:00:00+00:00,2025-12-31T19:00:00+00:00,0
2026-01-21T19:00:00+00:00,2026-01-21T22:00:00+00:00,turbine_2,4,0.7519312293467761,0.4283333333333334,0.32359789601344274,0.01,11.84,-5.8,0.22589096943986664,1.0,True,open_meteo_previous_runs,72,2026-01-19T10:00:00+00:00,2025-12-31T18:00:00+00:00,504.0,2025-11-30T19:00:00+00:00,2025-12-31T19:00:00+00:00,0
2026-01-21T19:00:00+00:00,2026-01-21T23:00:00+00:00,turbine_2,5,0.7131930005855166,0.1516666666666666,0.56152633391885,0.01,11.15,-5.8,0.1871527406786071,1.0,True,open_meteo_previous_runs,72,2026-01-19T11:00:00+00:00,2025-12-31T18:00:00+00:00,504.0,2025-11-30T19:00:00+00:00,2025-12-31T19:00:00+00:00,0
2026-01-21T19:00:00+00:00,2026-01-22T00:00:00+00:00,turbine_2,6,0.3624261691558284,0.2983333333333333,0.06409283582249514,0.01,9.3,-10.0,0.0,0.888466429062738,True,open_meteo_previous_runs,72,2026-01-19T12:00:00+00:00,2025-12-31T18:00:00+00:00,504.0,2025-11-30T19:00:00+00:00,2025-12-31T19:00:00+00:00,0
2026-01-21T19:00:00+00:00,2026-01-22T01:00:00+00:00,turbine_2,7,0.7359136660077906,0.09,0.6459136660077907,0.01,11.23,-8.4,0.20987340610088112,1.0,True,open_meteo_previous_runs,72,2026-01-19T13:00:00+00:00,2025-12-31T18:00:00+00:00,504.0,2025-11-30T19:00:00+00:00,2025-12-31T19:00:00+00:00,0
2026-01-21T19:00:00+00:00,2026-01-22T02:00:00+00:00,turbine_2,8,0.7332491738329612,0.0266666666666666,0.7065825071662946,0.01,11.68,-9.0,0.20720891392605167,1.0,True,open_meteo_previous_runs,72,2026-01-19T14:00:00+00:00,2025-12-31T18:00:00+00:00,504.0,2025-11-30T19:00:00+00:00,2025-12-31T19:00:00+00:00,0
2026-01-21T19:00:00+00:00,2026-01-22T03:00:00+00:00,turbine_2,9,0.4154412304465456,0.01,0.40544123044654556,0.01,9.98,-8.1,0.0,0.9414814903534551,True,open_meteo_previous_runs,72,2026-01-19T15:00:00+00:00,2025-12-31T18:00:00+00:00,504.0,2025-11-30T19:00:00+00:00,2025-12-31T19:00:00+00:00,0
2026-01-21T19:00:00+00:00,2026-01-22T04:00:00+00:00,turbine_2,10,0.7163334782560676,0.0283333333333333,0.6880001449227343,0.01,11.35,-5.8,0.19029321834915813,1.0,True,open_meteo_previous_runs,72,2026-01-19T16:00:00+00:00,2025-12-31T18:00:00+00:00,504.0,2025-11-30T19:00:00+00:00,2025-12-31T19:00:00+00:00,0
2026-01-21T19:00:00+00:00,2026-01-22T05:00:00+00:00,turbine_2,11,0.15230342168287767,0.0166666666666666,0.13563675501621106,0.01,7.02,-4.7,0.0,0.6783436815897872,True,open_meteo_previous_runs,72,2026-01-19T17:00:00+00:00,2025-12-31T18:00:00+00:00,504.0,2025-11-30T19:00:00+00:00,2025-12-31T19:00:00+00:00,0
2026-01-21T19:00:00+00:00,2026-01-22T06:00:00+00:00,turbine_2,12,0.3387002820994713,0.01,0.3287002820994713,0.01,9.57,-3.3,0.0,0.8647405420063807,True,open_meteo_previous_runs,72,2026-01-19T18:00:00+00:00,2025-12-31T18:00:00+00:00,504.0,2025-11-30T19:00:00+00:00,2025-12-31T19:00:00+00:00,0
2026-01-21T19:00:00+00:00,2026-01-22T07:00:00+00:00,turbine_2,13,0.2235481641674051,0.0083333333333333,0.2152148308340718,0.01,9.0,-3.9,0.0,0.7495884240743146,True,open_meteo_previous_runs,72,2026-01-19T19:00:00+00:00,2025-12-31T18:00:00+00:00,504.0,2025-11-30T19:00:00+00:00,2025-12-31T19:00:00+00:00,0
2026-01-21T19:00:00+00:00,2026-01-22T08:00:00+00:00,turbine_2,14,0.1673659067334214,0.1483333333333333,0.0190325734000881,0.01,3.76,-4.4,0.0,0.6934061666403308,True,open_meteo_previous_runs,72,2026-01-19T20:00:00+00:00,2025-12-31T18:00:00+00:00,504.0,2025-11-30T19:00:00+00:00,2025-12-31T19:00:00+00:00,0
2026-01-21T19:00:00+00:00,2026-01-22T09:00:00+00:00,turbine_2,15,0.15363655576250168,0.3283333333333333,-0.17469677757083163,0.01,1.0,-4.1,0.0,0.6796768156694112,True,open_meteo_previous_runs,72,2026-01-19T21:00:00+00:00,2025-12-31T18:00:00+00:00,504.0,2025-11-30T19:00:00+00:00,2025-12-31T19:00:00+00:00,0
2026-01-21T19:00:00+00:00,2026-01-22T10:00:00+00:00,turbine_2,16,0.18181998670719426,0.3216666666666666,-0.13984667995947234,0.01,3.32,-4.3,0.0,0.7078602466141037,True,open_meteo_previous_runs,72,2026-01-19T22:00:00+00:00,2025-12-31T18:00:00+00:00,504.0,2025-11-30T19:00:00+00:00,2025-12-31T19:00:00+00:00,0
2026-01-21T19:00:00+00:00,2026-01-22T11:00:00+00:00,turbine_2,17,0.24059566025611023,0.4949999999999999,-0.25440433974388965,0.01,6.09,-6.1,0.0,0.7666359201630197,True,open_meteo_previous_runs,72,2026-01-19T23:00:00+00:00,2025-12-31T18:00:00+00:00,504.0,2025-11-30T19:00:00+00:00,2025-12-31T19:00:00+00:00,0
2026-01-21T19:00:00+00:00,2026-01-22T12:00:00+00:00,turbine_2,18,0.22994504406786104,0.5116666666666666,-0.28172162259880557,0.01,6.77,-6.8,0.0,0.7559853039747706,True,open_meteo_previous_runs,72,2026-01-20T00:00:00+00:00,2025-12-31T18:00:00+00:00,504.0,2025-11-30T19:00:00+00:00,2025-12-31T19:00:00+00:00,0
2026-01-21T19:00:00+00:00,2026-01-22T13:00:00+00:00,turbine_2,19,0.30975074146054465,0.4683333333333333,-0.15858259187278867,0.01,8.82,-7.6,0.0,0.8357910013674541,True,open_meteo_previous_runs,72,2026-01-20T01:00:00+00:00,2025-12-31T18:00:00+00:00,504.0,2025-11-30T19:00:00+00:00,2025-12-31T19:00:00+00:00,0
2026-01-21T19:00:00+00:00,2026-01-22T14:00:00+00:00,turbine_2,20,0.4291149824921275,0.7733333333333333,-0.34421835084120583,0.01,9.63,-7.2,0.0,0.955155242399037,True,open_meteo_previous_runs,72,2026-01-20T02:00:00+00:00,2025-12-31T18:00:00+00:00,504.0,2025-11-30T19:00:00+00:00,2025-12-31T19:00:00+00:00,0
2026-01-21T19:00:00+00:00,2026-01-22T15:00:00+00:00,turbine_2,21,0.4071556289274351,0.8183333333333334,-0.41117770440589824,0.01,9.27,-7.7,0.0,0.9331958888343446,True,open_meteo_previous_runs,72,2026-01-20T03:00:00+00:00,2025-12-31T18:00:00+00:00,504.0,2025-11-30T19:00:00+00:00,2025-12-31T19:00:00+00:00,0
2026-01-21T19:00:00+00:00,2026-01-22T16:00:00+00:00,turbine_2,22,0.7529949967500472,0.6983333333333334,0.05466166341671386,0.01,10.96,-7.7,0.22695473684313772,1.0,True,open_meteo_previous_runs,72,2026-01-20T04:00:00+00:00,2025-12-31T18:00:00+00:00,504.0,2025-11-30T19:00:00+00:00,2025-12-31T19:00:00+00:00,0
2026-01-21T19:00:00+00:00,2026-01-22T17:00:00+00:00,turbine_2,23,0.7866944223803788,0.965,-0.17830557761962118,0.01,11.72,-8.0,0.2606541624734693,1.0,True,open_meteo_previous_runs,72,2026-01-20T05:00:00+00:00,2025-12-31T18:00:00+00:00,504.0,2025-11-30T19:00:00+00:00,2025-12-31T19:00:00+00:00,0
2026-01-21T19:00:00+00:00,2026-01-22T18:00:00+00:00,turbine_2,24,0.8006067473916086,0.9783333333333334,-0.17772658594172475,0.01,11.99,-6.4,0.27456648748469914,1.0,True,open_meteo_previous_runs,72,2026-01-20T06:00:00+00:00,2025-12-31T18:00:00+00:00,504.0,2025-11-30T19:00:00+00:00,2025-12-31T19:00:00+00:00,0
2026-01-21T19:00:00+00:00,2026-01-22T19:00:00+00:00,turbine_2,25,0.8213416787345065,0.9816666666666666,-0.1603249879321601,0.01,12.52,-7.9,0.3171678151567674,1.0,True,open_meteo_previous_runs,72,2026-01-20T07:00:00+00:00,2025-12-31T18:00:00+00:00,504.0,2025-11-30T19:00:00+00:00,2025-12-31T19:00:00+00:00,0
2026-01-21T19:00:00+00:00,2026-01-22T20:00:00+00:00,turbine_2,26,0.7746875431096085,0.985,-0.21031245689039146,0.01,11.73,-8.4,0.27051367953186944,1.0,True,open_meteo_previous_runs,72,2026-01-20T08:00:00+00:00,2025-12-31T18:00:00+00:00,504.0,2025-11-30T19:00:00+00:00,2025-12-31T19:00:00+00:00,0
2026-01-21T19:00:00+00:00,2026-01-22T21:00:00+00:00,turbine_2,27,0.6945538137903398,0.9816666666666666,-0.2871128528763268,0.01,10.85,-7.2,0.19037995021260068,1.0,True,open_meteo_previous_runs,72,2026-01-20T09:00:00+00:00,2025-12-31T18:00:00+00:00,504.0,2025-11-30T19:00:00+00:00,2025-12-31T19:00:00+00:00,0
2026-01-21T19:00:00+00:00,2026-01-22T22:00:00+00:00,turbine_2,28,0.45525271205960427,0.8316666666666667,-0.3764139546070624,0.01,10.38,-6.7,0.0,0.9594265756373433,True,open_meteo_previous_runs,72,2026-01-20T10:00:00+00:00,2025-12-31T18:00:00+00:00,504.0,2025-11-30T19:00:00+00:00,2025-12-31T19:00:00+00:00,0
2026-01-21T19:00:00+00:00,2026-01-22T23:00:00+00:00,turbine_2,29,0.34192183058574477,0.4666666666666666,-0.12474483608092185,0.01,9.82,-5.4,0.0,0.8460956941634838,True,open_meteo_previous_runs,72,2026-01-20T11:00:00+00:00,2025-12-31T18:00:00+00:00,504.0,2025-11-30T19:00:00+00:00,2025-12-31T19:00:00+00:00,0
2026-01-21T19:00:00+00:00,2026-01-23T00:00:00+00:00,turbine_2,30,0.2503134804716541,0.4333333333333333,-0.1830198528616792,0.01,7.52,-5.5,0.0,0.7544873440493931,True,open_meteo_previous_runs,72,2026-01-20T12:00:00+00:00,2025-12-31T18:00:00+00:00,504.0,2025-11-30T19:00:00+00:00,2025-12-31T19:00:00+00:00,0
2026-01-21T19:00:00+00:00,2026-01-23T01:00:00+00:00,turbine_2,31,0.19863982672638872,0.4666666666666666,-0.2680268399402779,0.01,4.27,-4.9,0.0,0.7028136903041278,True,open_meteo_previous_runs,72,2026-01-20T13:00:00+00:00,2025-12-31T18:00:00+00:00,504.0,2025-11-30T19:00:00+00:00,2025-12-31T19:00:00+00:00,0
2026-01-21T19:00:00+00:00,2026-01-23T02:00:00+00:00,turbine_2,32,0.1484557979118903,0.3116666666666667,-0.1632108687547764,0.01,0.72,-4.6,0.0,0.6526296614896294,True,open_meteo_previous_runs,72,2026-01-20T14:00:00+00:00,2025-12-31T18:00:00+00:00,504.0,2025-11-30T19:00:00+00:00,2025-12-31T19:00:00+00:00,0
2026-01-21T19:00:00+00:00,2026-01-23T03:00:00+00:00,turbine_2,33,0.17106922328320134,0.71,-0.5389307767167986,0.01,3.75,-4.5,0.0,0.6752430868609405,True,open_meteo_previous_runs,72,2026-01-20T15:00:00+00:00,2025-12-31T18:00:00+00:00,504.0,2025-11-30T19:00:00+00:00,2025-12-31T19:00:00+00:00,0
2026-01-21T19:00:00+00:00,2026-01-23T04:00:00+00:00,turbine_2,34,0.1782689636205238,0.8483333333333333,-0.6700643697128095,0.01,3.86,-5.3,0.0,0.6824428271982629,True,open_meteo_previous_runs,72,2026-01-20T16:00:00+00:00,2025-12-31T18:00:00+00:00,504.0,2025-11-30T19:00:00+00:00,2025-12-31T19:00:00+00:00,0
2026-01-21T19:00:00+00:00,2026-01-23T05:00:00+00:00,turbine_2,35,0.18173942582986904,0.92,-0.738260574170131,0.01,4.88,-5.4,0.0,0.6859132894076081,True,open_meteo_previous_runs,72,2026-01-20T17:00:00+00:00,2025-12-31T18:00:00+00:00,504.0,2025-11-30T19:00:00+00:00,2025-12-31T19:00:00+00:00,0
2026-01-21T19:00:00+00:00,2026-01-23T06:00:00+00:00,turbine_2,36,0.1865935903405496,0.4766666666666667,-0.2900730763261171,0.01,4.87,-5.3,0.0,0.6907674539182886,True,open_meteo_previous_runs,72,2026-01-20T18:00:00+00:00,2025-12-31T18:00:00+00:00,504.0,2025-11-30T19:00:00+00:00,2025-12-31T19:00:00+00:00,0
2026-01-21T19:00:00+00:00,2026-01-23T07:00:00+00:00,turbine_2,37,0.1807970682794949,0.25,-0.0692029317205051,0.01,4.03,-4.8,0.0,0.684970931857234,True,open_meteo_previous_runs,72,2026-01-20T19:00:00+00:00,2025-12-31T18:00:00+00:00,504.0,2025-11-30T19:00:00+00:00,2025-12-31T19:00:00+00:00,0
2026-01-21T19:00:00+00:00,2026-01-23T08:00:00+00:00,turbine_2,38,0.1807970682794949,0.1283333333333333,0.052463734946161605,0.01,3.93,-4.3,0.0,0.684970931857234,True,open_meteo_previous_runs,72,2026-01-20T20:00:00+00:00,2025-12-31T18:00:00+00:00,504.0,2025-11-30T19:00:00+00:00,2025-12-31T19:00:00+00:00,0
2026-01-21T19:00:00+00:00,2026-01-23T09:00:00+00:00,turbine_2,39,0.1611219329733797,0.1683333333333333,-0.007211400359953601,0.01,3.28,-3.6,0.0,0.6652957965511188,True,open_meteo_previous_runs,72,2026-01-20T21:00:00+00:00,2025-12-31T18:00:00+00:00,504.0,2025-11-30T19:00:00+00:00,2025-12-31T19:00:00+00:00,0
2026-01-21T19:00:00+00:00,2026-01-23T10:00:00+00:00,turbine_2,40,0.18181998670719426,0.315,-0.13318001329280574,0.01,3.31,-3.6,0.0,0.6859938502849333,True,open_meteo_previous_runs,72,2026-01-20T22:00:00+00:00,2025-12-31T18:00:00+00:00,504.0,2025-11-30T19:00:00+00:00,2025-12-31T19:00:00+00:00,0
2026-01-21T19:00:00+00:00,2026-01-23T11:00:00+00:00,turbine_2,41,0.18181998670719426,0.6533333333333333,-0.4715133466261391,0.01,3.45,-4.8,0.0,0.6859938502849333,True,open_meteo_previous_runs,72,2026-01-20T23:00:00+00:00,2025-12-31T18:00:00+00:00,504.0,2025-11-30T19:00:00+00:00,2025-12-31T19:00:00+00:00,0
2026-01-21T19:00:00+00:00,2026-01-23T12:00:00+00:00,turbine_2,42,0.23155949476673215,0.5433333333333333,-0.3117738385666012,0.01,3.38,-5.7,0.0,0.7357333583444712,True,open_meteo_previous_runs,72,2026-01-21T00:00:00+00:00,2025-12-31T18:00:00+00:00,504.0,2025-11-30T19:00:00+00:00,2025-12-31T19:00:00+00:00,0
2026-01-21T19:00:00+00:00,2026-01-23T13:00:00+00:00,turbine_2,43,0.24131967678462282,0.3833333333333333,-0.14201365654871048,0.01,3.2,-6.2,0.0,0.7454935403623619,True,open_meteo_previous_runs,72,2026-01-21T01:00:00+00:00,2025-12-31T18:00:00+00:00,504.0,2025-11-30T19:00:00+00:00,2025-12-31T19:00:00+00:00,0
2026-01-21T19:00:00+00:00,2026-01-23T14:00:00+00:00,turbine_2,44,0.2601060590512546,0.1533333333333333,0.10677272571792132,0.01,3.01,-5.5,0.0,0.7642799226289937,True,open_meteo_previous_runs,72,2026-01-21T02:00:00+00:00,2025-12-31T18:00:00+00:00,504.0,2025-11-30T19:00:00+00:00,2025-12-31T19:00:00+00:00,0
2026-01-21T19:00:00+00:00,2026-01-23T15:00:00+00:00,turbine_2,45,0.21513518059788064,0.0716666666666666,0.14346851393121404,0.01,2.64,-5.0,0.0,0.7193090441756197,True,open_meteo_previous_runs,72,2026-01-21T03:00:00+00:00,2025-12-31T18:00:00+00:00,504.0,2025-11-30T19:00:00+00:00,2025-12-31T19:00:00+00:00,0
2026-01-21T19:00:00+00:00,2026-01-23T16:00:00+00:00,turbine_2,46,0.25863882904711677,0.0233333333333333,0.23530549571378348,0.01,2.42,-5.5,0.0,0.7628126926248558,True,open_meteo_previous_runs,72,2026-01-21T04:00:00+00:00,2025-12-31T18:00:00+00:00,504.0,2025-11-30T19:00:00+00:00,2025-12-31T19:00:00+00:00,0
2026-01-21T19:00:00+00:00,2026-01-23T17:00:00+00:00,turbine_2,47,0.2508621735156089,0.0383333333333333,0.2125288401822756,0.01,1.57,-5.6,0.0,0.755036037093348,True,open_meteo_previous_runs,72,2026-01-21T05:00:00+00:00,2025-12-31T18:00:00+00:00,504.0,2025-11-30T19:00:00+00:00,2025-12-31T19:00:00+00:00,0
2026-01-21T19:00:00+00:00,2026-01-23T18:00:00+00:00,turbine_2,48,0.20151032469905641,0.01,0.1915103246990564,0.01,1.82,-5.1,0.0,0.7056841882767955,True,open_meteo_previous_runs,72,2026-01-21T06:00:00+00:00,2025-12-31T18:00:00+00:00,504.0,2025-11-30T19:00:00+00:00,2025-12-31T19:00:00+00:00,0
2026-01-22T19:00:00+00:00,2026-01-22T19:00:00+00:00,turbine_2,1,0.8126492912840588,0.9816666666666666,-0.16901737538260775,0.01,12.52,-7.9,0.2866090313771493,1.0,True,open_meteo_previous_runs,72,2026-01-20T07:00:00+00:00,2025-12-31T18:00:00+00:00,528.0,2025-11-30T19:00:00+00:00,2025-12-31T19:00:00+00:00,0
2026-01-22T19:00:00+00:00,2026-01-22T20:00:00+00:00,turbine_2,2,0.7659951556591609,0.985,-0.2190048443408391,0.01,11.73,-8.4,0.23995489575225137,1.0,True,open_meteo_previous_runs,72,2026-01-20T08:00:00+00:00,2025-12-31T18:00:00+00:00,528.0,2025-11-30T19:00:00+00:00,2025-12-31T19:00:00+00:00,0
2026-01-22T19:00:00+00:00,2026-01-22T21:00:00+00:00,turbine_2,3,0.6939436695555972,0.9816666666666666,-0.2877229971110694,0.01,10.85,-7.2,0.16790340964868766,1.0,True,open_meteo_previous_runs,72,2026-01-20T09:00:00+00:00,2025-12-31T18:00:00+00:00,528.0,2025-11-30T19:00:00+00:00,2025-12-31T19:00:00+00:00,0
2026-01-22T19:00:00+00:00,2026-01-22T22:00:00+00:00,turbine_2,4,0.4546425678248618,0.8316666666666667,-0.3770240988418049,0.01,10.38,-6.7,0.0,0.9806828277317713,True,open_meteo_previous_runs,72,2026-01-20T10:00:00+00:00,2025-12-31T18:00:00+00:00,528.0,2025-11-30T19:00:00+00:00,2025-12-31T19:00:00+00:00,0
2026-01-22T19:00:00+00:00,2026-01-22T23:00:00+00:00,turbine_2,5,0.34330135434736825,0.4666666666666666,-0.12336531231929837,0.01,9.82,-5.4,0.0,0.8693416142542778,True,open_meteo_previous_runs,72,2026-01-20T11:00:00+00:00,2025-12-31T18:00:00+00:00,528.0,2025-11-30T19:00:00+00:00,2025-12-31T19:00:00+00:00,0
2026-01-22T19:00:00+00:00,2026-01-23T00:00:00+00:00,turbine_2,6,0.25169300423327756,0.4333333333333333,-0.18164032910005573,0.01,7.52,-5.5,0.0,0.7777332641401871,True,open_meteo_previous_runs,72,2026-01-20T12:00:00+00:00,2025-12-31T18:00:00+00:00,528.0,2025-11-30T19:00:00+00:00,2025-12-31T19:00:00+00:00,0
2026-01-22T19:00:00+00:00,2026-01-23T01:00:00+00:00,turbine_2,7,0.19769196583609433,0.4666666666666666,-0.2689747008305723,0.01,4.27,-4.9,0.0,0.7237322257430039,True,open_meteo_previous_runs,72,2026-01-20T13:00:00+00:00,2025-12-31T18:00:00+00:00,528.0,2025-11-30T19:00:00+00:00,2025-12-31T19:00:00+00:00,0
2026-01-22T19:00:00+00:00,2026-01-23T02:00:00+00:00,turbine_2,8,0.14778237700696287,0.3116666666666667,-0.16388428965970384,0.01,0.72,-4.6,0.0,0.6738226369138723,True,open_meteo_previous_runs,72,2026-01-20T14:00:00+00:00,2025-12-31T18:00:00+00:00,528.0,2025-11-30T19:00:00+00:00,2025-12-31T19:00:00+00:00,0
2026-01-22T19:00:00+00:00,2026-01-23T03:00:00+00:00,turbine_2,9,0.17106922328320134,0.71,-0.5389307767167986,0.01,3.75,-4.5,0.0,0.6971094831901108,True,open_meteo_previous_runs,72,2026-01-20T15:00:00+00:00,2025-12-31T18:00:00+00:00,528.0,2025-11-30T19:00:00+00:00,2025-12-31T19:00:00+00:00,0
2026-01-22T19:00:00+00:00,2026-01-23T04:00:00+00:00,turbine_2,10,0.1782689636205238,0.8483333333333333,-0.6700643697128095,0.01,3.86,-5.3,0.0,0.7043092235274333,True,open_meteo_previous_runs,72,2026-01-20T16:00:00+00:00,2025-12-31T18:00:00+00:00,528.0,2025-11-30T19:00:00+00:00,2025-12-31T19:00:00+00:00,0
2026-01-22T19:00:00+00:00,2026-01-23T05:00:00+00:00,turbine_2,11,0.18173942582986904,0.92,-0.738260574170131,0.01,4.88,-5.4,0.0,0.7077796857367785,True,open_meteo_previous_runs,72,2026-01-20T17:00:00+00:00,2025-12-31T18:00:00+00:00,528.0,2025-11-30T19:00:00+00:00,2025-12-31T19:00:00+00:00,0
2026-01-22T19:00:00+00:00,2026-01-23T06:00:00+00:00,turbine_2,12,0.1865935903405496,0.4766666666666667,-0.2900730763261171,0.01,4.87,-5.3,0.0,0.7126338502474591,True,open_meteo_previous_runs,72,2026-01-20T18:00:00+00:00,2025-12-31T18:00:00+00:00,528.0,2025-11-30T19:00:00+00:00,2025-12-31T19:00:00+00:00,0
2026-01-22T19:00:00+00:00,2026-01-23T07:00:00+00:00,turbine_2,13,0.1807970682794949,0.25,-0.0692029317205051,0.01,4.03,-4.8,0.0,0.7068373281864044,True,open_meteo_previous_runs,72,2026-01-20T19:00:00+00:00,2025-12-31T18:00:00+00:00,528.0,2025-11-30T19:00:00+00:00,2025-12-31T19:00:00+00:00,0
2026-01-22T19:00:00+00:00,2026-01-23T08:00:00+00:00,turbine_2,14,0.1807970682794949,0.1283333333333333,0.052463734946161605,0.01,3.93,-4.3,0.0,0.7068373281864044,True,open_meteo_previous_runs,72,2026-01-20T20:00:00+00:00,2025-12-31T18:00:00+00:00,528.0,2025-11-30T19:00:00+00:00,2025-12-31T19:00:00+00:00,0
2026-01-22T19:00:00+00:00,2026-01-23T09:00:00+00:00,turbine_2,15,0.1611219329733797,0.1683333333333333,-0.007211400359953601,0.01,3.28,-3.6,0.0,0.6871621928802892,True,open_meteo_previous_runs,72,2026-01-20T21:00:00+00:00,2025-12-31T18:00:00+00:00,528.0,2025-11-30T19:00:00+00:00,2025-12-31T19:00:00+00:00,0
2026-01-22T19:00:00+00:00,2026-01-23T10:00:00+00:00,turbine_2,16,0.18181998670719426,0.315,-0.13318001329280574,0.01,3.31,-3.6,0.0,0.7078602466141037,True,open_meteo_previous_runs,72,2026-01-20T22:00:00+00:00,2025-12-31T18:00:00+00:00,528.0,2025-11-30T19:00:00+00:00,2025-12-31T19:00:00+00:00,0
2026-01-22T19:00:00+00:00,2026-01-23T11:00:00+00:00,turbine_2,17,0.18181998670719426,0.6533333333333333,-0.4715133466261391,0.01,3.45,-4.8,0.0,0.7078602466141037,True,open_meteo_previous_runs,72,2026-01-20T23:00:00+00:00,2025-12-31T18:00:00+00:00,528.0,2025-11-30T19:00:00+00:00,2025-12-31T19:00:00+00:00,0
2026-01-22T19:00:00+00:00,2026-01-23T12:00:00+00:00,turbine_2,18,0.23155949476673215,0.5433333333333333,-0.3117738385666012,0.01,3.38,-5.7,0.0,0.7575997546736417,True,open_meteo_previous_runs,72,2026-01-21T00:00:00+00:00,2025-12-31T18:00:00+00:00,528.0,2025-11-30T19:00:00+00:00,2025-12-31T19:00:00+00:00,0
2026-01-22T19:00:00+00:00,2026-01-23T13:00:00+00:00,turbine_2,19,0.24131967678462282,0.3833333333333333,-0.14201365654871048,0.01,3.2,-6.2,0.0,0.7673599366915324,True,open_meteo_previous_runs,72,2026-01-21T01:00:00+00:00,2025-12-31T18:00:00+00:00,528.0,2025-11-30T19:00:00+00:00,2025-12-31T19:00:00+00:00,0
2026-01-22T19:00:00+00:00,2026-01-23T14:00:00+00:00,turbine_2,20,0.2601060590512546,0.1533333333333333,0.10677272571792132,0.01,3.01,-5.5,0.0,0.7861463189581641,True,open_meteo_previous_runs,72,2026-01-21T02:00:00+00:00,2025-12-31T18:00:00+00:00,528.0,2025-11-30T19:00:00+00:00,2025-12-31T19:00:00+00:00,0
2026-01-22T19:00:00+00:00,2026-01-23T15:00:00+00:00,turbine_2,21,0.21513518059788064,0.0716666666666666,0.14346851393121404,0.01,2.64,-5.0,0.0,0.7411754405047901,True,open_meteo_previous_runs,72,2026-01-21T03:00:00+00:00,2025-12-31T18:00:00+00:00,528.0,2025-11-30T19:00:00+00:00,2025-12-31T19:00:00+00:00,0
2026-01-22T19:00:00+00:00,2026-01-23T16:00:00+00:00,turbine_2,22,0.25863882904711677,0.0233333333333333,0.23530549571378348,0.01,2.42,-5.5,0.0,0.7846790889540263,True,open_meteo_previous_runs,72,2026-01-21T04:00:00+00:00,2025-12-31T18:00:00+00:00,528.0,2025-11-30T19:00:00+00:00,2025-12-31T19:00:00+00:00,0
2026-01-22T19:00:00+00:00,2026-01-23T17:00:00+00:00,turbine_2,23,0.2508621735156089,0.0383333333333333,0.2125288401822756,0.01,1.57,-5.6,0.0,0.7769024334225184,True,open_meteo_previous_runs,72,2026-01-21T05:00:00+00:00,2025-12-31T18:00:00+00:00,528.0,2025-11-30T19:00:00+00:00,2025-12-31T19:00:00+00:00,0
2026-01-22T19:00:00+00:00,2026-01-23T18:00:00+00:00,turbine_2,24,0.20151032469905641,0.01,0.1915103246990564,0.01,1.82,-5.1,0.0,0.7275505846059659,True,open_meteo_previous_runs,72,2026-01-21T06:00:00+00:00,2025-12-31T18:00:00+00:00,528.0,2025-11-30T19:00:00+00:00,2025-12-31T19:00:00+00:00,0
2026-01-22T19:00:00+00:00,2026-01-23T19:00:00+00:00,turbine_2,25,0.1795536992537755,0.01,0.1695536992537755,0.01,1.75,-5.2,0.0,0.6837275628315146,True,open_meteo_previous_runs,72,2026-01-21T07:00:00+00:00,2025-12-31T18:00:00+00:00,528.0,2025-11-30T19:00:00+00:00,2025-12-31T19:00:00+00:00,0
2026-01-22T19:00:00+00:00,2026-01-23T20:00:00+00:00,turbine_2,26,0.21453617500068592,0.0116666666666666,0.20286950833401932,0.01,2.65,-6.1,0.0,0.718710038578425,True,open_meteo_previous_runs,72,2026-01-21T08:00:00+00:00,2025-12-31T18:00:00+00:00,528.0,2025-11-30T19:00:00+00:00,2025-12-31T19:00:00+00:00,0
2026-01-22T19:00:00+00:00,2026-01-23T21:00:00+00:00,turbine_2,27,0.24262761684613887,0.01,0.23262761684613886,0.01,4.75,-8.6,0.0,0.746801480423878,True,open_meteo_previous_runs,72,2026-01-21T09:00:00+00:00,2025-12-31T18:00:00+00:00,528.0,2025-11-30T19:00:00+00:00,2025-12-31T19:00:00+00:00,0
2026-01-22T19:00:00+00:00,2026-01-23T22:00:00+00:00,turbine_2,28,0.2314429569922104,0.01,0.2214429569922104,0.01,6.32,-9.3,0.0,0.7356168205699495,True,open_meteo_previous_runs,72,2026-01-21T10:00:00+00:00,2025-12-31T18:00:00+00:00,528.0,2025-11-30T19:00:00+00:00,2025-12-31T19:00:00+00:00,0
2026-01-22T19:00:00+00:00,2026-01-23T23:00:00+00:00,turbine_2,29,0.22636293735469548,0.01,0.21636293735469547,0.01,7.61,-9.8,0.0,0.7305368009324346,True,open_meteo_previous_runs,72,2026-01-21T11:00:00+00:00,2025-12-31T18:00:00+00:00,528.0,2025-11-30T19:00:00+00:00,2025-12-31T19:00:00+00:00,0
2026-01-22T19:00:00+00:00,2026-01-24T00:00:00+00:00,turbine_2,30,0.2876712271411205,0.01,0.27767122714112047,0.01,8.51,-9.5,0.0,0.7918450907188596,True,open_meteo_previous_runs,72,2026-01-21T12:00:00+00:00,2025-12-31T18:00:00+00:00,528.0,2025-11-30T19:00:00+00:00,2025-12-31T19:00:00+00:00,0
2026-01-22T19:00:00+00:00,2026-01-24T01:00:00+00:00,turbine_2,31,0.3455282786295589,0.0183333333333333,0.3271949452962256,0.01,9.19,-9.9,0.0,0.849702142207298,True,open_meteo_previous_runs,72,2026-01-21T13:00:00+00:00,2025-12-31T18:00:00+00:00,528.0,2025-11-30T19:00:00+00:00,2025-12-31T19:00:00+00:00,0
2026-01-22T19:00:00+00:00,2026-01-24T02:00:00+00:00,turbine_2,32,0.631038852540964,0.0366666666666666,0.5943721858742974,0.01,10.65,-9.8,0.12686498896322496,1.0,True,open_meteo_previous_runs,72,2026-01-21T14:00:00+00:00,2025-12-31T18:00:00+00:00,528.0,2025-11-30T19:00:00+00:00,2025-12-31T19:00:00+00:00,0
2026-01-22T19:00:00+00:00,2026-01-24T03:00:00+00:00,turbine_2,33,0.6400325776609556,0.115,0.5250325776609556,0.01,10.62,-9.2,0.13585871408321648,1.0,True,open_meteo_previous_runs,72,2026-01-21T15:00:00+00:00,2025-12-31T18:00:00+00:00,528.0,2025-11-30T19:00:00+00:00,2025-12-31T19:00:00+00:00,0
2026-01-22T19:00:00+00:00,2026-01-24T04:00:00+00:00,turbine_2,34,0.7303235487730562,0.01,0.7203235487730562,0.01,11.5,-7.0,0.22614968519531709,1.0,True,open_meteo_previous_runs,72,2026-01-21T16:00:00+00:00,2025-12-31T18:00:00+00:00,528.0,2025-11-30T19:00:00+00:00,2025-12-31T19:00:00+00:00,0
2026-01-22T19:00:00+00:00,2026-01-24T05:00:00+00:00,turbine_2,35,0.8323185121351601,0.44,0.39231851213516006,0.01,13.86,-4.9,0.328144648557421,1.0,True,open_meteo_previous_runs,72,2026-01-21T17:00:00+00:00,2025-12-31T18:00:00+00:00,528.0,2025-11-30T19:00:00+00:00,2025-12-31T19:00:00+00:00,0
2026-01-22T19:00:00+00:00,2026-01-24T06:00:00+00:00,turbine_2,36,0.8276296786515367,0.98,-0.1523703213484633,0.01,14.55,-3.4,0.3234558150737976,1.0,True,open_meteo_previous_runs,72,2026-01-21T18:00:00+00:00,2025-12-31T18:00:00+00:00,528.0,2025-11-30T19:00:00+00:00,2025-12-31T19:00:00+00:00,0
2026-01-22T19:00:00+00:00,2026-01-24T07:00:00+00:00,turbine_2,37,0.8228545803508596,0.6233333333333334,0.19952124701752616,0.01,14.25,-2.6,0.3186807167731205,1.0,True,open_meteo_previous_runs,72,2026-01-21T19:00:00+00:00,2025-12-31T18:00:00+00:00,528.0,2025-11-30T19:00:00+00:00,2025-12-31T19:00:00+00:00,0
2026-01-22T19:00:00+00:00,2026-01-24T08:00:00+00:00,turbine_2,38,0.8228545803508596,0.98,-0.15714541964914042,0.01,14.19,-2.2,0.3186807167731205,1.0,True,open_meteo_previous_runs,72,2026-01-21T20:00:00+00:00,2025-12-31T18:00:00+00:00,528.0,2025-11-30T19:00:00+00:00,2025-12-31T19:00:00+00:00,0
2026-01-22T19:00:00+00:00,2026-01-24T09:00:00+00:00,turbine_2,39,0.8330983923414143,0.9816666666666666,-0.14856827432525233,0.01,14.02,-2.1,0.3289245287636752,1.0,True,open_meteo_previous_runs,72,2026-01-21T21:00:00+00:00,2025-12-31T18:00:00+00:00,528.0,2025-11-30T19:00:00+00:00,2025-12-31T19:00:00+00:00,0
2026-01-22T19:00:00+00:00,2026-01-24T10:00:00+00:00,turbine_2,40,0.8243935789615988,0.99,-0.16560642103840117,0.01,13.45,-2.7,0.32021971538385974,1.0,True,open_meteo_previous_runs,72,2026-01-21T22:00:00+00:00,2025-12-31T18:00:00+00:00,528.0,2025-11-30T19:00:00+00:00,2025-12-31T19:00:00+00:00,0
2026-01-22T19:00:00+00:00,2026-01-24T11:00:00+00:00,turbine_2,41,0.831405547426015,0.985,-0.15359445257398496,0.01,13.0,-4.4,0.32723168384827594,1.0,True,open_meteo_previous_runs,72,2026-01-21T23:00:00+00:00,2025-12-31T18:00:00+00:00,528.0,2025-11-30T19:00:00+00:00,2025-12-31T19:00:00+00:00,0
2026-01-22T19:00:00+00:00,2026-01-24T12:00:00+00:00,turbine_2,42,0.7822974769812898,0.99,-0.20770252301871017,0.01,11.2,-6.8,0.27812361340355074,1.0,True,open_meteo_previous_runs,72,2026-01-22T00:00:00+00:00,2025-12-31T18:00:00+00:00,528.0,2025-11-30T19:00:00+00:00,2025-12-31T19:00:00+00:00,0
2026-01-22T19:00:00+00:00,2026-01-24T13:00:00+00:00,turbine_2,43,0.4823225272790096,0.99,-0.5076774727209904,0.01,10.25,-8.3,0.0,0.9864963908567487,True,open_meteo_previous_runs,72,2026-01-22T01:00:00+00:00,2025-12-31T18:00:00+00:00,528.0,2025-11-30T19:00:00+00:00,2025-12-31T19:00:00+00:00,0
2026-01-22T19:00:00+00:00,2026-01-24T14:00:00+00:00,turbine_2,44,0.49245477348986316,0.99,-0.49754522651013683,0.01,10.06,-8.3,0.0,0.9966286370676023,True,open_meteo_previous_runs,72,2026-01-22T02:00:00+00:00,2025-12-31T18:00:00+00:00,528.0,2025-11-30T19:00:00+00:00,2025-12-31T19:00:00+00:00,0
2026-01-22T19:00:00+00:00,2026-01-24T15:00:00+00:00,turbine_2,45,0.7136652291158948,0.955,-0.24133477088410515,0.01,10.64,-8.1,0.20949136553815573,1.0,True,open_meteo_previous_runs,72,2026-01-22T03:00:00+00:00,2025-12-31T18:00:00+00:00,528.0,2025-11-30T19:00:00+00:00,2025-12-31T19:00:00+00:00,0
2026-01-22T19:00:00+00:00,2026-01-24T16:00:00+00:00,turbine_2,46,0.7384443559043142,0.99,-0.25155564409568576,0.01,10.73,-8.0,0.23427049232657515,1.0,True,open_meteo_previous_runs,72,2026-01-22T04:00:00+00:00,2025-12-31T18:00:00+00:00,528.0,2025-11-30T19:00:00+00:00,2025-12-31T19:00:00+00:00,0
2026-01-22T19:00:00+00:00,2026-01-24T17:00:00+00:00,turbine_2,47,0.5111426765854755,0.99,-0.47885732341452447,0.01,10.33,-7.5,0.006968813007736441,1.0,True,open_meteo_previous_runs,72,2026-01-22T05:00:00+00:00,2025-12-31T18:00:00+00:00,528.0,2025-11-30T19:00:00+00:00,2025-12-31T19:00:00+00:00,0
2026-01-22T19:00:00+00:00,2026-01-24T18:00:00+00:00,turbine_2,48,0.6936383978940323,0.9883333333333332,-0.2946949354393009,0.01,10.64,-7.7,0.18946453431629318,1.0,True,open_meteo_previous_runs,72,2026-01-22T06:00:00+00:00,2025-12-31T18:00:00+00:00,528.0,2025-11-30T19:00:00+00:00,2025-12-31T19:00:00+00:00,0
2026-01-23T19:00:00+00:00,2026-01-23T19:00:00+00:00,turbine_2,1,0.179211270636695,0.01,0.169211270636695,0.01,1.75,-5.2,0.0,0.7052515305436045,True,open_meteo_previous_runs,72,2026-01-21T07:00:00+00:00,2025-12-31T18:00:00+00:00,552.0,2025-11-30T19:00:00+00:00,2025-12-31T19:00:00+00:00,0
2026-01-23T19:00:00+00:00,2026-01-23T20:00:00+00:00,turbine_2,2,0.21419374638360542,0.0116666666666666,0.2025270797169388,0.01,2.65,-6.1,0.0,0.740234006290515,True,open_meteo_previous_runs,72,2026-01-21T08:00:00+00:00,2025-12-31T18:00:00+00:00,552.0,2025-11-30T19:00:00+00:00,2025-12-31T19:00:00+00:00,0
2026-01-23T19:00:00+00:00,2026-01-23T21:00:00+00:00,turbine_2,3,0.24201747261139642,0.01,0.2320174726113964,0.01,4.75,-8.6,0.0,0.7680577325183059,True,open_meteo_previous_runs,72,2026-01-21T09:00:00+00:00,2025-12-31T18:00:00+00:00,552.0,2025-11-30T19:00:00+00:00,2025-12-31T19:00:00+00:00,0
2026-01-23T19:00:00+00:00,2026-01-23T22:00:00+00:00,turbine_2,4,0.2330999608385733,0.01,0.22309996083857328,0.01,6.32,-9.3,0.0,0.7591402207454828,True,open_meteo_previous_runs,72,2026-01-21T10:00:00+00:00,2025-12-31T18:00:00+00:00,552.0,2025-11-30T19:00:00+00:00,2025-12-31T19:00:00+00:00,0
2026-01-23T19:00:00+00:00,2026-01-23T23:00:00+00:00,turbine_2,5,0.22774246111631893,0.01,0.21774246111631892,0.01,7.61,-9.8,0.0,0.7537827210232284,True,open_meteo_previous_runs,72,2026-01-21T11:00:00+00:00,2025-12-31T18:00:00+00:00,552.0,2025-11-30T19:00:00+00:00,2025-12-31T19:00:00+00:00,0
2026-01-23T19:00:00+00:00,2026-01-24T00:00:00+00:00,turbine_2,6,0.289050750902744,0.01,0.279050750902744,0.01,8.51,-9.5,0.0,0.8150910108096535,True,open_meteo_previous_runs,72,2026-01-21T12:00:00+00:00,2025-12-31T18:00:00+00:00,552.0,2025-11-30T19:00:00+00:00,2025-12-31T19:00:00+00:00,0
2026-01-23T19:00:00+00:00,2026-01-24T01:00:00+00:00,turbine_2,7,0.34684756582036996,0.0183333333333333,0.32851423248703665,0.01,9.19,-9.9,0.0,0.8728878257272794,True,open_meteo_previous_runs,72,2026-01-21T13:00:00+00:00,2025-12-31T18:00:00+00:00,552.0,2025-11-30T19:00:00+00:00,2025-12-31T19:00:00+00:00,0
2026-01-23T19:00:00+00:00,2026-01-24T02:00:00+00:00,turbine_2,8,0.6303654316360365,0.0366666666666666,0.5936987649693699,0.01,10.65,-9.8,0.10432517172912703,1.0,True,open_meteo_previous_runs,72,2026-01-21T14:00:00+00:00,2025-12-31T18:00:00+00:00,552.0,2025-11-30T19:00:00+00:00,2025-12-31T19:00:00+00:00,0
2026-01-23T19:00:00+00:00,2026-01-24T03:00:00+00:00,turbine_2,9,0.6400325776609556,0.115,0.5250325776609556,0.01,10.62,-9.2,0.11399231775404606,1.0,True,open_meteo_previous_runs,72,2026-01-21T15:00:00+00:00,2025-12-31T18:00:00+00:00,552.0,2025-11-30T19:00:00+00:00,2025-12-31T19:00:00+00:00,0
2026-01-23T19:00:00+00:00,2026-01-24T04:00:00+00:00,turbine_2,10,0.7303235487730562,0.01,0.7203235487730562,0.01,11.5,-7.0,0.20428328886614666,1.0,True,open_meteo_previous_runs,72,2026-01-21T16:00:00+00:00,2025-12-31T18:00:00+00:00,552.0,2025-11-30T19:00:00+00:00,2025-12-31T19:00:00+00:00,0
2026-01-23T19:00:00+00:00,2026-01-24T05:00:00+00:00,turbine_2,11,0.8323185121351601,0.44,0.39231851213516006,0.01,13.86,-4.9,0.30627825222825056,1.0,True,open_meteo_previous_runs,72,2026-01-21T17:00:00+00:00,2025-12-31T18:00:00+00:00,552.0,2025-11-30T19:00:00+00:00,2025-12-31T19:00:00+00:00,0
2026-01-23T19:00:00+00:00,2026-01-24T06:00:00+00:00,turbine_2,12,0.8276296786515367,0.98,-0.1523703213484633,0.01,14.55,-3.4,0.3015894187446272,1.0,True,open_meteo_previous_runs,72,2026-01-21T18:00:00+00:00,2025-12-31T18:00:00+00:00,552.0,2025-11-30T19:00:00+00:00,2025-12-31T19:00:00+00:00,0
2026-01-23T19:00:00+00:00,2026-01-24T07:00:00+00:00,turbine_2,13,0.8228545803508596,0.6233333333333334,0.19952124701752616,0.01,14.25,-2.6,0.29681432044395006,1.0,True,open_meteo_previous_runs,72,2026-01-21T19:00:00+00:00,2025-12-31T18:00:00+00:00,552.0,2025-11-30T19:00:00+00:00,2025-12-31T19:00:00+00:00,0
2026-01-23T19:00:00+00:00,2026-01-24T08:00:00+00:00,turbine_2,14,0.8228545803508596,0.98,-0.15714541964914042,0.01,14.19,-2.2,0.29681432044395006,1.0,True,open_meteo_previous_runs,72,2026-01-21T20:00:00+00:00,2025-12-31T18:00:00+00:00,552.0,2025-11-30T19:00:00+00:00,2025-12-31T19:00:00+00:00,0
2026-01-23T19:00:00+00:00,2026-01-24T09:00:00+00:00,turbine_2,15,0.8330983923414143,0.9816666666666666,-0.14856827432525233,0.01,14.02,-2.1,0.30705813243450475,1.0,True,open_meteo_previous_runs,72,2026-01-21T21:00:00+00:00,2025-12-31T18:00:00+00:00,552.0,2025-11-30T19:00:00+00:00,2025-12-31T19:00:00+00:00,0
2026-01-23T19:00:00+00:00,2026-01-24T10:00:00+00:00,turbine_2,16,0.8243935789615988,0.99,-0.16560642103840117,0.01,13.45,-2.7,0.2983533190546893,1.0,True,open_meteo_previous_runs,72,2026-01-21T22:00:00+00:00,2025-12-31T18:00:00+00:00,552.0,2025-11-30T19:00:00+00:00,2025-12-31T19:00:00+00:00,0
2026-01-23T19:00:00+00:00,2026-01-24T11:00:00+00:00,turbine_2,17,0.831405547426015,0.985,-0.15359445257398496,0.01,13.0,-4.4,0.3053652875191055,1.0,True,open_meteo_previous_runs,72,2026-01-21T23:00:00+00:00,2025-12-31T18:00:00+00:00,552.0,2025-11-30T19:00:00+00:00,2025-12-31T19:00:00+00:00,0
2026-01-23T19:00:00+00:00,2026-01-24T12:00:00+00:00,turbine_2,18,0.7822974769812898,0.99,-0.20770252301871017,0.01,11.2,-6.8,0.2562572170743803,1.0,True,open_meteo_previous_runs,72,2026-01-22T00:00:00+00:00,2025-12-31T18:00:00+00:00,552.0,2025-11-30T19:00:00+00:00,2025-12-31T19:00:00+00:00,0
2026-01-23T19:00:00+00:00,2026-01-24T13:00:00+00:00,turbine_2,19,0.4823225272790096,0.99,-0.5076774727209904,0.01,10.25,-8.3,0.0,1.0,True,open_meteo_previous_runs,72,2026-01-22T01:00:00+00:00,2025-12-31T18:00:00+00:00,552.0,2025-11-30T19:00:00+00:00,2025-12-31T19:00:00+00:00,0
2026-01-23T19:00:00+00:00,2026-01-24T14:00:00+00:00,turbine_2,20,0.49245477348986316,0.99,-0.49754522651013683,0.01,10.06,-8.3,0.0,1.0,True,open_meteo_previous_runs,72,2026-01-22T02:00:00+00:00,2025-12-31T18:00:00+00:00,552.0,2025-11-30T19:00:00+00:00,2025-12-31T19:00:00+00:00,0
2026-01-23T19:00:00+00:00,2026-01-24T15:00:00+00:00,turbine_2,21,0.7136652291158948,0.955,-0.24133477088410515,0.01,10.64,-8.1,0.1876249692089853,1.0,True,open_meteo_previous_runs,72,2026-01-22T03:00:00+00:00,2025-12-31T18:00:00+00:00,552.0,2025-11-30T19:00:00+00:00,2025-12-31T19:00:00+00:00,0
2026-01-23T19:00:00+00:00,2026-01-24T16:00:00+00:00,turbine_2,22,0.7384443559043142,0.99,-0.25155564409568576,0.01,10.73,-8.0,0.21240409599740473,1.0,True,open_meteo_previous_runs,72,2026-01-22T04:00:00+00:00,2025-12-31T18:00:00+00:00,552.0,2025-11-30T19:00:00+00:00,2025-12-31T19:00:00+00:00,0
2026-01-23T19:00:00+00:00,2026-01-24T17:00:00+00:00,turbine_2,23,0.5111426765854755,0.99,-0.47885732341452447,0.01,10.33,-7.5,0.0,1.0,True,open_meteo_previous_runs,72,2026-01-22T05:00:00+00:00,2025-12-31T18:00:00+00:00,552.0,2025-11-30T19:00:00+00:00,2025-12-31T19:00:00+00:00,0
2026-01-23T19:00:00+00:00,2026-01-24T18:00:00+00:00,turbine_2,24,0.6936383978940323,0.9883333333333332,-0.2946949354393009,0.01,10.64,-7.7,0.16759813798712275,1.0,True,open_meteo_previous_runs,72,2026-01-22T06:00:00+00:00,2025-12-31T18:00:00+00:00,552.0,2025-11-30T19:00:00+00:00,2025-12-31T19:00:00+00:00,0
2026-01-23T19:00:00+00:00,2026-01-24T19:00:00+00:00,turbine_2,25,0.6554161901865453,0.965,-0.3095838098134547,0.01,10.69,-6.6,0.1512423266088062,1.0,True,open_meteo_previous_runs,72,2026-01-22T07:00:00+00:00,2025-12-31T18:00:00+00:00,552.0,2025-11-30T19:00:00+00:00,2025-12-31T19:00:00+00:00,0
2026-01-23T19:00:00+00:00,2026-01-24T20:00:00+00:00,turbine_2,26,0.5727355158804682,0.5499999999999999,0.022735515880468293,0.01,10.57,-5.8,0.06856165230272915,1.0,True,open_meteo_previous_runs,72,2026-01-22T08:00:00+00:00,2025-12-31T18:00:00+00:00,552.0,2025-11-30T19:00:00+00:00,2025-12-31T19:00:00+00:00,0
2026-01-23T19:00:00+00:00,2026-01-24T21:00:00+00:00,turbine_2,27,0.3904002806057124,0.2383333333333333,0.1520669472723791,0.01,10.26,-5.8,0.0,0.8945741441834515,True,open_meteo_previous_runs,72,2026-01-22T09:00:00+00:00,2025-12-31T18:00:00+00:00,552.0,2025-11-30T19:00:00+00:00,2025-12-31T19:00:00+00:00,0
2026-01-23T19:00:00+00:00,2026-01-24T22:00:00+00:00,turbine_2,28,0.3904002806057124,0.49,-0.09959971939428758,0.01,10.08,-6.3,0.0,0.8945741441834515,True,open_meteo_previous_runs,72,2026-01-22T10:00:00+00:00,2025-12-31T18:00:00+00:00,552.0,2025-11-30T19:00:00+00:00,2025-12-31T19:00:00+00:00,0
2026-01-23T19:00:00+00:00,2026-01-24T23:00:00+00:00,turbine_2,29,0.3258732976874091,0.595,-0.2691267023125909,0.01,9.47,-7.3,0.0,0.8300471612651481,True,open_meteo_previous_runs,72,2026-01-22T11:00:00+00:00,2025-12-31T18:00:00+00:00,552.0,2025-11-30T19:00:00+00:00,2025-12-31T19:00:00+00:00,0
2026-01-23T19:00:00+00:00,2026-01-25T00:00:00+00:00,turbine_2,30,0.37137368264478704,0.1416666666666667,0.22970701597812035,0.01,9.75,-7.6,0.0,0.8755475462225262,True,open_meteo_previous_runs,72,2026-01-22T12:00:00+00:00,2025-12-31T18:00:00+00:00,552.0,2025-11-30T19:00:00+00:00,2025-12-31T19:00:00+00:00,0
2026-01-23T19:00:00+00:00,2026-01-25T01:00:00+00:00,turbine_2,31,0.27028243603041396,0.0233333333333333,0.24694910269708067,0.01,8.9,-7.7,0.0,0.774456299608153,True,open_meteo_previous_runs,72,2026-01-22T13:00:00+00:00,2025-12-31T18:00:00+00:00,552.0,2025-11-30T19:00:00+00:00,2025-12-31T19:00:00+00:00,0
2026-01-23T19:00:00+00:00,2026-01-25T02:00:00+00:00,turbine_2,32,0.19787144926441982,0.3733333333333333,-0.17546188406891347,0.01,7.11,-6.5,0.0,0.7020453128421589,True,open_meteo_previous_runs,72,2026-01-22T14:00:00+00:00,2025-12-31T18:00:00+00:00,552.0,2025-11-30T19:00:00+00:00,2025-12-31T19:00:00+00:00,0
2026-01-23T19:00:00+00:00,2026-01-25T03:00:00+00:00,turbine_2,33,0.20686517438441127,0.37,-0.16313482561558873,0.01,7.45,-6.3,0.0,0.7110390379621503,True,open_meteo_previous_runs,72,2026-01-22T15:00:00+00:00,2025-12-31T18:00:00+00:00,552.0,2025-11-30T19:00:00+00:00,2025-12-31T19:00:00+00:00,0
2026-01-23T19:00:00+00:00,2026-01-25T04:00:00+00:00,turbine_2,34,0.17293646561282142,0.1316666666666666,0.04126979894615482,0.01,6.26,-4.2,0.0,0.6771103291905605,True,open_meteo_previous_runs,72,2026-01-22T16:00:00+00:00,2025-12-31T18:00:00+00:00,552.0,2025-11-30T19:00:00+00:00,2025-12-31T19:00:00+00:00,0
2026-01-23T19:00:00+00:00,2026-01-25T05:00:00+00:00,turbine_2,35,0.18125733010054404,0.0699999999999999,0.11125733010054414,0.01,5.78,-4.0,0.0,0.6854311936782831,True,open_meteo_previous_runs,72,2026-01-22T17:00:00+00:00,2025-12-31T18:00:00+00:00,552.0,2025-11-30T19:00:00+00:00,2025-12-31T19:00:00+00:00,0
2026-01-23T19:00:00+00:00,2026-01-25T06:00:00+00:00,turbine_2,36,0.18788167127235122,0.005,0.18288167127235122,0.01,8.05,-2.8,0.0,0.6920555348500903,True,open_meteo_previous_runs,72,2026-01-22T18:00:00+00:00,2025-12-31T18:00:00+00:00,552.0,2025-11-30T19:00:00+00:00,2025-12-31T19:00:00+00:00,0
2026-01-23T19:00:00+00:00,2026-01-25T07:00:00+00:00,turbine_2,37,0.16400777186528634,0.01,0.15400777186528633,0.01,7.47,-2.2,0.0,0.6681816354430254,True,open_meteo_previous_runs,72,2026-01-22T19:00:00+00:00,2025-12-31T18:00:00+00:00,552.0,2025-11-30T19:00:00+00:00,2025-12-31T19:00:00+00:00,0
2026-01-23T19:00:00+00:00,2026-01-25T08:00:00+00:00,turbine_2,38,0.1931135219813484,0.0083333333333333,0.1847801886480151,0.01,5.32,-2.0,0.0,0.6972873855590875,True,open_meteo_previous_runs,72,2026-01-22T20:00:00+00:00,2025-12-31T18:00:00+00:00,552.0,2025-11-30T19:00:00+00:00,2025-12-31T19:00:00+00:00,0
2026-01-23T19:00:00+00:00,2026-01-25T09:00:00+00:00,turbine_2,39,0.2005589711329413,0.01,0.1905589711329413,0.01,5.75,-1.8,0.0,0.7047328347106804,True,open_meteo_previous_runs,72,2026-01-22T21:00:00+00:00,2025-12-31T18:00:00+00:00,552.0,2025-11-30T19:00:00+00:00,2025-12-31T19:00:00+00:00,0
2026-01-23T19:00:00+00:00,2026-01-25T10:00:00+00:00,turbine_2,40,0.220747066032407,0.01,0.210747066032407,0.01,5.25,-1.8,0.0,0.7249209296101461,True,open_meteo_previous_runs,72,2026-01-22T22:00:00+00:00,2025-12-31T18:00:00+00:00,552.0,2025-11-30T19:00:00+00:00,2025-12-31T19:00:00+00:00,0
2026-01-23T19:00:00+00:00,2026-01-25T11:00:00+00:00,turbine_2,41,0.2214201586187368,0.01,0.21142015861873678,0.01,5.6,-3.8,0.0,0.7255940221964758,True,open_meteo_previous_runs,72,2026-01-22T23:00:00+00:00,2025-12-31T18:00:00+00:00,552.0,2025-11-30T19:00:00+00:00,2025-12-31T19:00:00+00:00,0
2026-01-23T19:00:00+00:00,2026-01-25T12:00:00+00:00,turbine_2,42,0.19184794478464168,0.01,0.18184794478464167,0.01,3.01,-4.9,0.0,0.6960218083623808,True,open_meteo_previous_runs,72,2026-01-23T00:00:00+00:00,2025-12-31T18:00:00+00:00,552.0,2025-11-30T19:00:00+00:00,2025-12-31T19:00:00+00:00,0
2026-01-23T19:00:00+00:00,2026-01-25T13:00:00+00:00,turbine_2,43,0.22746145037774834,0.01,0.21746145037774833,0.01,3.35,-5.7,0.0,0.7316353139554874,True,open_meteo_previous_runs,72,2026-01-23T01:00:00+00:00,2025-12-31T18:00:00+00:00,552.0,2025-11-30T19:00:00+00:00,2025-12-31T19:00:00+00:00,0
2026-01-23T19:00:00+00:00,2026-01-25T14:00:00+00:00,turbine_2,44,0.22039450906916414,0.0333333333333333,0.18706117573583084,0.01,3.64,-4.9,0.0,0.7245683726469032,True,open_meteo_previous_runs,72,2026-01-23T02:00:00+00:00,2025-12-31T18:00:00+00:00,552.0,2025-11-30T19:00:00+00:00,2025-12-31T19:00:00+00:00,0
2026-01-23T19:00:00+00:00,2026-01-25T15:00:00+00:00,turbine_2,45,0.25102054538059365,0.1333333333333333,0.11768721204726035,0.01,3.99,-3.7,0.0,0.7551944089583327,True,open_meteo_previous_runs,72,2026-01-23T03:00:00+00:00,2025-12-31T18:00:00+00:00,552.0,2025-11-30T19:00:00+00:00,2025-12-31T19:00:00+00:00,0
2026-01-23T19:00:00+00:00,2026-01-25T16:00:00+00:00,turbine_2,46,0.21562587946300021,0.215,0.0006258794630002174,0.01,3.45,-4.2,0.0,0.7197997430407392,True,open_meteo_previous_runs,72,2026-01-23T04:00:00+00:00,2025-12-31T18:00:00+00:00,552.0,2025-11-30T19:00:00+00:00,2025-12-31T19:00:00+00:00,0
2026-01-23T19:00:00+00:00,2026-01-25T17:00:00+00:00,turbine_2,47,0.2094648375925941,0.3266666666666666,-0.1172018290740725,0.01,3.22,-3.7,0.0,0.7136387011703331,True,open_meteo_previous_runs,72,2026-01-23T05:00:00+00:00,2025-12-31T18:00:00+00:00,552.0,2025-11-30T19:00:00+00:00,2025-12-31T19:00:00+00:00,0
2026-01-23T19:00:00+00:00,2026-01-25T18:00:00+00:00,turbine_2,48,0.237535708057766,0.5416666666666666,-0.3041309586089006,0.01,5.44,-3.4,0.0,0.7417095716355051,True,open_meteo_previous_runs,72,2026-01-23T06:00:00+00:00,2025-12-31T18:00:00+00:00,552.0,2025-11-30T19:00:00+00:00,2025-12-31T19:00:00+00:00,0
2026-01-24T19:00:00+00:00,2026-01-24T19:00:00+00:00,turbine_2,1,0.6549160755507242,0.965,-0.3100839244492758,0.01,10.69,-6.6,0.12887581564381467,1.0,True,open_meteo_previous_runs,72,2026-01-22T07:00:00+00:00,2025-12-31T18:00:00+00:00,576.0,2025-11-30T19:00:00+00:00,2025-12-31T19:00:00+00:00,0
2026-01-24T19:00:00+00:00,2026-01-24T20:00:00+00:00,turbine_2,2,0.5722354012446473,0.5499999999999999,0.0222354012446474,0.01,10.57,-5.8,0.04619514133773783,1.0,True,open_meteo_previous_runs,72,2026-01-22T08:00:00+00:00,2025-12-31T18:00:00+00:00,576.0,2025-11-30T19:00:00+00:00,2025-12-31T19:00:00+00:00,0
2026-01-24T19:00:00+00:00,2026-01-24T21:00:00+00:00,turbine_2,3,0.3920572844520753,0.2383333333333333,0.153723951118742,0.01,10.26,-5.8,0.0,0.9180975443589848,True,open_meteo_previous_runs,72,2026-01-22T09:00:00+00:00,2025-12-31T18:00:00+00:00,576.0,2025-11-30T19:00:00+00:00,2025-12-31T19:00:00+00:00,0
2026-01-24T19:00:00+00:00,2026-01-24T22:00:00+00:00,turbine_2,4,0.3920572844520753,0.49,-0.09794271554792466,0.01,10.08,-6.3,0.0,0.9180975443589848,True,open_meteo_previous_runs,72,2026-01-22T10:00:00+00:00,2025-12-31T18:00:00+00:00,576.0,2025-11-30T19:00:00+00:00,2025-12-31T19:00:00+00:00,0
2026-01-24T19:00:00+00:00,2026-01-24T23:00:00+00:00,turbine_2,5,0.32725282144903256,0.595,-0.2677471785509674,0.01,9.47,-7.3,0.0,0.8532930813559421,True,open_meteo_previous_runs,72,2026-01-22T11:00:00+00:00,2025-12-31T18:00:00+00:00,576.0,2025-11-30T19:00:00+00:00,2025-12-31T19:00:00+00:00,0
2026-01-24T19:00:00+00:00,2026-01-25T00:00:00+00:00,turbine_2,6,0.3727532064064105,0.1416666666666667,0.23108653973974383,0.01,9.75,-7.6,0.0,0.89879346631332,True,open_meteo_previous_runs,72,2026-01-22T12:00:00+00:00,2025-12-31T18:00:00+00:00,576.0,2025-11-30T19:00:00+00:00,2025-12-31T19:00:00+00:00,0
2026-01-24T19:00:00+00:00,2026-01-25T01:00:00+00:00,turbine_2,7,0.271601723221225,0.0233333333333333,0.2482683898878917,0.01,8.9,-7.7,0.0,0.7976419831281345,True,open_meteo_previous_runs,72,2026-01-22T13:00:00+00:00,2025-12-31T18:00:00+00:00,576.0,2025-11-30T19:00:00+00:00,2025-12-31T19:00:00+00:00,0
2026-01-24T19:00:00+00:00,2026-01-25T02:00:00+00:00,turbine_2,8,0.19946517644059775,0.3733333333333333,-0.17386815689273555,0.01,7.11,-6.5,0.0,0.7255054363475073,True,open_meteo_previous_runs,72,2026-01-22T14:00:00+00:00,2025-12-31T18:00:00+00:00,576.0,2025-11-30T19:00:00+00:00,2025-12-31T19:00:00+00:00,0
2026-01-24T19:00:00+00:00,2026-01-25T03:00:00+00:00,turbine_2,9,0.20913232246551663,0.37,-0.16086767753448336,0.01,7.45,-6.3,0.0,0.7351725823724261,True,open_meteo_previous_runs,72,2026-01-22T15:00:00+00:00,2025-12-31T18:00:00+00:00,576.0,2025-11-30T19:00:00+00:00,2025-12-31T19:00:00+00:00,0
2026-01-24T19:00:00+00:00,2026-01-25T04:00:00+00:00,turbine_2,10,0.17293646561282142,0.1316666666666666,0.04126979894615482,0.01,6.26,-4.2,0.0,0.6989767255197309,True,open_meteo_previous_runs,72,2026-01-22T16:00:00+00:00,2025-12-31T18:00:00+00:00,576.0,2025-11-30T19:00:00+00:00,2025-12-31T19:00:00+00:00,0
2026-01-24T19:00:00+00:00,2026-01-25T05:00:00+00:00,turbine_2,11,0.18125733010054404,0.0699999999999999,0.11125733010054414,0.01,5.78,-4.0,0.0,0.7072975900074535,True,open_meteo_previous_runs,72,2026-01-22T17:00:00+00:00,2025-12-31T18:00:00+00:00,576.0,2025-11-30T19:00:00+00:00,2025-12-31T19:00:00+00:00,0
2026-01-24T19:00:00+00:00,2026-01-25T06:00:00+00:00,turbine_2,12,0.18788167127235122,0.005,0.18288167127235122,0.01,8.05,-2.8,0.0,0.7139219311792607,True,open_meteo_previous_runs,72,2026-01-22T18:00:00+00:00,2025-12-31T18:00:00+00:00,576.0,2025-11-30T19:00:00+00:00,2025-12-31T19:00:00+00:00,0
2026-01-24T19:00:00+00:00,2026-01-25T07:00:00+00:00,turbine_2,13,0.16400777186528634,0.01,0.15400777186528633,0.01,7.47,-2.2,0.0,0.6900480317721959,True,open_meteo_previous_runs,72,2026-01-22T19:00:00+00:00,2025-12-31T18:00:00+00:00,576.0,2025-11-30T19:00:00+00:00,2025-12-31T19:00:00+00:00,0
2026-01-24T19:00:00+00:00,2026-01-25T08:00:00+00:00,turbine_2,14,0.1931135219813484,0.0083333333333333,0.1847801886480151,0.01,5.32,-2.0,0.0,0.7191537818882578,True,open_meteo_previous_runs,72,2026-01-22T20:00:00+00:00,2025-12-31T18:00:00+00:00,576.0,2025-11-30T19:00:00+00:00,2025-12-31T19:00:00+00:00,0
2026-01-24T19:00:00+00:00,2026-01-25T09:00:00+00:00,turbine_2,15,0.2005589711329413,0.01,0.1905589711329413,0.01,5.75,-1.8,0.0,0.7265992310398508,True,open_meteo_previous_runs,72,2026-01-22T21:00:00+00:00,2025-12-31T18:00:00+00:00,576.0,2025-11-30T19:00:00+00:00,2025-12-31T19:00:00+00:00,0
2026-01-24T19:00:00+00:00,2026-01-25T10:00:00+00:00,turbine_2,16,0.220747066032407,0.01,0.210747066032407,0.01,5.25,-1.8,0.0,0.7467873259393165,True,open_meteo_previous_runs,72,2026-01-22T22:00:00+00:00,2025-12-31T18:00:00+00:00,576.0,2025-11-30T19:00:00+00:00,2025-12-31T19:00:00+00:00,0
2026-01-24T19:00:00+00:00,2026-01-25T11:00:00+00:00,turbine_2,17,0.2214201586187368,0.01,0.21142015861873678,0.01,5.6,-3.8,0.0,0.7474604185256463,True,open_meteo_previous_runs,72,2026-01-22T23:00:00+00:00,2025-12-31T18:00:00+00:00,576.0,2025-11-30T19:00:00+00:00,2025-12-31T19:00:00+00:00,0
2026-01-24T19:00:00+00:00,2026-01-25T12:00:00+00:00,turbine_2,18,0.19184794478464168,0.01,0.18184794478464167,0.01,3.01,-4.9,0.0,0.7178882046915511,True,open_meteo_previous_runs,72,2026-01-23T00:00:00+00:00,2025-12-31T18:00:00+00:00,576.0,2025-11-30T19:00:00+00:00,2025-12-31T19:00:00+00:00,0
2026-01-24T19:00:00+00:00,2026-01-25T13:00:00+00:00,turbine_2,19,0.22746145037774834,0.01,0.21746145037774833,0.01,3.35,-5.7,0.0,0.7535017102846578,True,open_meteo_previous_runs,72,2026-01-23T01:00:00+00:00,2025-12-31T18:00:00+00:00,576.0,2025-11-30T19:00:00+00:00,2025-12-31T19:00:00+00:00,0
2026-01-24T19:00:00+00:00,2026-01-25T14:00:00+00:00,turbine_2,20,0.22039450906916414,0.0333333333333333,0.18706117573583084,0.01,3.64,-4.9,0.0,0.7464347689760736,True,open_meteo_previous_runs,72,2026-01-23T02:00:00+00:00,2025-12-31T18:00:00+00:00,576.0,2025-11-30T19:00:00+00:00,2025-12-31T19:00:00+00:00,0
2026-01-24T19:00:00+00:00,2026-01-25T15:00:00+00:00,turbine_2,21,0.25102054538059365,0.1333333333333333,0.11768721204726035,0.01,3.99,-3.7,0.0,0.7770608052875032,True,open_meteo_previous_runs,72,2026-01-23T03:00:00+00:00,2025-12-31T18:00:00+00:00,576.0,2025-11-30T19:00:00+00:00,2025-12-31T19:00:00+00:00,0
2026-01-24T19:00:00+00:00,2026-01-25T16:00:00+00:00,turbine_2,22,0.21562587946300021,0.215,0.0006258794630002174,0.01,3.45,-4.2,0.0,0.7416661393699098,True,open_meteo_previous_runs,72,2026-01-23T04:00:00+00:00,2025-12-31T18:00:00+00:00,576.0,2025-11-30T19:00:00+00:00,2025-12-31T19:00:00+00:00,0
2026-01-24T19:00:00+00:00,2026-01-25T17:00:00+00:00,turbine_2,23,0.2094648375925941,0.3266666666666666,-0.1172018290740725,0.01,3.22,-3.7,0.0,0.7355050974995037,True,open_meteo_previous_runs,72,2026-01-23T05:00:00+00:00,2025-12-31T18:00:00+00:00,576.0,2025-11-30T19:00:00+00:00,2025-12-31T19:00:00+00:00,0
2026-01-24T19:00:00+00:00,2026-01-25T18:00:00+00:00,turbine_2,24,0.237535708057766,0.5416666666666666,-0.3041309586089006,0.01,5.44,-3.4,0.0,0.7635759679646755,True,open_meteo_previous_runs,72,2026-01-23T06:00:00+00:00,2025-12-31T18:00:00+00:00,576.0,2025-11-30T19:00:00+00:00,2025-12-31T19:00:00+00:00,0
2026-01-24T19:00:00+00:00,2026-01-25T19:00:00+00:00,turbine_2,25,0.15954377312442672,0.22,-0.06045622687557328,0.01,6.56,-3.6,0.0,0.6637176367021658,True,open_meteo_previous_runs,72,2026-01-23T07:00:00+00:00,2025-12-31T18:00:00+00:00,576.0,2025-11-30T19:00:00+00:00,2025-12-31T19:00:00+00:00,0
2026-01-24T19:00:00+00:00,2026-01-25T20:00:00+00:00,turbine_2,26,0.1569574695297303,0.1816666666666666,-0.024709197136936284,0.01,7.52,-3.8,0.0,0.6611313331074694,True,open_meteo_previous_runs,72,2026-01-23T08:00:00+00:00,2025-12-31T18:00:00+00:00,576.0,2025-11-30T19:00:00+00:00,2025-12-31T19:00:00+00:00,0
2026-01-24T19:00:00+00:00,2026-01-25T21:00:00+00:00,turbine_2,27,0.17526308495682297,0.3066666666666666,-0.13140358170984362,0.01,8.52,-4.3,0.0,0.679436948534562,True,open_meteo_previous_runs,72,2026-01-23T09:00:00+00:00,2025-12-31T18:00:00+00:00,576.0,2025-11-30T19:00:00+00:00,2025-12-31T19:00:00+00:00,0
2026-01-24T19:00:00+00:00,2026-01-25T22:00:00+00:00,turbine_2,28,0.23965632336231993,0.3183333333333333,-0.07867700997101337,0.01,9.04,-5.1,0.0,0.743830186940059,True,open_meteo_previous_runs,72,2026-01-23T10:00:00+00:00,2025-12-31T18:00:00+00:00,576.0,2025-11-30T19:00:00+00:00,2025-12-31T19:00:00+00:00,0
2026-01-24T19:00:00+00:00,2026-01-25T23:00:00+00:00,turbine_2,29,0.2913937421658011,0.22,0.0713937421658011,0.01,9.62,-6.1,0.0,0.7955676057435401,True,open_meteo_previous_runs,72,2026-01-23T11:00:00+00:00,2025-12-31T18:00:00+00:00,576.0,2025-11-30T19:00:00+00:00,2025-12-31T19:00:00+00:00,0
2026-01-24T19:00:00+00:00,2026-01-26T00:00:00+00:00,turbine_2,30,0.18110150392030028,0.5299999999999999,-0.34889849607969964,0.01,8.77,-5.7,0.0,0.6852753674980394,True,open_meteo_previous_runs,72,2026-01-23T12:00:00+00:00,2025-12-31T18:00:00+00:00,576.0,2025-11-30T19:00:00+00:00,2025-12-31T19:00:00+00:00,0
2026-01-24T19:00:00+00:00,2026-01-26T01:00:00+00:00,turbine_2,31,0.2389585554087388,0.27,-0.031041444591261208,0.01,9.31,-5.5,0.0,0.7431324189864779,True,open_meteo_previous_runs,72,2026-01-23T13:00:00+00:00,2025-12-31T18:00:00+00:00,576.0,2025-11-30T19:00:00+00:00,2025-12-31T19:00:00+00:00,0
2026-01-24T19:00:00+00:00,2026-01-26T02:00:00+00:00,turbine_2,32,0.29770341999237404,0.2016666666666666,0.09603675332570744,0.01,10.06,-6.1,0.0,0.8018772835701131,True,open_meteo_previous_runs,72,2026-01-23T14:00:00+00:00,2025-12-31T18:00:00+00:00,576.0,2025-11-30T19:00:00+00:00,2025-12-31T19:00:00+00:00,0
2026-01-24T19:00:00+00:00,2026-01-26T03:00:00+00:00,turbine_2,33,0.3025095284066606,0.1866666666666666,0.11584286173999403,0.01,10.34,-6.0,0.0,0.8066833919843996,True,open_meteo_previous_runs,72,2026-01-23T15:00:00+00:00,2025-12-31T18:00:00+00:00,576.0,2025-11-30T19:00:00+00:00,2025-12-31T19:00:00+00:00,0
2026-01-24T19:00:00+00:00,2026-01-26T04:00:00+00:00,turbine_2,34,0.41067116207239585,0.24,0.17067116207239585,0.01,10.69,-4.4,0.0,0.9148450256501349,True,open_meteo_previous_runs,72,2026-01-23T16:00:00+00:00,2025-12-31T18:00:00+00:00,576.0,2025-11-30T19:00:00+00:00,2025-12-31T19:00:00+00:00,0
2026-01-24T19:00:00+00:00,2026-01-26T05:00:00+00:00,turbine_2,35,0.3923774791556245,0.245,0.1473774791556245,0.01,10.6,-3.3,0.0,0.8965513427333636,True,open_meteo_previous_runs,72,2026-01-23T17:00:00+00:00,2025-12-31T18:00:00+00:00,576.0,2025-11-30T19:00:00+00:00,2025-12-31T19:00:00+00:00,0
2026-01-24T19:00:00+00:00,2026-01-26T06:00:00+00:00,turbine_2,36,0.43484722439327544,0.5083333333333333,-0.07348610894005786,0.01,11.41,-2.9,0.0,0.9390210879710146,True,open_meteo_previous_runs,72,2026-01-23T18:00:00+00:00,2025-12-31T18:00:00+00:00,576.0,2025-11-30T19:00:00+00:00,2025-12-31T19:00:00+00:00,0
2026-01-24T19:00:00+00:00,2026-01-26T07:00:00+00:00,turbine_2,37,0.5227871817518011,0.8466666666666667,-0.3238794849148656,0.01,11.96,-1.8,0.018613318174061977,1.0,True,open_meteo_previous_runs,72,2026-01-23T19:00:00+00:00,2025-12-31T18:00:00+00:00,576.0,2025-11-30T19:00:00+00:00,2025-12-31T19:00:00+00:00,0
2026-01-24T19:00:00+00:00,2026-01-26T08:00:00+00:00,turbine_2,38,0.5407192678361055,0.7966666666666667,-0.2559473988305613,0.01,11.95,-1.1,0.03654540425836639,1.0,True,open_meteo_previous_runs,72,2026-01-23T20:00:00+00:00,2025-12-31T18:00:00+00:00,576.0,2025-11-30T19:00:00+00:00,2025-12-31T19:00:00+00:00,0
2026-01-24T19:00:00+00:00,2026-01-26T09:00:00+00:00,turbine_2,39,0.5269475262294997,0.75,-0.2230524737705003,0.01,11.73,-0.7,0.022773662651760618,1.0,True,open_meteo_previous_runs,72,2026-01-23T21:00:00+00:00,2025-12-31T18:00:00+00:00,576.0,2025-11-30T19:00:00+00:00,2025-12-31T19:00:00+00:00,0
2026-01-24T19:00:00+00:00,2026-01-26T10:00:00+00:00,turbine_2,40,0.5001816203356807,0.7383333333333333,-0.2381517129976526,0.01,11.47,-0.8,0.0,1.0,True,open_meteo_previous_runs,72,2026-01-23T22:00:00+00:00,2025-12-31T18:00:00+00:00,576.0,2025-11-30T19:00:00+00:00,2025-12-31T19:00:00+00:00,0
2026-01-24T19:00:00+00:00,2026-01-26T11:00:00+00:00,turbine_2,41,0.4909394035492305,0.7016666666666667,-0.21072726311743617,0.01,10.75,-2.3,0.0,0.9951132671269696,True,open_meteo_previous_runs,72,2026-01-23T23:00:00+00:00,2025-12-31T18:00:00+00:00,576.0,2025-11-30T19:00:00+00:00,2025-12-31T19:00:00+00:00,0
2026-01-24T19:00:00+00:00,2026-01-26T12:00:00+00:00,turbine_2,42,0.3169837196633686,0.4833333333333333,-0.1663496136699647,0.01,9.28,-5.8,0.0,0.8211575832411077,True,open_meteo_previous_runs,72,2026-01-24T00:00:00+00:00,2025-12-31T18:00:00+00:00,576.0,2025-11-30T19:00:00+00:00,2025-12-31T19:00:00+00:00,0
2026-01-24T19:00:00+00:00,2026-01-26T13:00:00+00:00,turbine_2,43,0.24255168252514878,0.62,-0.3774483174748512,0.01,8.61,-7.4,0.0,0.7467255461028879,True,open_meteo_previous_runs,72,2026-01-24T01:00:00+00:00,2025-12-31T18:00:00+00:00,576.0,2025-11-30T19:00:00+00:00,2025-12-31T19:00:00+00:00,0
2026-01-24T19:00:00+00:00,2026-01-26T14:00:00+00:00,turbine_2,44,0.2128822783882457,0.8716666666666667,-0.658784388278421,0.01,8.23,-7.6,0.0,0.7170561419659848,True,open_meteo_previous_runs,72,2026-01-24T02:00:00+00:00,2025-12-31T18:00:00+00:00,576.0,2025-11-30T19:00:00+00:00,2025-12-31T19:00:00+00:00,0
2026-01-24T19:00:00+00:00,2026-01-26T15:00:00+00:00,turbine_2,45,0.21728058034661246,0.3666666666666667,-0.14938608632005423,0.01,8.27,-7.4,0.0,0.7214544439243515,True,open_meteo_previous_runs,72,2026-01-24T03:00:00+00:00,2025-12-31T18:00:00+00:00,576.0,2025-11-30T19:00:00+00:00,2025-12-31T19:00:00+00:00,0
2026-01-24T19:00:00+00:00,2026-01-26T16:00:00+00:00,turbine_2,46,0.20807594905567214,0.1666666666666666,0.04140928238900554,0.01,7.97,-7.4,0.0,0.7122498126334113,True,open_meteo_previous_runs,72,2026-01-24T04:00:00+00:00,2025-12-31T18:00:00+00:00,576.0,2025-11-30T19:00:00+00:00,2025-12-31T19:00:00+00:00,0
2026-01-24T19:00:00+00:00,2026-01-26T17:00:00+00:00,turbine_2,47,0.1928554471663834,0.6766666666666666,-0.4838112195002833,0.01,8.02,-7.2,0.0,0.6970293107441224,True,open_meteo_previous_runs,72,2026-01-24T05:00:00+00:00,2025-12-31T18:00:00+00:00,576.0,2025-11-30T19:00:00+00:00,2025-12-31T19:00:00+00:00,0
2026-01-24T19:00:00+00:00,2026-01-26T18:00:00+00:00,turbine_2,48,0.28955383706236665,0.9266666666666666,-0.6371128296043,0.01,9.04,-5.1,0.0,0.7937277006401058,True,open_meteo_previous_runs,72,2026-01-24T06:00:00+00:00,2025-12-31T18:00:00+00:00,576.0,2025-11-30T19:00:00+00:00,2025-12-31T19:00:00+00:00,0
2026-01-25T19:00:00+00:00,2026-01-25T19:00:00+00:00,turbine_2,1,0.16555311900249883,0.22,-0.05444688099750117,0.01,6.56,-3.6,0.0,0.6915933789094083,True,open_meteo_previous_runs,72,2026-01-23T07:00:00+00:00,2025-12-31T18:00:00+00:00,600.0,2025-11-30T19:00:00+00:00,2025-12-31T19:00:00+00:00,0
2026-01-25T19:00:00+00:00,2026-01-25T20:00:00+00:00,turbine_2,2,0.16296681540780242,0.1816666666666666,-0.01869985125886417,0.01,7.52,-3.8,0.0,0.689007075314712,True,open_meteo_previous_runs,72,2026-01-23T08:00:00+00:00,2025-12-31T18:00:00+00:00,600.0,2025-11-30T19:00:00+00:00,2025-12-31T19:00:00+00:00,0
2026-01-25T19:00:00+00:00,2026-01-25T21:00:00+00:00,turbine_2,3,0.1811624012359735,0.3066666666666666,-0.1255042654306931,0.01,8.52,-4.3,0.0,0.707202661142883,True,open_meteo_previous_runs,72,2026-01-23T09:00:00+00:00,2025-12-31T18:00:00+00:00,600.0,2025-11-30T19:00:00+00:00,2025-12-31T19:00:00+00:00,0
2026-01-25T19:00:00+00:00,2026-01-25T22:00:00+00:00,turbine_2,4,0.2455556396414704,0.3183333333333333,-0.0727776936918629,0.01,9.04,-5.1,0.0,0.7715958995483799,True,open_meteo_previous_runs,72,2026-01-23T10:00:00+00:00,2025-12-31T18:00:00+00:00,600.0,2025-11-30T19:00:00+00:00,2025-12-31T19:00:00+00:00,0
2026-01-25T19:00:00+00:00,2026-01-25T23:00:00+00:00,turbine_2,5,0.2927732659274246,0.22,0.07277326592742459,0.01,9.62,-6.1,0.0,0.8188135258343341,True,open_meteo_previous_runs,72,2026-01-23T11:00:00+00:00,2025-12-31T18:00:00+00:00,600.0,2025-11-30T19:00:00+00:00,2025-12-31T19:00:00+00:00,0
2026-01-25T19:00:00+00:00,2026-01-26T00:00:00+00:00,turbine_2,6,0.18248102768192379,0.5299999999999999,-0.34751897231807616,0.01,8.77,-5.7,0.0,0.7085212875888333,True,open_meteo_previous_runs,72,2026-01-23T12:00:00+00:00,2025-12-31T18:00:00+00:00,600.0,2025-11-30T19:00:00+00:00,2025-12-31T19:00:00+00:00,0
2026-01-25T19:00:00+00:00,2026-01-26T01:00:00+00:00,turbine_2,7,0.24027784259954965,0.27,-0.029722157400450366,0.01,9.31,-5.5,0.0,0.7663181025064592,True,open_meteo_previous_runs,72,2026-01-23T13:00:00+00:00,2025-12-31T18:00:00+00:00,600.0,2025-11-30T19:00:00+00:00,2025-12-31T19:00:00+00:00,0
2026-01-25T19:00:00+00:00,2026-01-26T02:00:00+00:00,turbine_2,8,0.299297147168552,0.2016666666666666,0.09763048050188539,0.01,10.06,-6.1,0.0,0.8253374070754615,True,open_meteo_previous_runs,72,2026-01-23T14:00:00+00:00,2025-12-31T18:00:00+00:00,600.0,2025-11-30T19:00:00+00:00,2025-12-31T19:00:00+00:00,0
2026-01-25T19:00:00+00:00,2026-01-26T03:00:00+00:00,turbine_2,9,0.3025095284066606,0.1866666666666666,0.11584286173999403,0.01,10.34,-6.0,0.0,0.8285497883135702,True,open_meteo_previous_runs,72,2026-01-23T15:00:00+00:00,2025-12-31T18:00:00+00:00,600.0,2025-11-30T19:00:00+00:00,2025-12-31T19:00:00+00:00,0
2026-01-25T19:00:00+00:00,2026-01-26T04:00:00+00:00,turbine_2,10,0.41067116207239585,0.24,0.17067116207239585,0.01,10.69,-4.4,0.0,0.9367114219793053,True,open_meteo_previous_runs,72,2026-01-23T16:00:00+00:00,2025-12-31T18:00:00+00:00,600.0,2025-11-30T19:00:00+00:00,2025-12-31T19:00:00+00:00,0
2026-01-25T19:00:00+00:00,2026-01-26T05:00:00+00:00,turbine_2,11,0.3923774791556245,0.245,0.1473774791556245,0.01,10.6,-3.3,0.0,0.918417739062534,True,open_meteo_previous_runs,72,2026-01-23T17:00:00+00:00,2025-12-31T18:00:00+00:00,600.0,2025-11-30T19:00:00+00:00,2025-12-31T19:00:00+00:00,0
2026-01-25T19:00:00+00:00,2026-01-26T06:00:00+00:00,turbine_2,12,0.43484722439327544,0.5083333333333333,-0.07348610894005786,0.01,11.41,-2.9,0.0,0.9608874843001849,True,open_meteo_previous_runs,72,2026-01-23T18:00:00+00:00,2025-12-31T18:00:00+00:00,600.0,2025-11-30T19:00:00+00:00,2025-12-31T19:00:00+00:00,0
2026-01-25T19:00:00+00:00,2026-01-26T07:00:00+00:00,turbine_2,13,0.5227871817518011,0.8466666666666667,-0.3238794849148656,0.01,11.96,-1.8,0.0,1.0,True,open_meteo_previous_runs,72,2026-01-23T19:00:00+00:00,2025-12-31T18:00:00+00:00,600.0,2025-11-30T19:00:00+00:00,2025-12-31T19:00:00+00:00,0
2026-01-25T19:00:00+00:00,2026-01-26T08:00:00+00:00,turbine_2,14,0.5407192678361055,0.7966666666666667,-0.2559473988305613,0.01,11.95,-1.1,0.014679007929195964,1.0,True,open_meteo_previous_runs,72,2026-01-23T20:00:00+00:00,2025-12-31T18:00:00+00:00,600.0,2025-11-30T19:00:00+00:00,2025-12-31T19:00:00+00:00,0
2026-01-25T19:00:00+00:00,2026-01-26T09:00:00+00:00,turbine_2,15,0.5269475262294997,0.75,-0.2230524737705003,0.01,11.73,-0.7,0.0009072663225901945,1.0,True,open_meteo_previous_runs,72,2026-01-23T21:00:00+00:00,2025-12-31T18:00:00+00:00,600.0,2025-11-30T19:00:00+00:00,2025-12-31T19:00:00+00:00,0
2026-01-25T19:00:00+00:00,2026-01-26T10:00:00+00:00,turbine_2,16,0.5001816203356807,0.7383333333333333,-0.2381517129976526,0.01,11.47,-0.8,0.0,1.0,True,open_meteo_previous_runs,72,2026-01-23T22:00:00+00:00,2025-12-31T18:00:00+00:00,600.0,2025-11-30T19:00:00+00:00,2025-12-31T19:00:00+00:00,0
2026-01-25T19:00:00+00:00,2026-01-26T11:00:00+00:00,turbine_2,17,0.4909394035492305,0.7016666666666667,-0.21072726311743617,0.01,10.75,-2.3,0.0,1.0,True,open_meteo_previous_runs,72,2026-01-23T23:00:00+00:00,2025-12-31T18:00:00+00:00,600.0,2025-11-30T19:00:00+00:00,2025-12-31T19:00:00+00:00,0
2026-01-25T19:00:00+00:00,2026-01-26T12:00:00+00:00,turbine_2,18,0.3169837196633686,0.4833333333333333,-0.1663496136699647,0.01,9.28,-5.8,0.0,0.8430239795702781,True,open_meteo_previous_runs,72,2026-01-24T00:00:00+00:00,2025-12-31T18:00:00+00:00,600.0,2025-11-30T19:00:00+00:00,2025-12-31T19:00:00+00:00,0
2026-01-25T19:00:00+00:00,2026-01-26T13:00:00+00:00,turbine_2,19,0.24255168252514878,0.62,-0.3774483174748512,0.01,8.61,-7.4,0.0,0.7685919424320583,True,open_meteo_previous_runs,72,2026-01-24T01:00:00+00:00,2025-12-31T18:00:00+00:00,600.0,2025-11-30T19:00:00+00:00,2025-12-31T19:00:00+00:00,0
2026-01-25T19:00:00+00:00,2026-01-26T14:00:00+00:00,turbine_2,20,0.2128822783882457,0.8716666666666667,-0.658784388278421,0.01,8.23,-7.6,0.0,0.7389225382951552,True,open_meteo_previous_runs,72,2026-01-24T02:00:00+00:00,2025-12-31T18:00:00+00:00,600.0,2025-11-30T19:00:00+00:00,2025-12-31T19:00:00+00:00,0
2026-01-25T19:00:00+00:00,2026-01-26T15:00:00+00:00,turbine_2,21,0.21728058034661246,0.3666666666666667,-0.14938608632005423,0.01,8.27,-7.4,0.0,0.743320840253522,True,open_meteo_previous_runs,72,2026-01-24T03:00:00+00:00,2025-12-31T18:00:00+00:00,600.0,2025-11-30T19:00:00+00:00,2025-12-31T19:00:00+00:00,0
2026-01-25T19:00:00+00:00,2026-01-26T16:00:00+00:00,turbine_2,22,0.20807594905567214,0.1666666666666666,0.04140928238900554,0.01,7.97,-7.4,0.0,0.7341162089625817,True,open_meteo_previous_runs,72,2026-01-24T04:00:00+00:00,2025-12-31T18:00:00+00:00,600.0,2025-11-30T19:00:00+00:00,2025-12-31T19:00:00+00:00,0
2026-01-25T19:00:00+00:00,2026-01-26T17:00:00+00:00,turbine_2,23,0.1928554471663834,0.6766666666666666,-0.4838112195002833,0.01,8.02,-7.2,0.0,0.7188957070732929,True,open_meteo_previous_runs,72,2026-01-24T05:00:00+00:00,2025-12-31T18:00:00+00:00,600.0,2025-11-30T19:00:00+00:00,2025-12-31T19:00:00+00:00,0
2026-01-25T19:00:00+00:00,2026-01-26T18:00:00+00:00,turbine_2,24,0.28955383706236665,0.9266666666666666,-0.6371128296043,0.01,9.04,-5.1,0.0,0.8155940969692761,True,open_meteo_previous_runs,72,2026-01-24T06:00:00+00:00,2025-12-31T18:00:00+00:00,600.0,2025-11-30T19:00:00+00:00,2025-12-31T19:00:00+00:00,0
2026-01-25T19:00:00+00:00,2026-01-26T19:00:00+00:00,turbine_2,25,0.29540375632205285,0.7050000000000001,-0.4095962436779472,0.01,9.58,-5.3,0.0,0.7995776198997919,True,open_meteo_previous_runs,72,2026-01-24T07:00:00+00:00,2025-12-31T18:00:00+00:00,600.0,2025-11-30T19:00:00+00:00,2025-12-31T19:00:00+00:00,0
2026-01-25T19:00:00+00:00,2026-01-26T20:00:00+00:00,turbine_2,26,0.3093590570894976,0.6266666666666666,-0.31730760957716897,0.01,9.66,-6.4,0.0,0.8135329206672367,True,open_meteo_previous_runs,72,2026-01-24T08:00:00+00:00,2025-12-31T18:00:00+00:00,600.0,2025-11-30T19:00:00+00:00,2025-12-31T19:00:00+00:00,0
2026-01-25T19:00:00+00:00,2026-01-26T21:00:00+00:00,turbine_2,27,0.2942369283402732,0.49,-0.19576307165972678,0.01,9.66,-6.5,0.0,0.7984107919180123,True,open_meteo_previous_runs,72,2026-01-24T09:00:00+00:00,2025-12-31T18:00:00+00:00,600.0,2025-11-30T19:00:00+00:00,2025-12-31T19:00:00+00:00,0
2026-01-25T19:00:00+00:00,2026-01-26T22:00:00+00:00,turbine_2,28,0.2601305531125094,0.935,-0.6748694468874907,0.01,9.53,-6.9,0.0,0.7643044166902484,True,open_meteo_previous_runs,72,2026-01-24T10:00:00+00:00,2025-12-31T18:00:00+00:00,600.0,2025-11-30T19:00:00+00:00,2025-12-31T19:00:00+00:00,0
2026-01-25T19:00:00+00:00,2026-01-26T23:00:00+00:00,turbine_2,29,0.19281288783719874,0.6733333333333333,-0.4805204454961346,0.01,8.78,-7.6,0.0,0.6969867514149378,True,open_meteo_previous_runs,72,2026-01-24T11:00:00+00:00,2025-12-31T18:00:00+00:00,600.0,2025-11-30T19:00:00+00:00,2025-12-31T19:00:00+00:00,0
2026-01-25T19:00:00+00:00,2026-01-27T00:00:00+00:00,turbine_2,30,0.27968235824890264,0.2883333333333333,-0.008650975084430634,0.01,9.57,-7.8,0.0,0.7838562218266417,True,open_meteo_previous_runs,72,2026-01-24T12:00:00+00:00,2025-12-31T18:00:00+00:00,600.0,2025-11-30T19:00:00+00:00,2025-12-31T19:00:00+00:00,0
2026-01-25T19:00:00+00:00,2026-01-27T01:00:00+00:00,turbine_2,31,0.17448407630790044,0.0283333333333333,0.14615074297456715,0.01,8.5,-7.8,0.0,0.6786579398856395,True,open_meteo_previous_runs,72,2026-01-24T13:00:00+00:00,2025-12-31T18:00:00+00:00,600.0,2025-11-30T19:00:00+00:00,2025-12-31T19:00:00+00:00,0
2026-01-25T19:00:00+00:00,2026-01-27T02:00:00+00:00,turbine_2,32,0.13166578885893468,0.0133333333333333,0.11833245552560138,0.01,7.75,-7.8,0.0,0.6358396524366737,True,open_meteo_previous_runs,72,2026-01-24T14:00:00+00:00,2025-12-31T18:00:00+00:00,600.0,2025-11-30T19:00:00+00:00,2025-12-31T19:00:00+00:00,0
2026-01-25T19:00:00+00:00,2026-01-27T03:00:00+00:00,turbine_2,33,0.11791307498618284,0.01,0.10791307498618284,0.01,7.34,-6.4,0.0,0.6220869385639219,True,open_meteo_previous_runs,72,2026-01-24T15:00:00+00:00,2025-12-31T18:00:00+00:00,600.0,2025-11-30T19:00:00+00:00,2025-12-31T19:00:00+00:00,0
2026-01-25T19:00:00+00:00,2026-01-27T04:00:00+00:00,turbine_2,34,0.11885231308732595,0.0083333333333333,0.11051897975399265,0.01,6.63,-4.5,0.0,0.623026176665065,True,open_meteo_previous_runs,72,2026-01-24T16:00:00+00:00,2025-12-31T18:00:00+00:00,600.0,2025-11-30T19:00:00+00:00,2025-12-31T19:00:00+00:00,0
2026-01-25T19:00:00+00:00,2026-01-27T05:00:00+00:00,turbine_2,35,0.13238537947118992,0.01,0.12238537947118992,0.01,5.65,-3.5,0.0,0.636559243048929,True,open_meteo_previous_runs,72,2026-01-24T17:00:00+00:00,2025-12-31T18:00:00+00:00,600.0,2025-11-30T19:00:00+00:00,2025-12-31T19:00:00+00:00,0
2026-01-25T19:00:00+00:00,2026-01-27T06:00:00+00:00,turbine_2,36,0.12702036457203691,0.01,0.11702036457203692,0.01,6.61,-2.6,0.0,0.631194228149776,True,open_meteo_previous_runs,72,2026-01-24T18:00:00+00:00,2025-12-31T18:00:00+00:00,600.0,2025-11-30T19:00:00+00:00,2025-12-31T19:00:00+00:00,0
2026-01-25T19:00:00+00:00,2026-01-27T07:00:00+00:00,turbine_2,37,0.1432636822737539,0.01,0.1332636822737539,0.01,6.2,-1.9,0.0,0.6474375458514929,True,open_meteo_previous_runs,72,2026-01-24T19:00:00+00:00,2025-12-31T18:00:00+00:00,600.0,2025-11-30T19:00:00+00:00,2025-12-31T19:00:00+00:00,0
2026-01-25T19:00:00+00:00,2026-01-27T08:00:00+00:00,turbine_2,38,0.1566013646379274,0.01,0.1466013646379274,0.01,5.69,-1.2,0.0,0.6607752282156665,True,open_meteo_previous_runs,72,2026-01-24T20:00:00+00:00,2025-12-31T18:00:00+00:00,600.0,2025-11-30T19:00:00+00:00,2025-12-31T19:00:00+00:00,0
2026-01-25T19:00:00+00:00,2026-01-27T09:00:00+00:00,turbine_2,39,0.16106776640531978,0.01,0.15106776640531977,0.01,5.32,-1.1,0.0,0.6652416299830588,True,open_meteo_previous_runs,72,2026-01-24T21:00:00+00:00,2025-12-31T18:00:00+00:00,600.0,2025-11-30T19:00:00+00:00,2025-12-31T19:00:00+00:00,0
2026-01-25T19:00:00+00:00,2026-01-27T10:00:00+00:00,turbine_2,40,0.18000649298615545,0.01,0.17000649298615544,0.01,5.02,-1.6,0.0,0.6841803565638945,True,open_meteo_previous_runs,72,2026-01-24T22:00:00+00:00,2025-12-31T18:00:00+00:00,600.0,2025-11-30T19:00:00+00:00,2025-12-31T19:00:00+00:00,0
2026-01-25T19:00:00+00:00,2026-01-27T11:00:00+00:00,turbine_2,41,0.1809221249830153,0.01,0.1709221249830153,0.01,4.62,-2.8,0.0,0.6850959885607544,True,open_meteo_previous_runs,72,2026-01-24T23:00:00+00:00,2025-12-31T18:00:00+00:00,600.0,2025-11-30T19:00:00+00:00,2025-12-31T19:00:00+00:00,0
2026-01-25T19:00:00+00:00,2026-01-27T12:00:00+00:00,turbine_2,42,0.17174043423478058,0.01,0.16174043423478057,0.01,3.61,-4.0,0.0,0.6759142978125197,True,open_meteo_previous_runs,72,2026-01-25T00:00:00+00:00,2025-12-31T18:00:00+00:00,600.0,2025-11-30T19:00:00+00:00,2025-12-31T19:00:00+00:00,0
2026-01-25T19:00:00+00:00,2026-01-27T13:00:00+00:00,turbine_2,43,0.18150061625267125,0.01,0.17150061625267124,0.01,3.26,-3.8,0.0,0.6856744798304103,True,open_meteo_previous_runs,72,2026-01-25T01:00:00+00:00,2025-12-31T18:00:00+00:00,600.0,2025-11-30T19:00:00+00:00,2025-12-31T19:00:00+00:00,0
2026-01-25T19:00:00+00:00,2026-01-27T14:00:00+00:00,turbine_2,44,0.20028699851930304,0.01,0.19028699851930303,0.01,2.79,-3.5,0.0,0.7044608620970421,True,open_meteo_previous_runs,72,2026-01-25T02:00:00+00:00,2025-12-31T18:00:00+00:00,600.0,2025-11-30T19:00:00+00:00,2025-12-31T19:00:00+00:00,0
2026-01-25T19:00:00+00:00,2026-01-27T15:00:00+00:00,turbine_2,45,0.20028699851930304,0.0133333333333333,0.18695366518596973,0.01,2.94,-3.5,0.0,0.7044608620970421,True,open_meteo_previous_runs,72,2026-01-25T03:00:00+00:00,2025-12-31T18:00:00+00:00,600.0,2025-11-30T19:00:00+00:00,2025-12-31T19:00:00+00:00,0
2026-01-25T19:00:00+00:00,2026-01-27T16:00:00+00:00,turbine_2,46,0.19551836891313912,0.0066666666666666,0.18885170224647252,0.01,2.77,-4.0,0.0,0.6996922324908782,True,open_meteo_previous_runs,72,2026-01-25T04:00:00+00:00,2025-12-31T18:00:00+00:00,600.0,2025-11-30T19:00:00+00:00,2025-12-31T19:00:00+00:00,0
2026-01-25T19:00:00+00:00,2026-01-27T17:00:00+00:00,turbine_2,47,0.1849642915086951,0.0083333333333333,0.17663095817536179,0.01,2.95,-4.4,0.0,0.6891381550864342,True,open_meteo_previous_runs,72,2026-01-25T05:00:00+00:00,2025-12-31T18:00:00+00:00,600.0,2025-11-30T19:00:00+00:00,2025-12-31T19:00:00+00:00,0
2026-01-25T19:00:00+00:00,2026-01-27T18:00:00+00:00,turbine_2,48,0.20707044534708818,0.01,0.19707044534708817,0.01,4.4,-4.1,0.0,0.7112443089248273,True,open_meteo_previous_runs,72,2026-01-25T06:00:00+00:00,2025-12-31T18:00:00+00:00,600.0,2025-11-30T19:00:00+00:00,2025-12-31T19:00:00+00:00,0
2026-01-26T19:00:00+00:00,2026-01-26T19:00:00+00:00,turbine_2,1,0.30141310220012496,0.7050000000000001,-0.4035868977998751,0.01,9.58,-5.3,0.0,0.8274533621070345,True,open_meteo_previous_runs,72,2026-01-24T07:00:00+00:00,2025-12-31T18:00:00+00:00,624.0,2025-11-30T19:00:00+00:00,2025-12-31T19:00:00+00:00,0
2026-01-26T19:00:00+00:00,2026-01-26T20:00:00+00:00,turbine_2,2,0.31536840296756974,0.6266666666666666,-0.31129826369909686,0.01,9.66,-6.4,0.0,0.8414086628744792,True,open_meteo_previous_runs,72,2026-01-24T08:00:00+00:00,2025-12-31T18:00:00+00:00,624.0,2025-11-30T19:00:00+00:00,2025-12-31T19:00:00+00:00,0
2026-01-26T19:00:00+00:00,2026-01-26T21:00:00+00:00,turbine_2,3,0.30013624461942373,0.49,-0.18986375538057626,0.01,9.66,-6.5,0.0,0.8261765045263332,True,open_meteo_previous_runs,72,2026-01-24T09:00:00+00:00,2025-12-31T18:00:00+00:00,624.0,2025-11-30T19:00:00+00:00,2025-12-31T19:00:00+00:00,0
2026-01-26T19:00:00+00:00,2026-01-26T22:00:00+00:00,turbine_2,4,0.2660298693916599,0.935,-0.6689701306083402,0.01,9.53,-6.9,0.0,0.7920701292985695,True,open_meteo_previous_runs,72,2026-01-24T10:00:00+00:00,2025-12-31T18:00:00+00:00,624.0,2025-11-30T19:00:00+00:00,2025-12-31T19:00:00+00:00,0
2026-01-26T19:00:00+00:00,2026-01-26T23:00:00+00:00,turbine_2,5,0.19419241159882225,0.6733333333333333,-0.47914092173451106,0.01,8.78,-7.6,0.0,0.7202326715057318,True,open_meteo_previous_runs,72,2026-01-24T11:00:00+00:00,2025-12-31T18:00:00+00:00,624.0,2025-11-30T19:00:00+00:00,2025-12-31T19:00:00+00:00,0
2026-01-26T19:00:00+00:00,2026-01-27T00:00:00+00:00,turbine_2,6,0.2810618820105261,0.2883333333333333,-0.007271451322807154,0.01,9.57,-7.8,0.0,0.8071021419174356,True,open_meteo_previous_runs,72,2026-01-24T12:00:00+00:00,2025-12-31T18:00:00+00:00,624.0,2025-11-30T19:00:00+00:00,2025-12-31T19:00:00+00:00,0
2026-01-26T19:00:00+00:00,2026-01-27T01:00:00+00:00,turbine_2,7,0.17580336349871145,0.0283333333333333,0.14747003016537816,0.01,8.5,-7.8,0.0,0.7018436234056209,True,open_meteo_previous_runs,72,2026-01-24T13:00:00+00:00,2025-12-31T18:00:00+00:00,624.0,2025-11-30T19:00:00+00:00,2025-12-31T19:00:00+00:00,0
2026-01-26T19:00:00+00:00,2026-01-27T02:00:00+00:00,turbine_2,8,0.13325951603511263,0.0133333333333333,0.11992618270177934,0.01,7.75,-7.8,0.0,0.6592997759420222,True,open_meteo_previous_runs,72,2026-01-24T14:00:00+00:00,2025-12-31T18:00:00+00:00,624.0,2025-11-30T19:00:00+00:00,2025-12-31T19:00:00+00:00,0
2026-01-26T19:00:00+00:00,2026-01-27T03:00:00+00:00,turbine_2,9,0.12018022306728823,0.01,0.11018022306728824,0.01,7.34,-6.4,0.0,0.6462204829741978,True,open_meteo_previous_runs,72,2026-01-24T15:00:00+00:00,2025-12-31T18:00:00+00:00,624.0,2025-11-30T19:00:00+00:00,2025-12-31T19:00:00+00:00,0
2026-01-26T19:00:00+00:00,2026-01-27T04:00:00+00:00,turbine_2,10,0.11885231308732595,0.0083333333333333,0.11051897975399265,0.01,6.63,-4.5,0.0,0.6448925729942354,True,open_meteo_previous_runs,72,2026-01-24T16:00:00+00:00,2025-12-31T18:00:00+00:00,624.0,2025-11-30T19:00:00+00:00,2025-12-31T19:00:00+00:00,0
2026-01-26T19:00:00+00:00,2026-01-27T05:00:00+00:00,turbine_2,11,0.13238537947118992,0.01,0.12238537947118992,0.01,5.65,-3.5,0.0,0.6584256393780994,True,open_meteo_previous_runs,72,2026-01-24T17:00:00+00:00,2025-12-31T18:00:00+00:00,624.0,2025-11-30T19:00:00+00:00,2025-12-31T19:00:00+00:00,0
2026-01-26T19:00:00+00:00,2026-01-27T06:00:00+00:00,turbine_2,12,0.12702036457203691,0.01,0.11702036457203692,0.01,6.61,-2.6,0.0,0.6530606244789464,True,open_meteo_previous_runs,72,2026-01-24T18:00:00+00:00,2025-12-31T18:00:00+00:00,624.0,2025-11-30T19:00:00+00:00,2025-12-31T19:00:00+00:00,0
2026-01-26T19:00:00+00:00,2026-01-27T07:00:00+00:00,turbine_2,13,0.1432636822737539,0.01,0.1332636822737539,0.01,6.2,-1.9,0.0,0.6693039421806635,True,open_meteo_previous_runs,72,2026-01-24T19:00:00+00:00,2025-12-31T18:00:00+00:00,624.0,2025-11-30T19:00:00+00:00,2025-12-31T19:00:00+00:00,0
2026-01-26T19:00:00+00:00,2026-01-27T08:00:00+00:00,turbine_2,14,0.1566013646379274,0.01,0.1466013646379274,0.01,5.69,-1.2,0.0,0.6826416245448369,True,open_meteo_previous_runs,72,2026-01-24T20:00:00+00:00,2025-12-31T18:00:00+00:00,624.0,2025-11-30T19:00:00+00:00,2025-12-31T19:00:00+00:00,0
2026-01-26T19:00:00+00:00,2026-01-27T09:00:00+00:00,turbine_2,15,0.16106776640531978,0.01,0.15106776640531977,0.01,5.32,-1.1,0.0,0.6871080263122293,True,open_meteo_previous_runs,72,2026-01-24T21:00:00+00:00,2025-12-31T18:00:00+00:00,624.0,2025-11-30T19:00:00+00:00,2025-12-31T19:00:00+00:00,0
2026-01-26T19:00:00+00:00,2026-01-27T10:00:00+00:00,turbine_2,16,0.18000649298615545,0.01,0.17000649298615544,0.01,5.02,-1.6,0.0,0.706046752893065,True,open_meteo_previous_runs,72,2026-01-24T22:00:00+00:00,2025-12-31T18:00:00+00:00,624.0,2025-11-30T19:00:00+00:00,2025-12-31T19:00:00+00:00,0
2026-01-26T19:00:00+00:00,2026-01-27T11:00:00+00:00,turbine_2,17,0.1809221249830153,0.01,0.1709221249830153,0.01,4.62,-2.8,0.0,0.7069623848899248,True,open_meteo_previous_runs,72,2026-01-24T23:00:00+00:00,2025-12-31T18:00:00+00:00,624.0,2025-11-30T19:00:00+00:00,2025-12-31T19:00:00+00:00,0
2026-01-26T19:00:00+00:00,2026-01-27T12:00:00+00:00,turbine_2,18,0.17174043423478058,0.01,0.16174043423478057,0.01,3.61,-4.0,0.0,0.6977806941416901,True,open_meteo_previous_runs,72,2026-01-25T00:00:00+00:00,2025-12-31T18:00:00+00:00,624.0,2025-11-30T19:00:00+00:00,2025-12-31T19:00:00+00:00,0
2026-01-26T19:00:00+00:00,2026-01-27T13:00:00+00:00,turbine_2,19,0.18150061625267125,0.01,0.17150061625267124,0.01,3.26,-3.8,0.0,0.7075408761595807,True,open_meteo_previous_runs,72,2026-01-25T01:00:00+00:00,2025-12-31T18:00:00+00:00,624.0,2025-11-30T19:00:00+00:00,2025-12-31T19:00:00+00:00,0
2026-01-26T19:00:00+00:00,2026-01-27T14:00:00+00:00,turbine_2,20,0.20028699851930304,0.01,0.19028699851930303,0.01,2.79,-3.5,0.0,0.7263272584262126,True,open_meteo_previous_runs,72,2026-01-25T02:00:00+00:00,2025-12-31T18:00:00+00:00,624.0,2025-11-30T19:00:00+00:00,2025-12-31T19:00:00+00:00,0
2026-01-26T19:00:00+00:00,2026-01-27T15:00:00+00:00,turbine_2,21,0.20028699851930304,0.0133333333333333,0.18695366518596973,0.01,2.94,-3.5,0.0,0.7263272584262126,True,open_meteo_previous_runs,72,2026-01-25T03:00:00+00:00,2025-12-31T18:00:00+00:00,624.0,2025-11-30T19:00:00+00:00,2025-12-31T19:00:00+00:00,0
2026-01-26T19:00:00+00:00,2026-01-27T16:00:00+00:00,turbine_2,22,0.19551836891313912,0.0066666666666666,0.18885170224647252,0.01,2.77,-4.0,0.0,0.7215586288200486,True,open_meteo_previous_runs,72,2026-01-25T04:00:00+00:00,2025-12-31T18:00:00+00:00,624.0,2025-11-30T19:00:00+00:00,2025-12-31T19:00:00+00:00,0
2026-01-26T19:00:00+00:00,2026-01-27T17:00:00+00:00,turbine_2,23,0.1849642915086951,0.0083333333333333,0.17663095817536179,0.01,2.95,-4.4,0.0,0.7110045514156046,True,open_meteo_previous_runs,72,2026-01-25T05:00:00+00:00,2025-12-31T18:00:00+00:00,624.0,2025-11-30T19:00:00+00:00,2025-12-31T19:00:00+00:00,0
2026-01-26T19:00:00+00:00,2026-01-27T18:00:00+00:00,turbine_2,24,0.20707044534708818,0.01,0.19707044534708817,0.01,4.4,-4.1,0.0,0.7331107052539977,True,open_meteo_previous_runs,72,2026-01-25T06:00:00+00:00,2025-12-31T18:00:00+00:00,624.0,2025-11-30T19:00:00+00:00,2025-12-31T19:00:00+00:00,0
2026-01-26T19:00:00+00:00,2026-01-27T19:00:00+00:00,turbine_2,25,0.18207257802684015,0.01,0.17207257802684015,0.01,4.65,-4.2,0.0,0.6862464416045793,True,open_meteo_previous_runs,72,2026-01-25T07:00:00+00:00,2025-12-31T18:00:00+00:00,624.0,2025-11-30T19:00:00+00:00,2025-12-31T19:00:00+00:00,0
2026-01-26T19:00:00+00:00,2026-01-27T20:00:00+00:00,turbine_2,26,0.18207257802684015,0.01,0.17207257802684015,0.01,4.59,-4.2,0.0,0.6862464416045793,True,open_meteo_previous_runs,72,2026-01-25T08:00:00+00:00,2025-12-31T18:00:00+00:00,624.0,2025-11-30T19:00:00+00:00,2025-12-31T19:00:00+00:00,0
2026-01-26T19:00:00+00:00,2026-01-27T21:00:00+00:00,turbine_2,27,0.15634909704671449,0.01,0.14634909704671448,0.01,4.18,-4.1,0.0,0.6605229606244536,True,open_meteo_previous_runs,72,2026-01-25T09:00:00+00:00,2025-12-31T18:00:00+00:00,624.0,2025-11-30T19:00:00+00:00,2025-12-31T19:00:00+00:00,0
2026-01-26T19:00:00+00:00,2026-01-27T22:00:00+00:00,turbine_2,28,0.14006318158012715,0.01,0.13006318158012714,0.01,3.13,-4.1,0.0,0.6442370451578663,True,open_meteo_previous_runs,72,2026-01-25T10:00:00+00:00,2025-12-31T18:00:00+00:00,624.0,2025-11-30T19:00:00+00:00,2025-12-31T19:00:00+00:00,0
2026-01-26T19:00:00+00:00,2026-01-27T23:00:00+00:00,turbine_2,29,0.141848859023107,0.01,0.131848859023107,0.01,1.63,-4.1,0.0,0.6460227226008461,True,open_meteo_previous_runs,72,2026-01-25T11:00:00+00:00,2025-12-31T18:00:00+00:00,624.0,2025-11-30T19:00:00+00:00,2025-12-31T19:00:00+00:00,0
2026-01-26T19:00:00+00:00,2026-01-28T00:00:00+00:00,turbine_2,30,0.12753185667078587,0.01,0.11753185667078588,0.01,1.17,-4.1,0.0,0.631705720248525,True,open_meteo_previous_runs,72,2026-01-25T12:00:00+00:00,2025-12-31T18:00:00+00:00,624.0,2025-11-30T19:00:00+00:00,2025-12-31T19:00:00+00:00,0
2026-01-26T19:00:00+00:00,2026-01-28T01:00:00+00:00,turbine_2,31,0.1176590496217912,0.0083333333333333,0.1093257162884579,0.01,2.28,-3.5,0.0,0.6218329131995303,True,open_meteo_previous_runs,72,2026-01-25T13:00:00+00:00,2025-12-31T18:00:00+00:00,624.0,2025-11-30T19:00:00+00:00,2025-12-31T19:00:00+00:00,0
2026-01-26T19:00:00+00:00,2026-01-28T02:00:00+00:00,turbine_2,32,0.11074562527323915,0.03,0.08074562527323915,0.01,3.28,-2.8,0.0,0.6149194888509782,True,open_meteo_previous_runs,72,2026-01-25T14:00:00+00:00,2025-12-31T18:00:00+00:00,624.0,2025-11-30T19:00:00+00:00,2025-12-31T19:00:00+00:00,0
2026-01-26T19:00:00+00:00,2026-01-28T03:00:00+00:00,turbine_2,33,0.09699291140048735,0.0316666666666666,0.06532624473382076,0.01,2.64,-1.6,0.0,0.6011667749782265,True,open_meteo_previous_runs,72,2026-01-25T15:00:00+00:00,2025-12-31T18:00:00+00:00,624.0,2025-11-30T19:00:00+00:00,2025-12-31T19:00:00+00:00,0
2026-01-26T19:00:00+00:00,2026-01-28T04:00:00+00:00,turbine_2,34,0.1107038272290293,0.01,0.1007038272290293,0.01,1.63,-0.3,0.0,0.6148776908067684,True,open_meteo_previous_runs,72,2026-01-25T16:00:00+00:00,2025-12-31T18:00:00+00:00,624.0,2025-11-30T19:00:00+00:00,2025-12-31T19:00:00+00:00,0
2026-01-26T19:00:00+00:00,2026-01-28T05:00:00+00:00,turbine_2,35,0.11571315465041052,0.01,0.10571315465041052,0.01,1.14,-0.5,0.0,0.6198870182281496,True,open_meteo_previous_runs,72,2026-01-25T17:00:00+00:00,2025-12-31T18:00:00+00:00,624.0,2025-11-30T19:00:00+00:00,2025-12-31T19:00:00+00:00,0
2026-01-26T19:00:00+00:00,2026-01-28T06:00:00+00:00,turbine_2,36,0.12204065239051233,0.01,0.11204065239051234,0.01,0.4,-0.2,0.0,0.6262145159682514,True,open_meteo_previous_runs,72,2026-01-25T18:00:00+00:00,2025-12-31T18:00:00+00:00,624.0,2025-11-30T19:00:00+00:00,2025-12-31T19:00:00+00:00,0
2026-01-26T19:00:00+00:00,2026-01-28T07:00:00+00:00,turbine_2,37,0.13482827219218088,0.01,0.12482827219218089,0.01,1.68,0.1,0.0,0.6390021357699199,True,open_meteo_previous_runs,72,2026-01-25T19:00:00+00:00,2025-12-31T18:00:00+00:00,624.0,2025-11-30T19:00:00+00:00,2025-12-31T19:00:00+00:00,0
2026-01-26T19:00:00+00:00,2026-01-28T08:00:00+00:00,turbine_2,38,0.13444004204372098,0.01,0.12444004204372099,0.01,3.81,0.5,0.0,0.63861390562146,True,open_meteo_previous_runs,72,2026-01-25T20:00:00+00:00,2025-12-31T18:00:00+00:00,624.0,2025-11-30T19:00:00+00:00,2025-12-31T19:00:00+00:00,0
2026-01-26T19:00:00+00:00,2026-01-28T09:00:00+00:00,turbine_2,39,0.1646884519889303,0.01,0.1546884519889303,0.01,5.42,0.4,0.0,0.6688623155666694,True,open_meteo_previous_runs,72,2026-01-25T21:00:00+00:00,2025-12-31T18:00:00+00:00,624.0,2025-11-30T19:00:00+00:00,2025-12-31T19:00:00+00:00,0
2026-01-26T19:00:00+00:00,2026-01-28T10:00:00+00:00,turbine_2,40,0.17060361764132326,0.0516666666666666,0.11893695097465666,0.01,6.18,-0.4,0.0,0.6747774812190623,True,open_meteo_previous_runs,72,2026-01-25T22:00:00+00:00,2025-12-31T18:00:00+00:00,624.0,2025-11-30T19:00:00+00:00,2025-12-31T19:00:00+00:00,0
2026-01-26T19:00:00+00:00,2026-01-28T11:00:00+00:00,turbine_2,41,0.15090074287009342,0.125,0.02590074287009342,0.01,7.43,-1.5,0.0,0.6550746064478326,True,open_meteo_previous_runs,72,2026-01-25T23:00:00+00:00,2025-12-31T18:00:00+00:00,624.0,2025-11-30T19:00:00+00:00,2025-12-31T19:00:00+00:00,0
2026-01-26T19:00:00+00:00,2026-01-28T12:00:00+00:00,turbine_2,42,0.17221543408536782,0.2083333333333333,-0.03611789924796546,0.01,7.82,-2.8,0.0,0.676389297663107,True,open_meteo_previous_runs,72,2026-01-26T00:00:00+00:00,2025-12-31T18:00:00+00:00,624.0,2025-11-30T19:00:00+00:00,2025-12-31T19:00:00+00:00,0
2026-01-26T19:00:00+00:00,2026-01-28T13:00:00+00:00,turbine_2,43,0.23019993024794658,0.1483333333333333,0.08186659691461329,0.01,8.42,-3.7,0.0,0.7343737938256857,True,open_meteo_previous_runs,72,2026-01-26T01:00:00+00:00,2025-12-31T18:00:00+00:00,624.0,2025-11-30T19:00:00+00:00,2025-12-31T19:00:00+00:00,0
2026-01-26T19:00:00+00:00,2026-01-28T14:00:00+00:00,turbine_2,44,0.3177031457572159,0.4783333333333333,-0.16063018757611736,0.01,9.35,-3.8,0.0,0.821877009334955,True,open_meteo_previous_runs,72,2026-01-26T02:00:00+00:00,2025-12-31T18:00:00+00:00,624.0,2025-11-30T19:00:00+00:00,2025-12-31T19:00:00+00:00,0
2026-01-26T19:00:00+00:00,2026-01-28T15:00:00+00:00,turbine_2,45,0.3986585799809325,0.7033333333333333,-0.30467475335240074,0.01,10.15,-3.8,0.0,0.9028324435586716,True,open_meteo_previous_runs,72,2026-01-26T03:00:00+00:00,2025-12-31T18:00:00+00:00,624.0,2025-11-30T19:00:00+00:00,2025-12-31T19:00:00+00:00,0
2026-01-26T19:00:00+00:00,2026-01-28T16:00:00+00:00,turbine_2,46,0.42332006454953436,0.4933333333333333,-0.07001326878379893,0.01,10.33,-4.1,0.0,0.9274939281272734,True,open_meteo_previous_runs,72,2026-01-26T04:00:00+00:00,2025-12-31T18:00:00+00:00,624.0,2025-11-30T19:00:00+00:00,2025-12-31T19:00:00+00:00,0
2026-01-26T19:00:00+00:00,2026-01-28T17:00:00+00:00,turbine_2,47,0.37863174875907035,0.34,0.03863174875907033,0.01,10.26,-4.2,0.0,0.8828056123368094,True,open_meteo_previous_runs,72,2026-01-26T05:00:00+00:00,2025-12-31T18:00:00+00:00,624.0,2025-11-30T19:00:00+00:00,2025-12-31T19:00:00+00:00,0
2026-01-26T19:00:00+00:00,2026-01-28T18:00:00+00:00,turbine_2,48,0.37702820026882794,0.2033333333333333,0.17369486693549463,0.01,10.03,-4.4,0.0,0.881202063846567,True,open_meteo_previous_runs,72,2026-01-26T06:00:00+00:00,2025-12-31T18:00:00+00:00,624.0,2025-11-30T19:00:00+00:00,2025-12-31T19:00:00+00:00,0
2026-01-27T19:00:00+00:00,2026-01-27T19:00:00+00:00,turbine_2,1,0.1858147758238069,0.01,0.1758147758238069,0.01,4.65,-4.2,0.0,0.7118550357307164,True,open_meteo_previous_runs,72,2026-01-25T07:00:00+00:00,2025-12-31T18:00:00+00:00,648.0,2025-11-30T19:00:00+00:00,2025-12-31T19:00:00+00:00,0
2026-01-27T19:00:00+00:00,2026-01-27T20:00:00+00:00,turbine_2,2,0.1858147758238069,0.01,0.1758147758238069,0.01,4.59,-4.2,0.0,0.7118550357307164,True,open_meteo_previous_runs,72,2026-01-25T08:00:00+00:00,2025-12-31T18:00:00+00:00,648.0,2025-11-30T19:00:00+00:00,2025-12-31T19:00:00+00:00,0
2026-01-27T19:00:00+00:00,2026-01-27T21:00:00+00:00,turbine_2,3,0.1599812652447596,0.01,0.1499812652447596,0.01,4.18,-4.1,0.0,0.6860215251516691,True,open_meteo_previous_runs,72,2026-01-25T09:00:00+00:00,2025-12-31T18:00:00+00:00,648.0,2025-11-30T19:00:00+00:00,2025-12-31T19:00:00+00:00,0
2026-01-27T19:00:00+00:00,2026-01-27T22:00:00+00:00,turbine_2,4,0.13961072336412503,0.01,0.12961072336412502,0.01,3.13,-4.1,0.0,0.6656509832710346,True,open_meteo_previous_runs,72,2026-01-25T10:00:00+00:00,2025-12-31T18:00:00+00:00,648.0,2025-11-30T19:00:00+00:00,2025-12-31T19:00:00+00:00,0
2026-01-27T19:00:00+00:00,2026-01-27T23:00:00+00:00,turbine_2,5,0.14096123470362512,0.01,0.1309612347036251,0.01,1.63,-4.1,0.0,0.6670014946105346,True,open_meteo_previous_runs,72,2026-01-25T11:00:00+00:00,2025-12-31T18:00:00+00:00,648.0,2025-11-30T19:00:00+00:00,2025-12-31T19:00:00+00:00,0
2026-01-27T19:00:00+00:00,2026-01-28T00:00:00+00:00,turbine_2,6,0.12664423235130398,0.01,0.11664423235130399,0.01,1.17,-4.1,0.0,0.6526844922582135,True,open_meteo_previous_runs,72,2026-01-25T12:00:00+00:00,2025-12-31T18:00:00+00:00,648.0,2025-11-30T19:00:00+00:00,2025-12-31T19:00:00+00:00,0
2026-01-27T19:00:00+00:00,2026-01-28T01:00:00+00:00,turbine_2,7,0.1167111887314968,0.0083333333333333,0.1083778553981635,0.01,2.28,-3.5,0.0,0.6427514486384063,True,open_meteo_previous_runs,72,2026-01-25T13:00:00+00:00,2025-12-31T18:00:00+00:00,648.0,2025-11-30T19:00:00+00:00,2025-12-31T19:00:00+00:00,0
2026-01-27T19:00:00+00:00,2026-01-28T02:00:00+00:00,turbine_2,8,0.1100722043683117,0.03,0.0800722043683117,0.01,3.28,-2.8,0.0,0.6361124642752212,True,open_meteo_previous_runs,72,2026-01-25T14:00:00+00:00,2025-12-31T18:00:00+00:00,648.0,2025-11-30T19:00:00+00:00,2025-12-31T19:00:00+00:00,0
2026-01-27T19:00:00+00:00,2026-01-28T03:00:00+00:00,turbine_2,9,0.09699291140048735,0.0316666666666666,0.06532624473382076,0.01,2.64,-1.6,0.0,0.6230331713073969,True,open_meteo_previous_runs,72,2026-01-25T15:00:00+00:00,2025-12-31T18:00:00+00:00,648.0,2025-11-30T19:00:00+00:00,2025-12-31T19:00:00+00:00,0
2026-01-27T19:00:00+00:00,2026-01-28T04:00:00+00:00,turbine_2,10,0.1107038272290293,0.01,0.1007038272290293,0.01,1.63,-0.3,0.0,0.6367440871359388,True,open_meteo_previous_runs,72,2026-01-25T16:00:00+00:00,2025-12-31T18:00:00+00:00,648.0,2025-11-30T19:00:00+00:00,2025-12-31T19:00:00+00:00,0
2026-01-27T19:00:00+00:00,2026-01-28T05:00:00+00:00,turbine_2,11,0.11571315465041052,0.01,0.10571315465041052,0.01,1.14,-0.5,0.0,0.64175341455732,True,open_meteo_previous_runs,72,2026-01-25T17:00:00+00:00,2025-12-31T18:00:00+00:00,648.0,2025-11-30T19:00:00+00:00,2025-12-31T19:00:00+00:00,0
2026-01-27T19:00:00+00:00,2026-01-28T06:00:00+00:00,turbine_2,12,0.12204065239051233,0.01,0.11204065239051234,0.01,0.4,-0.2,0.0,0.6480809122974218,True,open_meteo_previous_runs,72,2026-01-25T18:00:00+00:00,2025-12-31T18:00:00+00:00,648.0,2025-11-30T19:00:00+00:00,2025-12-31T19:00:00+00:00,0
2026-01-27T19:00:00+00:00,2026-01-28T07:00:00+00:00,turbine_2,13,0.13482827219218088,0.01,0.12482827219218089,0.01,1.68,0.1,0.0,0.6608685320990904,True,open_meteo_previous_runs,72,2026-01-25T19:00:00+00:00,2025-12-31T18:00:00+00:00,648.0,2025-11-30T19:00:00+00:00,2025-12-31T19:00:00+00:00,0
2026-01-27T19:00:00+00:00,2026-01-28T08:00:00+00:00,turbine_2,14,0.13444004204372098,0.01,0.12444004204372099,0.01,3.81,0.5,0.0,0.6604803019506305,True,open_meteo_previous_runs,72,2026-01-25T20:00:00+00:00,2025-12-31T18:00:00+00:00,648.0,2025-11-30T19:00:00+00:00,2025-12-31T19:00:00+00:00,0
2026-01-27T19:00:00+00:00,2026-01-28T09:00:00+00:00,turbine_2,15,0.1646884519889303,0.01,0.1546884519889303,0.01,5.42,0.4,0.0,0.6907287118958398,True,open_meteo_previous_runs,72,2026-01-25T21:00:00+00:00,2025-12-31T18:00:00+00:00,648.0,2025-11-30T19:00:00+00:00,2025-12-31T19:00:00+00:00,0
2026-01-27T19:00:00+00:00,2026-01-28T10:00:00+00:00,turbine_2,16,0.17060361764132326,0.0516666666666666,0.11893695097465666,0.01,6.18,-0.4,0.0,0.6966438775482328,True,open_meteo_previous_runs,72,2026-01-25T22:00:00+00:00,2025-12-31T18:00:00+00:00,648.0,2025-11-30T19:00:00+00:00,2025-12-31T19:00:00+00:00,0
2026-01-27T19:00:00+00:00,2026-01-28T11:00:00+00:00,turbine_2,17,0.15090074287009342,0.125,0.02590074287009342,0.01,7.43,-1.5,0.0,0.6769410027770029,True,open_meteo_previous_runs,72,2026-01-25T23:00:00+00:00,2025-12-31T18:00:00+00:00,648.0,2025-11-30T19:00:00+00:00,2025-12-31T19:00:00+00:00,0
2026-01-27T19:00:00+00:00,2026-01-28T12:00:00+00:00,turbine_2,18,0.17221543408536782,0.2083333333333333,-0.03611789924796546,0.01,7.82,-2.8,0.0,0.6982556939922773,True,open_meteo_previous_runs,72,2026-01-26T00:00:00+00:00,2025-12-31T18:00:00+00:00,648.0,2025-11-30T19:00:00+00:00,2025-12-31T19:00:00+00:00,0
2026-01-27T19:00:00+00:00,2026-01-28T13:00:00+00:00,turbine_2,19,0.23019993024794658,0.1483333333333333,0.08186659691461329,0.01,8.42,-3.7,0.0,0.7562401901548561,True,open_meteo_previous_runs,72,2026-01-26T01:00:00+00:00,2025-12-31T18:00:00+00:00,648.0,2025-11-30T19:00:00+00:00,2025-12-31T19:00:00+00:00,0
2026-01-27T19:00:00+00:00,2026-01-28T14:00:00+00:00,turbine_2,20,0.3177031457572159,0.4783333333333333,-0.16063018757611736,0.01,9.35,-3.8,0.0,0.8437434056641254,True,open_meteo_previous_runs,72,2026-01-26T02:00:00+00:00,2025-12-31T18:00:00+00:00,648.0,2025-11-30T19:00:00+00:00,2025-12-31T19:00:00+00:00,0
2026-01-27T19:00:00+00:00,2026-01-28T15:00:00+00:00,turbine_2,21,0.3986585799809325,0.7033333333333333,-0.30467475335240074,0.01,10.15,-3.8,0.0,0.924698839887842,True,open_meteo_previous_runs,72,2026-01-26T03:00:00+00:00,2025-12-31T18:00:00+00:00,648.0,2025-11-30T19:00:00+00:00,2025-12-31T19:00:00+00:00,0
2026-01-27T19:00:00+00:00,2026-01-28T16:00:00+00:00,turbine_2,22,0.42332006454953436,0.4933333333333333,-0.07001326878379893,0.01,10.33,-4.1,0.0,0.9493603244564439,True,open_meteo_previous_runs,72,2026-01-26T04:00:00+00:00,2025-12-31T18:00:00+00:00,648.0,2025-11-30T19:00:00+00:00,2025-12-31T19:00:00+00:00,0
2026-01-27T19:00:00+00:00,2026-01-28T17:00:00+00:00,turbine_2,23,0.37863174875907035,0.34,0.03863174875907033,0.01,10.26,-4.2,0.0,0.9046720086659799,True,open_meteo_previous_runs,72,2026-01-26T05:00:00+00:00,2025-12-31T18:00:00+00:00,648.0,2025-11-30T19:00:00+00:00,2025-12-31T19:00:00+00:00,0
2026-01-27T19:00:00+00:00,2026-01-28T18:00:00+00:00,turbine_2,24,0.37702820026882794,0.2033333333333333,0.17369486693549463,0.01,10.03,-4.4,0.0,0.9030684601757375,True,open_meteo_previous_runs,72,2026-01-26T06:00:00+00:00,2025-12-31T18:00:00+00:00,648.0,2025-11-30T19:00:00+00:00,2025-12-31T19:00:00+00:00,0
2026-01-27T19:00:00+00:00,2026-01-28T19:00:00+00:00,turbine_2,25,0.32735257705952,0.2649999999999999,0.062352577059520076,0.01,10.2,-4.6,0.0,0.8315264406372591,True,open_meteo_previous_runs,72,2026-01-26T07:00:00+00:00,2025-12-31T18:00:00+00:00,648.0,2025-11-30T19:00:00+00:00,2025-12-31T19:00:00+00:00,0
2026-01-27T19:00:00+00:00,2026-01-28T20:00:00+00:00,turbine_2,26,0.2715446576420221,0.14,0.1315446576420221,0.01,9.39,-5.0,0.0,0.7757185212197613,True,open_meteo_previous_runs,72,2026-01-26T08:00:00+00:00,2025-12-31T18:00:00+00:00,648.0,2025-11-30T19:00:00+00:00,2025-12-31T19:00:00+00:00,0
2026-01-27T19:00:00+00:00,2026-01-28T21:00:00+00:00,turbine_2,27,0.31223044831029556,0.1949999999999999,0.11723044831029567,0.01,9.88,-5.3,0.0,0.8164043118880346,True,open_meteo_previous_runs,72,2026-01-26T09:00:00+00:00,2025-12-31T18:00:00+00:00,648.0,2025-11-30T19:00:00+00:00,2025-12-31T19:00:00+00:00,0
2026-01-27T19:00:00+00:00,2026-01-28T22:00:00+00:00,turbine_2,28,0.25634128819745633,0.2083333333333333,0.04800795486412304,0.01,9.49,-5.4,0.0,0.7605151517751954,True,open_meteo_previous_runs,72,2026-01-26T10:00:00+00:00,2025-12-31T18:00:00+00:00,648.0,2025-11-30T19:00:00+00:00,2025-12-31T19:00:00+00:00,0
2026-01-27T19:00:00+00:00,2026-01-28T23:00:00+00:00,turbine_2,29,0.267453402790429,0.1566666666666666,0.11078673612376241,0.01,9.14,-5.9,0.0,0.771627266368168,True,open_meteo_previous_runs,72,2026-01-26T11:00:00+00:00,2025-12-31T18:00:00+00:00,648.0,2025-11-30T19:00:00+00:00,2025-12-31T19:00:00+00:00,0
2026-01-27T19:00:00+00:00,2026-01-29T00:00:00+00:00,turbine_2,30,0.1397409977688823,0.03,0.1097409977688823,0.01,7.02,-6.6,0.0,0.6439148613466213,True,open_meteo_previous_runs,72,2026-01-26T12:00:00+00:00,2025-12-31T18:00:00+00:00,648.0,2025-11-30T19:00:00+00:00,2025-12-31T19:00:00+00:00,0
2026-01-27T19:00:00+00:00,2026-01-29T01:00:00+00:00,turbine_2,31,0.12926210419610845,0.01,0.11926210419610846,0.01,6.89,-6.7,0.0,0.6334359677738475,True,open_meteo_previous_runs,72,2026-01-26T13:00:00+00:00,2025-12-31T18:00:00+00:00,648.0,2025-11-30T19:00:00+00:00,2025-12-31T19:00:00+00:00,0
2026-01-27T19:00:00+00:00,2026-01-29T02:00:00+00:00,turbine_2,32,0.12632317203591223,0.0116666666666666,0.11465650536924563,0.01,6.77,-6.9,0.0,0.6304970356136513,True,open_meteo_previous_runs,72,2026-01-26T14:00:00+00:00,2025-12-31T18:00:00+00:00,648.0,2025-11-30T19:00:00+00:00,2025-12-31T19:00:00+00:00,0
2026-01-27T19:00:00+00:00,2026-01-29T03:00:00+00:00,turbine_2,33,0.11947784055300806,0.01,0.10947784055300806,0.01,6.54,-6.2,0.0,0.6236517041307471,True,open_meteo_previous_runs,72,2026-01-26T15:00:00+00:00,2025-12-31T18:00:00+00:00,648.0,2025-11-30T19:00:00+00:00,2025-12-31T19:00:00+00:00,0
2026-01-27T19:00:00+00:00,2026-01-29T04:00:00+00:00,turbine_2,34,0.12379041964811878,0.02,0.10379041964811878,0.01,6.08,-3.2,0.0,0.6279642832258578,True,open_meteo_previous_runs,72,2026-01-26T16:00:00+00:00,2025-12-31T18:00:00+00:00,648.0,2025-11-30T19:00:00+00:00,2025-12-31T19:00:00+00:00,0
2026-01-27T19:00:00+00:00,2026-01-29T05:00:00+00:00,turbine_2,35,0.10896567455484038,0.04,0.06896567455484037,0.01,6.94,-1.8,0.0,0.6131395381325795,True,open_meteo_previous_runs,72,2026-01-26T17:00:00+00:00,2025-12-31T18:00:00+00:00,648.0,2025-11-30T19:00:00+00:00,2025-12-31T19:00:00+00:00,0
2026-01-27T19:00:00+00:00,2026-01-29T06:00:00+00:00,turbine_2,36,0.13338096750776962,0.0116666666666666,0.12171430084110302,0.01,7.65,-0.3,0.0,0.6375548310855087,True,open_meteo_previous_runs,72,2026-01-26T18:00:00+00:00,2025-12-31T18:00:00+00:00,648.0,2025-11-30T19:00:00+00:00,2025-12-31T19:00:00+00:00,0
2026-01-27T19:00:00+00:00,2026-01-29T07:00:00+00:00,turbine_2,37,0.14360810535019544,0.2016666666666666,-0.05805856131647116,0.01,7.8,0.1,0.0,0.6477819689279345,True,open_meteo_previous_runs,72,2026-01-26T19:00:00+00:00,2025-12-31T18:00:00+00:00,648.0,2025-11-30T19:00:00+00:00,2025-12-31T19:00:00+00:00,0
2026-01-27T19:00:00+00:00,2026-01-29T08:00:00+00:00,turbine_2,38,0.1554025497093581,0.725,-0.5695974502906419,0.01,7.63,0.4,0.0,0.6595764132870972,True,open_meteo_previous_runs,72,2026-01-26T20:00:00+00:00,2025-12-31T18:00:00+00:00,648.0,2025-11-30T19:00:00+00:00,2025-12-31T19:00:00+00:00,0
2026-01-27T19:00:00+00:00,2026-01-29T09:00:00+00:00,turbine_2,39,0.15889367849346894,0.8516666666666667,-0.6927729881731978,0.01,7.36,0.5,0.0,0.663067542071208,True,open_meteo_previous_runs,72,2026-01-26T21:00:00+00:00,2025-12-31T18:00:00+00:00,648.0,2025-11-30T19:00:00+00:00,2025-12-31T19:00:00+00:00,0
2026-01-27T19:00:00+00:00,2026-01-29T10:00:00+00:00,turbine_2,40,0.1705068942618621,0.8766666666666666,-0.7061597724048045,0.01,7.38,0.4,0.0,0.6746807578396012,True,open_meteo_previous_runs,72,2026-01-26T22:00:00+00:00,2025-12-31T18:00:00+00:00,648.0,2025-11-30T19:00:00+00:00,2025-12-31T19:00:00+00:00,0
2026-01-27T19:00:00+00:00,2026-01-29T11:00:00+00:00,turbine_2,41,0.15090074287009342,0.9616666666666666,-0.8107659237965732,0.01,7.38,-1.0,0.0,0.6550746064478326,True,open_meteo_previous_runs,72,2026-01-26T23:00:00+00:00,2025-12-31T18:00:00+00:00,648.0,2025-11-30T19:00:00+00:00,2025-12-31T19:00:00+00:00,0
2026-01-27T19:00:00+00:00,2026-01-29T12:00:00+00:00,turbine_2,42,0.1904420915943861,0.97,-0.7795579084056139,0.01,8.22,-3.2,0.0,0.6946159551721252,True,open_meteo_previous_runs,72,2026-01-27T00:00:00+00:00,2025-12-31T18:00:00+00:00,648.0,2025-11-30T19:00:00+00:00,2025-12-31T19:00:00+00:00,0
2026-01-27T19:00:00+00:00,2026-01-29T13:00:00+00:00,turbine_2,43,0.18264870868958827,0.9183333333333332,-0.735684624643745,0.01,7.94,-4.4,0.0,0.6868225722673273,True,open_meteo_previous_runs,72,2026-01-27T01:00:00+00:00,2025-12-31T18:00:00+00:00,648.0,2025-11-30T19:00:00+00:00,2025-12-31T19:00:00+00:00,0
2026-01-27T19:00:00+00:00,2026-01-29T14:00:00+00:00,turbine_2,44,0.21069656196343525,0.9333333333333332,-0.722636771369898,0.01,7.96,-4.8,0.0,0.7148704255411743,True,open_meteo_previous_runs,72,2026-01-27T02:00:00+00:00,2025-12-31T18:00:00+00:00,648.0,2025-11-30T19:00:00+00:00,2025-12-31T19:00:00+00:00,0
2026-01-27T19:00:00+00:00,2026-01-29T15:00:00+00:00,turbine_2,45,0.25049821231119157,0.9833333333333334,-0.7328351210221418,0.01,8.99,-4.5,0.0,0.7546720758889307,True,open_meteo_previous_runs,72,2026-01-27T03:00:00+00:00,2025-12-31T18:00:00+00:00,648.0,2025-11-30T19:00:00+00:00,2025-12-31T19:00:00+00:00,0
2026-01-27T19:00:00+00:00,2026-01-29T16:00:00+00:00,turbine_2,46,0.3666354608580838,0.99,-0.6233645391419163,0.01,9.7,-4.2,0.0,0.8708093244358228,True,open_meteo_previous_runs,72,2026-01-27T04:00:00+00:00,2025-12-31T18:00:00+00:00,648.0,2025-11-30T19:00:00+00:00,2025-12-31T19:00:00+00:00,0
2026-01-27T19:00:00+00:00,2026-01-29T17:00:00+00:00,turbine_2,47,0.3887977846114621,0.99,-0.6012022153885379,0.01,10.11,-4.2,0.0,0.8929716481892012,True,open_meteo_previous_runs,72,2026-01-27T05:00:00+00:00,2025-12-31T18:00:00+00:00,648.0,2025-11-30T19:00:00+00:00,2025-12-31T19:00:00+00:00,0
2026-01-27T19:00:00+00:00,2026-01-29T18:00:00+00:00,turbine_2,48,0.5223061312043935,0.99,-0.4676938687956065,0.01,10.74,-4.3,0.01813226762665443,1.0,True,open_meteo_previous_runs,72,2026-01-27T06:00:00+00:00,2025-12-31T18:00:00+00:00,648.0,2025-11-30T19:00:00+00:00,2025-12-31T19:00:00+00:00,0
2026-01-28T19:00:00+00:00,2026-01-28T19:00:00+00:00,turbine_2,1,0.3333619229375921,0.2649999999999999,0.06836192293759219,0.01,10.2,-4.6,0.0,0.8594021828445015,True,open_meteo_previous_runs,72,2026-01-26T07:00:00+00:00,2025-12-31T18:00:00+00:00,672.0,2025-11-30T19:00:00+00:00,2025-12-31T19:00:00+00:00,0
2026-01-28T19:00:00+00:00,2026-01-28T20:00:00+00:00,turbine_2,2,0.27755400352009424,0.14,0.13755400352009423,0.01,9.39,-5.0,0.0,0.8035942634270037,True,open_meteo_previous_runs,72,2026-01-26T08:00:00+00:00,2025-12-31T18:00:00+00:00,672.0,2025-11-30T19:00:00+00:00,2025-12-31T19:00:00+00:00,0
2026-01-28T19:00:00+00:00,2026-01-28T21:00:00+00:00,turbine_2,3,0.3181297645894461,0.1949999999999999,0.12312976458944619,0.01,9.88,-5.3,0.0,0.8441700244963556,True,open_meteo_previous_runs,72,2026-01-26T09:00:00+00:00,2025-12-31T18:00:00+00:00,672.0,2025-11-30T19:00:00+00:00,2025-12-31T19:00:00+00:00,0
2026-01-28T19:00:00+00:00,2026-01-28T22:00:00+00:00,turbine_2,4,0.26224060447660685,0.2083333333333333,0.053907271143273566,0.01,9.49,-5.4,0.0,0.7882808643835164,True,open_meteo_previous_runs,72,2026-01-26T10:00:00+00:00,2025-12-31T18:00:00+00:00,672.0,2025-11-30T19:00:00+00:00,2025-12-31T19:00:00+00:00,0
2026-01-28T19:00:00+00:00,2026-01-28T23:00:00+00:00,turbine_2,5,0.2688329265520525,0.1566666666666666,0.1121662598853859,0.01,9.14,-5.9,0.0,0.794873186458962,True,open_meteo_previous_runs,72,2026-01-26T11:00:00+00:00,2025-12-31T18:00:00+00:00,672.0,2025-11-30T19:00:00+00:00,2025-12-31T19:00:00+00:00,0
2026-01-28T19:00:00+00:00,2026-01-29T00:00:00+00:00,turbine_2,6,0.14112052153050575,0.03,0.11112052153050575,0.01,7.02,-6.6,0.0,0.6671607814374152,True,open_meteo_previous_runs,72,2026-01-26T12:00:00+00:00,2025-12-31T18:00:00+00:00,672.0,2025-11-30T19:00:00+00:00,2025-12-31T19:00:00+00:00,0
2026-01-28T19:00:00+00:00,2026-01-29T01:00:00+00:00,turbine_2,7,0.13058139138691946,0.01,0.12058139138691946,0.01,6.89,-6.7,0.0,0.656621651293829,True,open_meteo_previous_runs,72,2026-01-26T13:00:00+00:00,2025-12-31T18:00:00+00:00,672.0,2025-11-30T19:00:00+00:00,2025-12-31T19:00:00+00:00,0
2026-01-28T19:00:00+00:00,2026-01-29T02:00:00+00:00,turbine_2,8,0.12791689921209018,0.0116666666666666,0.11625023254542358,0.01,6.77,-6.9,0.0,0.6539571591189997,True,open_meteo_previous_runs,72,2026-01-26T14:00:00+00:00,2025-12-31T18:00:00+00:00,672.0,2025-11-30T19:00:00+00:00,2025-12-31T19:00:00+00:00,0
2026-01-28T19:00:00+00:00,2026-01-29T03:00:00+00:00,turbine_2,9,0.1217449886341134,0.01,0.1117449886341134,0.01,6.54,-6.2,0.0,0.6477852485410229,True,open_meteo_previous_runs,72,2026-01-26T15:00:00+00:00,2025-12-31T18:00:00+00:00,672.0,2025-11-30T19:00:00+00:00,2025-12-31T19:00:00+00:00,0
2026-01-28T19:00:00+00:00,2026-01-29T04:00:00+00:00,turbine_2,10,0.12379041964811878,0.02,0.10379041964811878,0.01,6.08,-3.2,0.0,0.6498306795550283,True,open_meteo_previous_runs,72,2026-01-26T16:00:00+00:00,2025-12-31T18:00:00+00:00,672.0,2025-11-30T19:00:00+00:00,2025-12-31T19:00:00+00:00,0
2026-01-28T19:00:00+00:00,2026-01-29T05:00:00+00:00,turbine_2,11,0.10896567455484038,0.04,0.06896567455484037,0.01,6.94,-1.8,0.0,0.6350059344617499,True,open_meteo_previous_runs,72,2026-01-26T17:00:00+00:00,2025-12-31T18:00:00+00:00,672.0,2025-11-30T19:00:00+00:00,2025-12-31T19:00:00+00:00,0
2026-01-28T19:00:00+00:00,2026-01-29T06:00:00+00:00,turbine_2,12,0.13338096750776962,0.0116666666666666,0.12171430084110302,0.01,7.65,-0.3,0.0,0.6594212274146791,True,open_meteo_previous_runs,72,2026-01-26T18:00:00+00:00,2025-12-31T18:00:00+00:00,672.0,2025-11-30T19:00:00+00:00,2025-12-31T19:00:00+00:00,0
2026-01-28T19:00:00+00:00,2026-01-29T07:00:00+00:00,turbine_2,13,0.14360810535019544,0.2016666666666666,-0.05805856131647116,0.01,7.8,0.1,0.0,0.6696483652571049,True,open_meteo_previous_runs,72,2026-01-26T19:00:00+00:00,2025-12-31T18:00:00+00:00,672.0,2025-11-30T19:00:00+00:00,2025-12-31T19:00:00+00:00,0
2026-01-28T19:00:00+00:00,2026-01-29T08:00:00+00:00,turbine_2,14,0.1554025497093581,0.725,-0.5695974502906419,0.01,7.63,0.4,0.0,0.6814428096162676,True,open_meteo_previous_runs,72,2026-01-26T20:00:00+00:00,2025-12-31T18:00:00+00:00,672.0,2025-11-30T19:00:00+00:00,2025-12-31T19:00:00+00:00,0
2026-01-28T19:00:00+00:00,2026-01-29T09:00:00+00:00,turbine_2,15,0.15889367849346894,0.8516666666666667,-0.6927729881731978,0.01,7.36,0.5,0.0,0.6849339384003784,True,open_meteo_previous_runs,72,2026-01-26T21:00:00+00:00,2025-12-31T18:00:00+00:00,672.0,2025-11-30T19:00:00+00:00,2025-12-31T19:00:00+00:00,0
2026-01-28T19:00:00+00:00,2026-01-29T10:00:00+00:00,turbine_2,16,0.1705068942618621,0.8766666666666666,-0.7061597724048045,0.01,7.38,0.4,0.0,0.6965471541687716,True,open_meteo_previous_runs,72,2026-01-26T22:00:00+00:00,2025-12-31T18:00:00+00:00,672.0,2025-11-30T19:00:00+00:00,2025-12-31T19:00:00+00:00,0
2026-01-28T19:00:00+00:00,2026-01-29T11:00:00+00:00,turbine_2,17,0.15090074287009342,0.9616666666666666,-0.8107659237965732,0.01,7.38,-1.0,0.0,0.6769410027770029,True,open_meteo_previous_runs,72,2026-01-26T23:00:00+00:00,2025-12-31T18:00:00+00:00,672.0,2025-11-30T19:00:00+00:00,2025-12-31T19:00:00+00:00,0
2026-01-28T19:00:00+00:00,2026-01-29T12:00:00+00:00,turbine_2,18,0.1904420915943861,0.97,-0.7795579084056139,0.01,8.22,-3.2,0.0,0.7164823515012956,True,open_meteo_previous_runs,72,2026-01-27T00:00:00+00:00,2025-12-31T18:00:00+00:00,672.0,2025-11-30T19:00:00+00:00,2025-12-31T19:00:00+00:00,0
2026-01-28T19:00:00+00:00,2026-01-29T13:00:00+00:00,turbine_2,19,0.18264870868958827,0.9183333333333332,-0.735684624643745,0.01,7.94,-4.4,0.0,0.7086889685964978,True,open_meteo_previous_runs,72,2026-01-27T01:00:00+00:00,2025-12-31T18:00:00+00:00,672.0,2025-11-30T19:00:00+00:00,2025-12-31T19:00:00+00:00,0
2026-01-28T19:00:00+00:00,2026-01-29T14:00:00+00:00,turbine_2,20,0.21069656196343525,0.9333333333333332,-0.722636771369898,0.01,7.96,-4.8,0.0,0.7367368218703447,True,open_meteo_previous_runs,72,2026-01-27T02:00:00+00:00,2025-12-31T18:00:00+00:00,672.0,2025-11-30T19:00:00+00:00,2025-12-31T19:00:00+00:00,0
2026-01-28T19:00:00+00:00,2026-01-29T15:00:00+00:00,turbine_2,21,0.25049821231119157,0.9833333333333334,-0.7328351210221418,0.01,8.99,-4.5,0.0,0.776538472218101,True,open_meteo_previous_runs,72,2026-01-27T03:00:00+00:00,2025-12-31T18:00:00+00:00,672.0,2025-11-30T19:00:00+00:00,2025-12-31T19:00:00+00:00,0
2026-01-28T19:00:00+00:00,2026-01-29T16:00:00+00:00,turbine_2,22,0.3666354608580838,0.99,-0.6233645391419163,0.01,9.7,-4.2,0.0,0.8926757207649934,True,open_meteo_previous_runs,72,2026-01-27T04:00:00+00:00,2025-12-31T18:00:00+00:00,672.0,2025-11-30T19:00:00+00:00,2025-12-31T19:00:00+00:00,0
2026-01-28T19:00:00+00:00,2026-01-29T17:00:00+00:00,turbine_2,23,0.3887977846114621,0.99,-0.6012022153885379,0.01,10.11,-4.2,0.0,0.9148380445183716,True,open_meteo_previous_runs,72,2026-01-27T05:00:00+00:00,2025-12-31T18:00:00+00:00,672.0,2025-11-30T19:00:00+00:00,2025-12-31T19:00:00+00:00,0
2026-01-28T19:00:00+00:00,2026-01-29T18:00:00+00:00,turbine_2,24,0.5223061312043935,0.99,-0.4676938687956065,0.01,10.74,-4.3,0.0,1.0,True,open_meteo_previous_runs,72,2026-01-27T06:00:00+00:00,2025-12-31T18:00:00+00:00,672.0,2025-11-30T19:00:00+00:00,2025-12-31T19:00:00+00:00,0
2026-01-28T19:00:00+00:00,2026-01-29T19:00:00+00:00,turbine_2,25,0.4945603831405311,0.8383333333333334,-0.3437729501928023,0.01,11.7,-4.4,0.0,0.9987342467182702,True,open_meteo_previous_runs,72,2026-01-27T07:00:00+00:00,2025-12-31T18:00:00+00:00,672.0,2025-11-30T19:00:00+00:00,2025-12-31T19:00:00+00:00,0
2026-01-28T19:00:00+00:00,2026-01-29T20:00:00+00:00,turbine_2,26,0.57121828549581,0.6833333333333332,-0.11211504783752324,0.01,11.94,-4.4,0.06704442191807092,1.0,True,open_meteo_previous_runs,72,2026-01-27T08:00:00+00:00,2025-12-31T18:00:00+00:00,672.0,2025-11-30T19:00:00+00:00,2025-12-31T19:00:00+00:00,0
2026-01-28T19:00:00+00:00,2026-01-29T21:00:00+00:00,turbine_2,27,0.5489325277986965,0.665,-0.11606747220130353,0.01,11.88,-4.5,0.04475866422095742,1.0,True,open_meteo_previous_runs,72,2026-01-27T09:00:00+00:00,2025-12-31T18:00:00+00:00,672.0,2025-11-30T19:00:00+00:00,2025-12-31T19:00:00+00:00,0
2026-01-28T19:00:00+00:00,2026-01-29T22:00:00+00:00,turbine_2,28,0.5687414286753872,0.5016666666666666,0.06707476200872065,0.01,12.45,-4.5,0.06456756509764816,1.0,True,open_meteo_previous_runs,72,2026-01-27T10:00:00+00:00,2025-12-31T18:00:00+00:00,672.0,2025-11-30T19:00:00+00:00,2025-12-31T19:00:00+00:00,0
2026-01-28T19:00:00+00:00,2026-01-29T23:00:00+00:00,turbine_2,29,0.551572877733307,0.4166666666666667,0.1349062110666403,0.01,12.81,-4.7,0.04739901415556791,1.0,True,open_meteo_previous_runs,72,2026-01-27T11:00:00+00:00,2025-12-31T18:00:00+00:00,672.0,2025-11-30T19:00:00+00:00,2025-12-31T19:00:00+00:00,0
2026-01-28T19:00:00+00:00,2026-01-30T00:00:00+00:00,turbine_2,30,0.6230584473469509,0.7599999999999999,-0.13694155265304897,0.01,13.24,-4.1,0.11888458376921185,1.0,True,open_meteo_previous_runs,72,2026-01-27T12:00:00+00:00,2025-12-31T18:00:00+00:00,672.0,2025-11-30T19:00:00+00:00,2025-12-31T19:00:00+00:00,0
2026-01-28T19:00:00+00:00,2026-01-30T01:00:00+00:00,turbine_2,31,0.5859185077030654,0.685,-0.09908149229693464,0.01,13.2,-4.3,0.08174464412532634,1.0,True,open_meteo_previous_runs,72,2026-01-27T13:00:00+00:00,2025-12-31T18:00:00+00:00,672.0,2025-11-30T19:00:00+00:00,2025-12-31T19:00:00+00:00,0
2026-01-28T19:00:00+00:00,2026-01-30T02:00:00+00:00,turbine_2,32,0.6135020875743546,0.495,0.11850208757435465,0.01,13.38,-4.5,0.10932822399661557,1.0,True,open_meteo_previous_runs,72,2026-01-27T14:00:00+00:00,2025-12-31T18:00:00+00:00,672.0,2025-11-30T19:00:00+00:00,2025-12-31T19:00:00+00:00,0
2026-01-28T19:00:00+00:00,2026-01-30T03:00:00+00:00,turbine_2,33,0.6465739082080093,0.5233333333333333,0.12324057487467599,0.01,14.2,-4.0,0.14240004463027023,1.0,True,open_meteo_previous_runs,72,2026-01-27T15:00:00+00:00,2025-12-31T18:00:00+00:00,672.0,2025-11-30T19:00:00+00:00,2025-12-31T19:00:00+00:00,0
2026-01-28T19:00:00+00:00,2026-01-30T04:00:00+00:00,turbine_2,34,0.7206035278984679,0.7983333333333333,-0.0777298054348654,0.01,15.43,-2.6,0.21642966432072885,1.0,True,open_meteo_previous_runs,72,2026-01-27T16:00:00+00:00,2025-12-31T18:00:00+00:00,672.0,2025-11-30T19:00:00+00:00,2025-12-31T19:00:00+00:00,0
2026-01-28T19:00:00+00:00,2026-01-30T05:00:00+00:00,turbine_2,35,0.7254581641909598,0.9466666666666668,-0.221208502475707,0.01,16.42,-0.7,0.22128430061322069,1.0,True,open_meteo_previous_runs,72,2026-01-27T17:00:00+00:00,2025-12-31T18:00:00+00:00,672.0,2025-11-30T19:00:00+00:00,2025-12-31T19:00:00+00:00,0
2026-01-28T19:00:00+00:00,2026-01-30T06:00:00+00:00,turbine_2,36,0.7350967555309488,0.9716666666666668,-0.23656991113571801,0.01,15.92,1.0,0.2309228919532097,1.0,True,open_meteo_previous_runs,72,2026-01-27T18:00:00+00:00,2025-12-31T18:00:00+00:00,672.0,2025-11-30T19:00:00+00:00,2025-12-31T19:00:00+00:00,0
2026-01-28T19:00:00+00:00,2026-01-30T07:00:00+00:00,turbine_2,37,0.7350967555309488,0.9766666666666666,-0.2415699111357178,0.01,16.06,2.0,0.2309228919532097,1.0,True,open_meteo_previous_runs,72,2026-01-27T19:00:00+00:00,2025-12-31T18:00:00+00:00,672.0,2025-11-30T19:00:00+00:00,2025-12-31T19:00:00+00:00,0
2026-01-28T19:00:00+00:00,2026-01-30T08:00:00+00:00,turbine_2,38,0.7508214350745616,0.985,-0.23417856492543843,0.01,15.73,2.4,0.24664757149682248,1.0,True,open_meteo_previous_runs,72,2026-01-27T20:00:00+00:00,2025-12-31T18:00:00+00:00,672.0,2025-11-30T19:00:00+00:00,2025-12-31T19:00:00+00:00,0
2026-01-28T19:00:00+00:00,2026-01-30T09:00:00+00:00,turbine_2,39,0.7566025107251004,0.9733333333333332,-0.21673082260823273,0.01,15.15,2.7,0.25242864714736135,1.0,True,open_meteo_previous_runs,72,2026-01-27T21:00:00+00:00,2025-12-31T18:00:00+00:00,672.0,2025-11-30T19:00:00+00:00,2025-12-31T19:00:00+00:00,0
2026-01-28T19:00:00+00:00,2026-01-30T10:00:00+00:00,turbine_2,40,0.7010104858156075,0.9666666666666668,-0.26565618085105924,0.01,14.67,2.1,0.19683662223786846,1.0,True,open_meteo_previous_runs,72,2026-01-27T22:00:00+00:00,2025-12-31T18:00:00+00:00,672.0,2025-11-30T19:00:00+00:00,2025-12-31T19:00:00+00:00,0
2026-01-28T19:00:00+00:00,2026-01-30T11:00:00+00:00,turbine_2,41,0.6654680063124484,0.9683333333333332,-0.30286532702088476,0.01,13.33,1.1,0.16129414273470932,1.0,True,open_meteo_previous_runs,72,2026-01-27T23:00:00+00:00,2025-12-31T18:00:00+00:00,672.0,2025-11-30T19:00:00+00:00,2025-12-31T19:00:00+00:00,0
2026-01-28T19:00:00+00:00,2026-01-30T12:00:00+00:00,turbine_2,42,0.7240672884022706,0.985,-0.26093271159772935,0.01,14.45,-0.6,0.21989342482453156,1.0,True,open_meteo_previous_runs,72,2026-01-28T00:00:00+00:00,2025-12-31T18:00:00+00:00,672.0,2025-11-30T19:00:00+00:00,2025-12-31T19:00:00+00:00,0
2026-01-28T19:00:00+00:00,2026-01-30T13:00:00+00:00,turbine_2,43,0.7208197510846985,0.7883333333333334,-0.0675135822486349,0.01,14.4,-1.0,0.21664588750695946,1.0,True,open_meteo_previous_runs,72,2026-01-28T01:00:00+00:00,2025-12-31T18:00:00+00:00,672.0,2025-11-30T19:00:00+00:00,2025-12-31T19:00:00+00:00,0
2026-01-28T19:00:00+00:00,2026-01-30T14:00:00+00:00,turbine_2,44,0.730951997295552,0.82,-0.0890480027044479,0.01,14.09,-1.4,0.22677813371781297,1.0,True,open_meteo_previous_runs,72,2026-01-28T02:00:00+00:00,2025-12-31T18:00:00+00:00,672.0,2025-11-30T19:00:00+00:00,2025-12-31T19:00:00+00:00,0
2026-01-28T19:00:00+00:00,2026-01-30T15:00:00+00:00,turbine_2,45,0.7015959872701614,0.6033333333333334,0.09826265393682798,0.01,13.25,-1.5,0.1974221236924223,1.0,True,open_meteo_previous_runs,72,2026-01-28T03:00:00+00:00,2025-12-31T18:00:00+00:00,672.0,2025-11-30T19:00:00+00:00,2025-12-31T19:00:00+00:00,0
2026-01-28T19:00:00+00:00,2026-01-30T16:00:00+00:00,turbine_2,46,0.6316377961265356,0.5783333333333333,0.053304462793202334,0.01,12.94,-1.6,0.1274639325487965,1.0,True,open_meteo_previous_runs,72,2026-01-28T04:00:00+00:00,2025-12-31T18:00:00+00:00,672.0,2025-11-30T19:00:00+00:00,2025-12-31T19:00:00+00:00,0
2026-01-28T19:00:00+00:00,2026-01-30T17:00:00+00:00,turbine_2,47,0.6164172942372466,0.2633333333333333,0.35308396090391325,0.01,12.59,-1.6,0.11224343065950748,1.0,True,open_meteo_previous_runs,72,2026-01-28T05:00:00+00:00,2025-12-31T18:00:00+00:00,672.0,2025-11-30T19:00:00+00:00,2025-12-31T19:00:00+00:00,0
2026-01-28T19:00:00+00:00,2026-01-30T18:00:00+00:00,turbine_2,48,0.5912139404602222,0.145,0.4462139404602222,0.01,12.02,-1.9,0.08704007688248316,1.0,True,open_meteo_previous_runs,72,2026-01-28T06:00:00+00:00,2025-12-31T18:00:00+00:00,672.0,2025-11-30T19:00:00+00:00,2025-12-31T19:00:00+00:00,0
2026-01-29T19:00:00+00:00,2026-01-29T19:00:00+00:00,turbine_2,1,0.5046800291586302,0.8383333333333334,-0.3336533041747032,0.01,11.7,-4.4,0.0,1.0,True,open_meteo_previous_runs,72,2026-01-27T07:00:00+00:00,2025-12-31T18:00:00+00:00,696.0,2025-11-30T19:00:00+00:00,2025-12-31T19:00:00+00:00,0
2026-01-29T19:00:00+00:00,2026-01-29T20:00:00+00:00,turbine_2,2,0.5813379315139091,0.6833333333333332,-0.10199540181942413,0.01,11.94,-4.4,0.05529767160699961,1.0,True,open_meteo_previous_runs,72,2026-01-27T08:00:00+00:00,2025-12-31T18:00:00+00:00,696.0,2025-11-30T19:00:00+00:00,2025-12-31T19:00:00+00:00,0
2026-01-29T19:00:00+00:00,2026-01-29T21:00:00+00:00,turbine_2,3,0.5589421442178741,0.665,-0.1060578557821259,0.01,11.88,-4.5,0.032901884310964635,1.0,True,open_meteo_previous_runs,72,2026-01-27T09:00:00+00:00,2025-12-31T18:00:00+00:00,696.0,2025-11-30T19:00:00+00:00,2025-12-31T19:00:00+00:00,0
2026-01-29T19:00:00+00:00,2026-01-29T22:00:00+00:00,turbine_2,4,0.5787510450945649,0.5016666666666666,0.07708437842789828,0.01,12.45,-4.5,0.05271078518765537,1.0,True,open_meteo_previous_runs,72,2026-01-27T10:00:00+00:00,2025-12-31T18:00:00+00:00,696.0,2025-11-30T19:00:00+00:00,2025-12-31T19:00:00+00:00,0
2026-01-29T19:00:00+00:00,2026-01-29T23:00:00+00:00,turbine_2,5,0.5574978677384372,0.4166666666666667,0.14083120107177055,0.01,12.81,-4.7,0.031457607831527734,1.0,True,open_meteo_previous_runs,72,2026-01-27T11:00:00+00:00,2025-12-31T18:00:00+00:00,696.0,2025-11-30T19:00:00+00:00,2025-12-31T19:00:00+00:00,0
2026-01-29T19:00:00+00:00,2026-01-30T00:00:00+00:00,turbine_2,6,0.6289834373520812,0.7599999999999999,-0.13101656264791872,0.01,13.24,-4.1,0.10294317744517167,1.0,True,open_meteo_previous_runs,72,2026-01-27T12:00:00+00:00,2025-12-31T18:00:00+00:00,696.0,2025-11-30T19:00:00+00:00,2025-12-31T19:00:00+00:00,0
2026-01-29T19:00:00+00:00,2026-01-30T01:00:00+00:00,turbine_2,7,0.5917832611373833,0.685,-0.09321673886261672,0.01,13.2,-4.3,0.06574300123047383,1.0,True,open_meteo_previous_runs,72,2026-01-27T13:00:00+00:00,2025-12-31T18:00:00+00:00,696.0,2025-11-30T19:00:00+00:00,2025-12-31T19:00:00+00:00,0
2026-01-29T19:00:00+00:00,2026-01-30T02:00:00+00:00,turbine_2,8,0.6196412809940395,0.495,0.12464128099403948,0.01,13.38,-4.5,0.09360102108712998,1.0,True,open_meteo_previous_runs,72,2026-01-27T14:00:00+00:00,2025-12-31T18:00:00+00:00,696.0,2025-11-30T19:00:00+00:00,2025-12-31T19:00:00+00:00,0
2026-01-29T19:00:00+00:00,2026-01-30T03:00:00+00:00,turbine_2,9,0.6533865225326216,0.5233333333333333,0.13005318919928832,0.01,14.2,-4.0,0.12734626262571214,1.0,True,open_meteo_previous_runs,72,2026-01-27T15:00:00+00:00,2025-12-31T18:00:00+00:00,696.0,2025-11-30T19:00:00+00:00,2025-12-31T19:00:00+00:00,0
2026-01-29T19:00:00+00:00,2026-01-30T04:00:00+00:00,turbine_2,10,0.7206035278984679,0.7983333333333333,-0.0777298054348654,0.01,15.43,-2.6,0.19456326799155843,1.0,True,open_meteo_previous_runs,72,2026-01-27T16:00:00+00:00,2025-12-31T18:00:00+00:00,696.0,2025-11-30T19:00:00+00:00,2025-12-31T19:00:00+00:00,0
2026-01-29T19:00:00+00:00,2026-01-30T05:00:00+00:00,turbine_2,11,0.7254581641909598,0.9466666666666668,-0.221208502475707,0.01,16.42,-0.7,0.19941790428405026,1.0,True,open_meteo_previous_runs,72,2026-01-27T17:00:00+00:00,2025-12-31T18:00:00+00:00,696.0,2025-11-30T19:00:00+00:00,2025-12-31T19:00:00+00:00,0
2026-01-29T19:00:00+00:00,2026-01-30T06:00:00+00:00,turbine_2,12,0.7350967555309488,0.9716666666666668,-0.23656991113571801,0.01,15.92,1.0,0.20905649562403927,1.0,True,open_meteo_previous_runs,72,2026-01-27T18:00:00+00:00,2025-12-31T18:00:00+00:00,696.0,2025-11-30T19:00:00+00:00,2025-12-31T19:00:00+00:00,0
2026-01-29T19:00:00+00:00,2026-01-30T07:00:00+00:00,turbine_2,13,0.7350967555309488,0.9766666666666666,-0.2415699111357178,0.01,16.06,2.0,0.20905649562403927,1.0,True,open_meteo_previous_runs,72,2026-01-27T19:00:00+00:00,2025-12-31T18:00:00+00:00,696.0,2025-11-30T19:00:00+00:00,2025-12-31T19:00:00+00:00,0
2026-01-29T19:00:00+00:00,2026-01-30T08:00:00+00:00,turbine_2,14,0.7508214350745616,0.985,-0.23417856492543843,0.01,15.73,2.4,0.22478117516765206,1.0,True,open_meteo_previous_runs,72,2026-01-27T20:00:00+00:00,2025-12-31T18:00:00+00:00,696.0,2025-11-30T19:00:00+00:00,2025-12-31T19:00:00+00:00,0
2026-01-29T19:00:00+00:00,2026-01-30T09:00:00+00:00,turbine_2,15,0.7566025107251004,0.9733333333333332,-0.21673082260823273,0.01,15.15,2.7,0.23056225081819093,1.0,True,open_meteo_previous_runs,72,2026-01-27T21:00:00+00:00,2025-12-31T18:00:00+00:00,696.0,2025-11-30T19:00:00+00:00,2025-12-31T19:00:00+00:00,0
2026-01-29T19:00:00+00:00,2026-01-30T10:00:00+00:00,turbine_2,16,0.7010104858156075,0.9666666666666668,-0.26565618085105924,0.01,14.67,2.1,0.17497022590869804,1.0,True,open_meteo_previous_runs,72,2026-01-27T22:00:00+00:00,2025-12-31T18:00:00+00:00,696.0,2025-11-30T19:00:00+00:00,2025-12-31T19:00:00+00:00,0
2026-01-29T19:00:00+00:00,2026-01-30T11:00:00+00:00,turbine_2,17,0.6654680063124484,0.9683333333333332,-0.30286532702088476,0.01,13.33,1.1,0.1394277464055389,1.0,True,open_meteo_previous_runs,72,2026-01-27T23:00:00+00:00,2025-12-31T18:00:00+00:00,696.0,2025-11-30T19:00:00+00:00,2025-12-31T19:00:00+00:00,0
2026-01-29T19:00:00+00:00,2026-01-30T12:00:00+00:00,turbine_2,18,0.7240672884022706,0.985,-0.26093271159772935,0.01,14.45,-0.6,0.19802702849536113,1.0,True,open_meteo_previous_runs,72,2026-01-28T00:00:00+00:00,2025-12-31T18:00:00+00:00,696.0,2025-11-30T19:00:00+00:00,2025-12-31T19:00:00+00:00,0
2026-01-29T19:00:00+00:00,2026-01-30T13:00:00+00:00,turbine_2,19,0.7208197510846985,0.7883333333333334,-0.0675135822486349,0.01,14.4,-1.0,0.19477949117778903,1.0,True,open_meteo_previous_runs,72,2026-01-28T01:00:00+00:00,2025-12-31T18:00:00+00:00,696.0,2025-11-30T19:00:00+00:00,2025-12-31T19:00:00+00:00,0
2026-01-29T19:00:00+00:00,2026-01-30T14:00:00+00:00,turbine_2,20,0.730951997295552,0.82,-0.0890480027044479,0.01,14.09,-1.4,0.20491173738864255,1.0,True,open_meteo_previous_runs,72,2026-01-28T02:00:00+00:00,2025-12-31T18:00:00+00:00,696.0,2025-11-30T19:00:00+00:00,2025-12-31T19:00:00+00:00,0
2026-01-29T19:00:00+00:00,2026-01-30T15:00:00+00:00,turbine_2,21,0.7015959872701614,0.6033333333333334,0.09826265393682798,0.01,13.25,-1.5,0.17555572736325187,1.0,True,open_meteo_previous_runs,72,2026-01-28T03:00:00+00:00,2025-12-31T18:00:00+00:00,696.0,2025-11-30T19:00:00+00:00,2025-12-31T19:00:00+00:00,0
2026-01-29T19:00:00+00:00,2026-01-30T16:00:00+00:00,turbine_2,22,0.6316377961265356,0.5783333333333333,0.053304462793202334,0.01,12.94,-1.6,0.10559753621962609,1.0,True,open_meteo_previous_runs,72,2026-01-28T04:00:00+00:00,2025-12-31T18:00:00+00:00,696.0,2025-11-30T19:00:00+00:00,2025-12-31T19:00:00+00:00,0
2026-01-29T19:00:00+00:00,2026-01-30T17:00:00+00:00,turbine_2,23,0.6164172942372466,0.2633333333333333,0.35308396090391325,0.01,12.59,-1.6,0.09037703433033706,1.0,True,open_meteo_previous_runs,72,2026-01-28T05:00:00+00:00,2025-12-31T18:00:00+00:00,696.0,2025-11-30T19:00:00+00:00,2025-12-31T19:00:00+00:00,0
2026-01-29T19:00:00+00:00,2026-01-30T18:00:00+00:00,turbine_2,24,0.5912139404602222,0.145,0.4462139404602222,0.01,12.02,-1.9,0.06517368055331274,1.0,True,open_meteo_previous_runs,72,2026-01-28T06:00:00+00:00,2025-12-31T18:00:00+00:00,696.0,2025-11-30T19:00:00+00:00,2025-12-31T19:00:00+00:00,0
2026-01-29T19:00:00+00:00,2026-01-30T19:00:00+00:00,turbine_2,25,0.5600174355573093,0.1533333333333333,0.406684102223976,0.01,12.11,-1.8,0.05584357197957024,1.0,True,open_meteo_previous_runs,72,2026-01-28T07:00:00+00:00,2025-12-31T18:00:00+00:00,696.0,2025-11-30T19:00:00+00:00,2025-12-31T19:00:00+00:00,0
2026-01-29T19:00:00+00:00,2026-01-30T20:00:00+00:00,turbine_2,26,0.5600174355573093,0.1166666666666666,0.44335076889064273,0.01,12.14,-1.9,0.05584357197957024,1.0,True,open_meteo_previous_runs,72,2026-01-28T08:00:00+00:00,2025-12-31T18:00:00+00:00,696.0,2025-11-30T19:00:00+00:00,2025-12-31T19:00:00+00:00,0
2026-01-29T19:00:00+00:00,2026-01-30T21:00:00+00:00,turbine_2,27,0.6137302743066331,0.16,0.45373027430663304,0.01,13.0,-2.0,0.109556410728894,1.0,True,open_meteo_previous_runs,72,2026-01-28T09:00:00+00:00,2025-12-31T18:00:00+00:00,696.0,2025-11-30T19:00:00+00:00,2025-12-31T19:00:00+00:00,0
2026-01-29T19:00:00+00:00,2026-01-30T22:00:00+00:00,turbine_2,28,0.6442527863381187,0.1216666666666666,0.5225861196714521,0.01,13.52,-2.1,0.1400789227603796,1.0,True,open_meteo_previous_runs,72,2026-01-28T10:00:00+00:00,2025-12-31T18:00:00+00:00,696.0,2025-11-30T19:00:00+00:00,2025-12-31T19:00:00+00:00,0
2026-01-29T19:00:00+00:00,2026-01-30T23:00:00+00:00,turbine_2,29,0.6270842353960384,0.0716666666666666,0.5554175687293719,0.01,13.66,-2.6,0.12291037181829934,1.0,True,open_meteo_previous_runs,72,2026-01-28T11:00:00+00:00,2025-12-31T18:00:00+00:00,696.0,2025-11-30T19:00:00+00:00,2025-12-31T19:00:00+00:00,0
2026-01-29T19:00:00+00:00,2026-01-31T00:00:00+00:00,turbine_2,30,0.6118575974084502,0.1066666666666666,0.5051909307417837,0.01,13.34,-2.7,0.10768373383071117,1.0,True,open_meteo_previous_runs,72,2026-01-28T12:00:00+00:00,2025-12-31T18:00:00+00:00,696.0,2025-11-30T19:00:00+00:00,2025-12-31T19:00:00+00:00,0
2026-01-29T19:00:00+00:00,2026-01-31T01:00:00+00:00,turbine_2,31,0.6052401697960503,0.1033333333333333,0.501906836462717,0.01,13.51,-2.7,0.10106630621831125,1.0,True,open_meteo_previous_runs,72,2026-01-28T13:00:00+00:00,2025-12-31T18:00:00+00:00,696.0,2025-11-30T19:00:00+00:00,2025-12-31T19:00:00+00:00,0
2026-01-29T19:00:00+00:00,2026-01-31T02:00:00+00:00,turbine_2,32,0.602301237635854,0.4716666666666667,0.1306345709691873,0.01,13.28,-3.1,0.09812737405811489,1.0,True,open_meteo_previous_runs,72,2026-01-28T14:00:00+00:00,2025-12-31T18:00:00+00:00,696.0,2025-11-30T19:00:00+00:00,2025-12-31T19:00:00+00:00,0
2026-01-29T19:00:00+00:00,2026-01-31T03:00:00+00:00,turbine_2,33,0.5885485237631021,0.48,0.10854852376310209,0.01,13.52,-3.1,0.08437466018536299,1.0,True,open_meteo_previous_runs,72,2026-01-28T15:00:00+00:00,2025-12-31T18:00:00+00:00,696.0,2025-11-30T19:00:00+00:00,2025-12-31T19:00:00+00:00,0
2026-01-29T19:00:00+00:00,2026-01-31T04:00:00+00:00,turbine_2,34,0.6078272681632088,0.6583333333333333,-0.05050606517012457,0.01,13.37,-1.7,0.10365340458546968,1.0,True,open_meteo_previous_runs,72,2026-01-28T16:00:00+00:00,2025-12-31T18:00:00+00:00,696.0,2025-11-30T19:00:00+00:00,2025-12-31T19:00:00+00:00,0
2026-01-29T19:00:00+00:00,2026-01-31T05:00:00+00:00,turbine_2,35,0.6702331299357198,0.9383333333333334,-0.26810020339761353,0.01,14.19,0.2,0.16605926635798074,1.0,True,open_meteo_previous_runs,72,2026-01-28T17:00:00+00:00,2025-12-31T18:00:00+00:00,696.0,2025-11-30T19:00:00+00:00,2025-12-31T19:00:00+00:00,0
2026-01-29T19:00:00+00:00,2026-01-31T06:00:00+00:00,turbine_2,36,0.6791534580566595,0.9766666666666666,-0.2975132086100071,0.01,14.46,1.1,0.17497959447892042,1.0,True,open_meteo_previous_runs,72,2026-01-28T18:00:00+00:00,2025-12-31T18:00:00+00:00,696.0,2025-11-30T19:00:00+00:00,2025-12-31T19:00:00+00:00,0
2026-01-29T19:00:00+00:00,2026-01-31T07:00:00+00:00,turbine_2,37,0.6791534580566595,0.9683333333333332,-0.28917987527667366,0.01,14.51,2.3,0.17497959447892042,1.0,True,open_meteo_previous_runs,72,2026-01-28T19:00:00+00:00,2025-12-31T18:00:00+00:00,696.0,2025-11-30T19:00:00+00:00,2025-12-31T19:00:00+00:00,0
2026-01-29T19:00:00+00:00,2026-01-31T08:00:00+00:00,turbine_2,38,0.6948781376002723,0.9766666666666666,-0.2817885290663943,0.01,13.8,2.9,0.1907042740225332,1.0,True,open_meteo_previous_runs,72,2026-01-28T20:00:00+00:00,2025-12-31T18:00:00+00:00,696.0,2025-11-30T19:00:00+00:00,2025-12-31T19:00:00+00:00,0
2026-01-29T19:00:00+00:00,2026-01-31T09:00:00+00:00,turbine_2,39,0.6695794700876678,0.8933333333333332,-0.22375386324566537,0.01,13.39,3.1,0.16540560650992875,1.0,True,open_meteo_previous_runs,72,2026-01-28T21:00:00+00:00,2025-12-31T18:00:00+00:00,696.0,2025-11-30T19:00:00+00:00,2025-12-31T19:00:00+00:00,0
2026-01-29T19:00:00+00:00,2026-01-31T10:00:00+00:00,turbine_2,40,0.583469022421058,0.9,-0.316530977578942,0.01,12.28,2.6,0.07929515884331895,1.0,True,open_meteo_previous_runs,72,2026-01-28T22:00:00+00:00,2025-12-31T18:00:00+00:00,696.0,2025-11-30T19:00:00+00:00,2025-12-31T19:00:00+00:00,0
2026-01-29T19:00:00+00:00,2026-01-31T11:00:00+00:00,turbine_2,41,0.5058498968067349,0.94,-0.4341501031932651,0.01,11.36,1.4,0.001676033228995788,1.0,True,open_meteo_previous_runs,72,2026-01-28T23:00:00+00:00,2025-12-31T18:00:00+00:00,696.0,2025-11-30T19:00:00+00:00,2025-12-31T19:00:00+00:00,0
2026-01-29T19:00:00+00:00,2026-01-31T12:00:00+00:00,turbine_2,42,0.35646841536825835,0.8566666666666666,-0.5001982512984082,0.01,9.8,-0.0,0.0,0.8606422789459974,True,open_meteo_previous_runs,72,2026-01-29T00:00:00+00:00,2025-12-31T18:00:00+00:00,696.0,2025-11-30T19:00:00+00:00,2025-12-31T19:00:00+00:00,0
2026-01-29T19:00:00+00:00,2026-01-31T13:00:00+00:00,turbine_2,43,0.30752347878361197,0.8250000000000001,-0.5174765212163881,0.01,9.44,-0.9,0.0,0.811697342361351,True,open_meteo_previous_runs,72,2026-01-29T01:00:00+00:00,2025-12-31T18:00:00+00:00,696.0,2025-11-30T19:00:00+00:00,2025-12-31T19:00:00+00:00,0
2026-01-29T19:00:00+00:00,2026-01-31T14:00:00+00:00,turbine_2,44,0.2110108627004641,0.8833333333333333,-0.6723224706328692,0.01,8.19,-1.0,0.0,0.7151847262782032,True,open_meteo_previous_runs,72,2026-01-29T02:00:00+00:00,2025-12-31T18:00:00+00:00,696.0,2025-11-30T19:00:00+00:00,2025-12-31T19:00:00+00:00,0
2026-01-29T19:00:00+00:00,2026-01-31T15:00:00+00:00,turbine_2,45,0.19832959293108415,0.3516666666666666,-0.15333707373558247,0.01,6.93,-1.1,0.0,0.7025034565088233,True,open_meteo_previous_runs,72,2026-01-29T03:00:00+00:00,2025-12-31T18:00:00+00:00,696.0,2025-11-30T19:00:00+00:00,2025-12-31T19:00:00+00:00,0
2026-01-29T19:00:00+00:00,2026-01-31T16:00:00+00:00,turbine_2,46,0.22230577114342973,0.0266666666666666,0.19563910447676314,0.01,5.41,-1.2,0.0,0.7264796347211688,True,open_meteo_previous_runs,72,2026-01-29T04:00:00+00:00,2025-12-31T18:00:00+00:00,696.0,2025-11-30T19:00:00+00:00,2025-12-31T19:00:00+00:00,0
2026-01-29T19:00:00+00:00,2026-01-31T17:00:00+00:00,turbine_2,47,0.1842911989223653,0.02,0.16429119892236532,0.01,3.54,-1.4,0.0,0.6884650625001044,True,open_meteo_previous_runs,72,2026-01-29T05:00:00+00:00,2025-12-31T18:00:00+00:00,696.0,2025-11-30T19:00:00+00:00,2025-12-31T19:00:00+00:00,0
2026-01-29T19:00:00+00:00,2026-01-31T18:00:00+00:00,turbine_2,48,0.19607884541906637,0.1999999999999999,-0.0039211545809335335,0.01,5.96,-0.3,0.0,0.7002527089968055,True,open_meteo_previous_runs,72,2026-01-29T06:00:00+00:00,2025-12-31T18:00:00+00:00,696.0,2025-11-30T19:00:00+00:00,2025-12-31T19:00:00+00:00,0
2026-01-30T19:00:00+00:00,2026-01-30T19:00:00+00:00,turbine_2,1,0.5701370815754084,0.1533333333333333,0.4168037482420751,0.01,12.11,-1.8,0.04409682166849893,1.0,True,open_meteo_previous_runs,72,2026-01-28T07:00:00+00:00,2025-12-31T18:00:00+00:00,720.0,2025-11-30T19:00:00+00:00,2025-12-31T19:00:00+00:00,0
2026-01-30T19:00:00+00:00,2026-01-30T20:00:00+00:00,turbine_2,2,0.5701370815754084,0.1166666666666666,0.45347041490874185,0.01,12.14,-1.9,0.04409682166849893,1.0,True,open_meteo_previous_runs,72,2026-01-28T08:00:00+00:00,2025-12-31T18:00:00+00:00,720.0,2025-11-30T19:00:00+00:00,2025-12-31T19:00:00+00:00,0
2026-01-30T19:00:00+00:00,2026-01-30T21:00:00+00:00,turbine_2,3,0.6237398907258107,0.16,0.4637398907258107,0.01,13.0,-2.0,0.0976996308189012,1.0,True,open_meteo_previous_runs,72,2026-01-28T09:00:00+00:00,2025-12-31T18:00:00+00:00,720.0,2025-11-30T19:00:00+00:00,2025-12-31T19:00:00+00:00,0
2026-01-30T19:00:00+00:00,2026-01-30T22:00:00+00:00,turbine_2,4,0.6542624027572963,0.1216666666666666,0.5325957360906297,0.01,13.52,-2.1,0.1282221428503868,1.0,True,open_meteo_previous_runs,72,2026-01-28T10:00:00+00:00,2025-12-31T18:00:00+00:00,720.0,2025-11-30T19:00:00+00:00,2025-12-31T19:00:00+00:00,0
2026-01-30T19:00:00+00:00,2026-01-30T23:00:00+00:00,turbine_2,5,0.6330092254011687,0.0716666666666666,0.561342558734502,0.01,13.66,-2.6,0.10696896549425916,1.0,True,open_meteo_previous_runs,72,2026-01-28T11:00:00+00:00,2025-12-31T18:00:00+00:00,720.0,2025-11-30T19:00:00+00:00,2025-12-31T19:00:00+00:00,0
2026-01-30T19:00:00+00:00,2026-01-31T00:00:00+00:00,turbine_2,6,0.6177825874135805,0.1066666666666666,0.5111159207469139,0.01,13.34,-2.7,0.091742327506671,1.0,True,open_meteo_previous_runs,72,2026-01-28T12:00:00+00:00,2025-12-31T18:00:00+00:00,720.0,2025-11-30T19:00:00+00:00,2025-12-31T19:00:00+00:00,0
2026-01-30T19:00:00+00:00,2026-01-31T01:00:00+00:00,turbine_2,7,0.6111049232303682,0.1033333333333333,0.507771589897035,0.01,13.51,-2.7,0.08506466332345874,1.0,True,open_meteo_previous_runs,72,2026-01-28T13:00:00+00:00,2025-12-31T18:00:00+00:00,720.0,2025-11-30T19:00:00+00:00,2025-12-31T19:00:00+00:00,0
2026-01-30T19:00:00+00:00,2026-01-31T02:00:00+00:00,turbine_2,8,0.6084404310555388,0.4716666666666667,0.13677376438887212,0.01,13.28,-3.1,0.0824001711486293,1.0,True,open_meteo_previous_runs,72,2026-01-28T14:00:00+00:00,2025-12-31T18:00:00+00:00,720.0,2025-11-30T19:00:00+00:00,2025-12-31T19:00:00+00:00,0
2026-01-30T19:00:00+00:00,2026-01-31T03:00:00+00:00,turbine_2,9,0.5953611380877144,0.48,0.11536113808771442,0.01,13.52,-3.1,0.0693208781808049,1.0,True,open_meteo_previous_runs,72,2026-01-28T15:00:00+00:00,2025-12-31T18:00:00+00:00,720.0,2025-11-30T19:00:00+00:00,2025-12-31T19:00:00+00:00,0
2026-01-30T19:00:00+00:00,2026-01-31T04:00:00+00:00,turbine_2,10,0.6078272681632088,0.6583333333333333,-0.05050606517012457,0.01,13.37,-1.7,0.08178700825629925,1.0,True,open_meteo_previous_runs,72,2026-01-28T16:00:00+00:00,2025-12-31T18:00:00+00:00,720.0,2025-11-30T19:00:00+00:00,2025-12-31T19:00:00+00:00,0
2026-01-30T19:00:00+00:00,2026-01-31T05:00:00+00:00,turbine_2,11,0.6702331299357198,0.9383333333333334,-0.26810020339761353,0.01,14.19,0.2,0.14419287002881032,1.0,True,open_meteo_previous_runs,72,2026-01-28T17:00:00+00:00,2025-12-31T18:00:00+00:00,720.0,2025-11-30T19:00:00+00:00,2025-12-31T19:00:00+00:00,0
2026-01-30T19:00:00+00:00,2026-01-31T06:00:00+00:00,turbine_2,12,0.6791534580566595,0.9766666666666666,-0.2975132086100071,0.01,14.46,1.1,0.15311319814975,1.0,True,open_meteo_previous_runs,72,2026-01-28T18:00:00+00:00,2025-12-31T18:00:00+00:00,720.0,2025-11-30T19:00:00+00:00,2025-12-31T19:00:00+00:00,0
2026-01-30T19:00:00+00:00,2026-01-31T07:00:00+00:00,turbine_2,13,0.6791534580566595,0.9683333333333332,-0.28917987527667366,0.01,14.51,2.3,0.15311319814975,1.0,True,open_meteo_previous_runs,72,2026-01-28T19:00:00+00:00,2025-12-31T18:00:00+00:00,720.0,2025-11-30T19:00:00+00:00,2025-12-31T19:00:00+00:00,0
2026-01-30T19:00:00+00:00,2026-01-31T08:00:00+00:00,turbine_2,14,0.6948781376002723,0.9766666666666666,-0.2817885290663943,0.01,13.8,2.9,0.16883787769336278,1.0,True,open_meteo_previous_runs,72,2026-01-28T20:00:00+00:00,2025-12-31T18:00:00+00:00,720.0,2025-11-30T19:00:00+00:00,2025-12-31T19:00:00+00:00,0
2026-01-30T19:00:00+00:00,2026-01-31T09:00:00+00:00,turbine_2,15,0.6695794700876678,0.8933333333333332,-0.22375386324566537,0.01,13.39,3.1,0.14353921018075833,1.0,True,open_meteo_previous_runs,72,2026-01-28T21:00:00+00:00,2025-12-31T18:00:00+00:00,720.0,2025-11-30T19:00:00+00:00,2025-12-31T19:00:00+00:00,0
2026-01-30T19:00:00+00:00,2026-01-31T10:00:00+00:00,turbine_2,16,0.583469022421058,0.9,-0.316530977578942,0.01,12.28,2.6,0.057428762514148524,1.0,True,open_meteo_previous_runs,72,2026-01-28T22:00:00+00:00,2025-12-31T18:00:00+00:00,720.0,2025-11-30T19:00:00+00:00,2025-12-31T19:00:00+00:00,0
2026-01-30T19:00:00+00:00,2026-01-31T11:00:00+00:00,turbine_2,17,0.5058498968067349,0.94,-0.4341501031932651,0.01,11.36,1.4,0.0,1.0,True,open_meteo_previous_runs,72,2026-01-28T23:00:00+00:00,2025-12-31T18:00:00+00:00,720.0,2025-11-30T19:00:00+00:00,2025-12-31T19:00:00+00:00,0
2026-01-30T19:00:00+00:00,2026-01-31T12:00:00+00:00,turbine_2,18,0.35646841536825835,0.8566666666666666,-0.5001982512984082,0.01,9.8,-0.0,0.0,0.8825086752751679,True,open_meteo_previous_runs,72,2026-01-29T00:00:00+00:00,2025-12-31T18:00:00+00:00,720.0,2025-11-30T19:00:00+00:00,2025-12-31T19:00:00+00:00,0
2026-01-30T19:00:00+00:00,2026-01-31T13:00:00+00:00,turbine_2,19,0.30752347878361197,0.8250000000000001,-0.5174765212163881,0.01,9.44,-0.9,0.0,0.8335637386905215,True,open_meteo_previous_runs,72,2026-01-29T01:00:00+00:00,2025-12-31T18:00:00+00:00,720.0,2025-11-30T19:00:00+00:00,2025-12-31T19:00:00+00:00,0
2026-01-30T19:00:00+00:00,2026-01-31T14:00:00+00:00,turbine_2,20,0.2110108627004641,0.8833333333333333,-0.6723224706328692,0.01,8.19,-1.0,0.0,0.7370511226073736,True,open_meteo_previous_runs,72,2026-01-29T02:00:00+00:00,2025-12-31T18:00:00+00:00,720.0,2025-11-30T19:00:00+00:00,2025-12-31T19:00:00+00:00,0
2026-01-30T19:00:00+00:00,2026-01-31T15:00:00+00:00,turbine_2,21,0.19832959293108415,0.3516666666666666,-0.15333707373558247,0.01,6.93,-1.1,0.0,0.7243698528379936,True,open_meteo_previous_runs,72,2026-01-29T03:00:00+00:00,2025-12-31T18:00:00+00:00,720.0,2025-11-30T19:00:00+00:00,2025-12-31T19:00:00+00:00,0
2026-01-30T19:00:00+00:00,2026-01-31T16:00:00+00:00,turbine_2,22,0.22230577114342973,0.0266666666666666,0.19563910447676314,0.01,5.41,-1.2,0.0,0.7483460310503393,True,open_meteo_previous_runs,72,2026-01-29T04:00:00+00:00,2025-12-31T18:00:00+00:00,720.0,2025-11-30T19:00:00+00:00,2025-12-31T19:00:00+00:00,0
2026-01-30T19:00:00+00:00,2026-01-31T17:00:00+00:00,turbine_2,23,0.1842911989223653,0.02,0.16429119892236532,0.01,3.54,-1.4,0.0,0.7103314588292748,True,open_meteo_previous_runs,72,2026-01-29T05:00:00+00:00,2025-12-31T18:00:00+00:00,720.0,2025-11-30T19:00:00+00:00,2025-12-31T19:00:00+00:00,0
2026-01-30T19:00:00+00:00,2026-01-31T18:00:00+00:00,turbine_2,24,0.19607884541906637,0.1999999999999999,-0.0039211545809335335,0.01,5.96,-0.3,0.0,0.7221191053259759,True,open_meteo_previous_runs,72,2026-01-29T06:00:00+00:00,2025-12-31T18:00:00+00:00,720.0,2025-11-30T19:00:00+00:00,2025-12-31T19:00:00+00:00,0
2026-01-30T19:00:00+00:00,2026-01-31T19:00:00+00:00,turbine_2,25,0.19677259319667215,,,0.01,5.02,-0.4,0.0,0.7009464567744113,False,open_meteo_previous_runs,72,2026-01-29T07:00:00+00:00,2025-12-31T18:00:00+00:00,720.0,2025-11-30T19:00:00+00:00,2025-12-31T19:00:00+00:00,0
2026-01-30T19:00:00+00:00,2026-01-31T20:00:00+00:00,turbine_2,26,0.197688225193532,,,0.01,4.57,-1.6,0.0,0.7018620887712711,False,open_meteo_previous_runs,72,2026-01-29T08:00:00+00:00,2025-12-31T18:00:00+00:00,720.0,2025-11-30T19:00:00+00:00,2025-12-31T19:00:00+00:00,0
2026-01-30T19:00:00+00:00,2026-01-31T21:00:00+00:00,turbine_2,27,0.17634728920048728,,,0.01,4.39,-2.2,0.0,0.6805211527782263,False,open_meteo_previous_runs,72,2026-01-29T09:00:00+00:00,2025-12-31T18:00:00+00:00,720.0,2025-11-30T19:00:00+00:00,2025-12-31T19:00:00+00:00,0
2026-01-30T19:00:00+00:00,2026-01-31T22:00:00+00:00,turbine_2,28,0.17543165720362744,,,0.01,5.41,-2.1,0.0,0.6796055207813665,False,open_meteo_previous_runs,72,2026-01-29T10:00:00+00:00,2025-12-31T18:00:00+00:00,720.0,2025-11-30T19:00:00+00:00,2025-12-31T19:00:00+00:00,0
2026-01-30T19:00:00+00:00,2026-01-31T23:00:00+00:00,turbine_2,29,0.16353536454556541,,,0.01,5.98,-1.8,0.0,0.6677092281233045,False,open_meteo_previous_runs,72,2026-01-29T11:00:00+00:00,2025-12-31T18:00:00+00:00,720.0,2025-11-30T19:00:00+00:00,2025-12-31T19:00:00+00:00,0
2026-01-30T19:00:00+00:00,2026-02-01T00:00:00+00:00,turbine_2,30,0.24434674717327573,,,0.01,9.31,-3.1,0.0,0.7485206107510148,False,open_meteo_previous_runs,72,2026-01-29T12:00:00+00:00,2025-12-31T18:00:00+00:00,720.0,2025-11-30T19:00:00+00:00,2025-12-31T19:00:00+00:00,0
2026-01-30T19:00:00+00:00,2026-02-01T01:00:00+00:00,turbine_2,31,0.24893016949937652,,,0.01,9.43,-3.3,0.0,0.7531040330771156,False,open_meteo_previous_runs,72,2026-01-29T13:00:00+00:00,2025-12-31T18:00:00+00:00,720.0,2025-11-30T19:00:00+00:00,2025-12-31T19:00:00+00:00,0
2026-01-30T19:00:00+00:00,2026-02-01T02:00:00+00:00,turbine_2,32,0.28009761256694415,,,0.01,9.63,-3.2,0.0,0.7842714761446832,False,open_meteo_previous_runs,72,2026-01-29T14:00:00+00:00,2025-12-31T18:00:00+00:00,720.0,2025-11-30T19:00:00+00:00,2025-12-31T19:00:00+00:00,0
2026-01-30T19:00:00+00:00,2026-02-01T03:00:00+00:00,turbine_2,33,0.27593944031740836,,,0.01,9.91,-2.5,0.0,0.7801133038951474,False,open_meteo_previous_runs,72,2026-01-29T15:00:00+00:00,2025-12-31T18:00:00+00:00,720.0,2025-11-30T19:00:00+00:00,2025-12-31T19:00:00+00:00,0
2026-01-30T19:00:00+00:00,2026-02-01T04:00:00+00:00,turbine_2,34,0.308242893803722,,,0.01,9.98,-1.4,0.0,0.8124167573814611,False,open_meteo_previous_runs,72,2026-01-29T16:00:00+00:00,2025-12-31T18:00:00+00:00,720.0,2025-11-30T19:00:00+00:00,2025-12-31T19:00:00+00:00,0
2026-01-30T19:00:00+00:00,2026-02-01T05:00:00+00:00,turbine_2,35,0.34711051797196707,,,0.01,10.39,0.8,0.0,0.8512843815497062,False,open_meteo_previous_runs,72,2026-01-29T17:00:00+00:00,2025-12-31T18:00:00+00:00,720.0,2025-11-30T19:00:00+00:00,2025-12-31T19:00:00+00:00,0
2026-01-30T19:00:00+00:00,2026-02-01T06:00:00+00:00,turbine_2,36,0.47341750000432115,,,0.01,11.16,1.9,0.0,0.9775913635820602,False,open_meteo_previous_runs,72,2026-01-29T18:00:00+00:00,2025-12-31T18:00:00+00:00,720.0,2025-11-30T19:00:00+00:00,2025-12-31T19:00:00+00:00,0
2026-01-30T19:00:00+00:00,2026-02-01T07:00:00+00:00,turbine_2,37,0.5062156944985804,,,0.01,11.64,2.9,0.0020418309208413143,1.0,False,open_meteo_previous_runs,72,2026-01-29T19:00:00+00:00,2025-12-31T18:00:00+00:00,720.0,2025-11-30T19:00:00+00:00,2025-12-31T19:00:00+00:00,0
2026-01-30T19:00:00+00:00,2026-02-01T08:00:00+00:00,turbine_2,38,0.5652890013254889,,,0.01,11.72,3.5,0.06111513774774979,1.0,False,open_meteo_previous_runs,72,2026-01-29T20:00:00+00:00,2025-12-31T18:00:00+00:00,720.0,2025-11-30T19:00:00+00:00,2025-12-31T19:00:00+00:00,0
2026-01-30T19:00:00+00:00,2026-02-01T09:00:00+00:00,turbine_2,39,0.5687801301095997,,,0.01,11.45,3.6,0.06460626653186063,1.0,False,open_meteo_previous_runs,72,2026-01-29T21:00:00+00:00,2025-12-31T18:00:00+00:00,720.0,2025-11-30T19:00:00+00:00,2025-12-31T19:00:00+00:00,0
2026-01-30T19:00:00+00:00,2026-02-01T10:00:00+00:00,turbine_2,40,0.5235274455917762,,,0.01,11.4,3.1,0.01935358201403714,1.0,False,open_meteo_previous_runs,72,2026-01-29T22:00:00+00:00,2025-12-31T18:00:00+00:00,720.0,2025-11-30T19:00:00+00:00,2025-12-31T19:00:00+00:00,0
2026-01-30T19:00:00+00:00,2026-02-01T11:00:00+00:00,turbine_2,41,0.5155108696653159,,,0.01,10.82,1.6,0.011337006087576817,1.0,False,open_meteo_previous_runs,72,2026-01-29T23:00:00+00:00,2025-12-31T18:00:00+00:00,720.0,2025-11-30T19:00:00+00:00,2025-12-31T19:00:00+00:00,0
2026-01-30T19:00:00+00:00,2026-02-01T12:00:00+00:00,turbine_2,42,0.4167548375493597,,,0.01,10.51,0.0,0.0,0.9209287011270988,False,open_meteo_previous_runs,72,2026-01-30T00:00:00+00:00,2025-12-31T18:00:00+00:00,720.0,2025-11-30T19:00:00+00:00,2025-12-31T19:00:00+00:00,0
2026-01-30T19:00:00+00:00,2026-02-01T13:00:00+00:00,turbine_2,43,0.4052620610308011,,,0.01,9.97,-0.4,0.0,0.9094359246085402,False,open_meteo_previous_runs,72,2026-01-30T01:00:00+00:00,2025-12-31T18:00:00+00:00,720.0,2025-11-30T19:00:00+00:00,2025-12-31T19:00:00+00:00,0
2026-01-30T19:00:00+00:00,2026-02-01T14:00:00+00:00,turbine_2,44,0.3789988749223463,,,0.01,9.75,-0.5,0.0,0.8831727385000854,False,open_meteo_previous_runs,72,2026-01-30T02:00:00+00:00,2025-12-31T18:00:00+00:00,720.0,2025-11-30T19:00:00+00:00,2025-12-31T19:00:00+00:00,0
2026-01-30T19:00:00+00:00,2026-02-01T15:00:00+00:00,turbine_2,45,0.3789988749223463,,,0.01,9.71,-0.5,0.0,0.8831727385000854,False,open_meteo_previous_runs,72,2026-01-30T03:00:00+00:00,2025-12-31T18:00:00+00:00,720.0,2025-11-30T19:00:00+00:00,2025-12-31T19:00:00+00:00,0
2026-01-30T19:00:00+00:00,2026-02-01T16:00:00+00:00,turbine_2,46,0.3776208239985861,,,0.01,9.75,-0.5,0.0,0.8817946875763252,False,open_meteo_previous_runs,72,2026-01-30T04:00:00+00:00,2025-12-31T18:00:00+00:00,720.0,2025-11-30T19:00:00+00:00,2025-12-31T19:00:00+00:00,0
2026-01-30T19:00:00+00:00,2026-02-01T17:00:00+00:00,turbine_2,47,0.4031887899626437,,,0.01,10.24,-0.6,0.0,0.9073626535403827,False,open_meteo_previous_runs,72,2026-01-30T05:00:00+00:00,2025-12-31T18:00:00+00:00,720.0,2025-11-30T19:00:00+00:00,2025-12-31T19:00:00+00:00,0
2026-01-30T19:00:00+00:00,2026-02-01T18:00:00+00:00,turbine_2,48,0.4981880389944997,,,0.01,10.55,-0.8,0.0,1.0,False,open_meteo_previous_runs,72,2026-01-30T06:00:00+00:00,2025-12-31T18:00:00+00:00,720.0,2025-11-30T19:00:00+00:00,2025-12-31T19:00:00+00:00,0
